name,email,city,age,joined_date
"Daphne Bins",monte.purdy@example.org,Darianamouth,20,2000-12-26
"Macy Gaylord III",xnicolas@example.net,Alanachester,33,2018-02-26
"Mrs. Amalia Cummerata",brakus.chanelle@example.net,Corineland,83,1973-10-11
"Prof. Kirk Russel MD",buster.konopelski@example.com,Juniorville,28,1987-11-27
"Mrs. Stella Mills I",emiliano08@example.com,"Port Laverne",50,1973-05-14
"Euna Durgan",mattie.homenick@example.org,"West Jordane",81,1997-03-21
"Ben Aufderhar",morris25@example.net,Durwardside,33,1979-12-12
"Norris Gerlach",jdenesik@example.org,"South Aaronchester",38,1998-10-21
"Mr. Chadrick Ernser",simonis.cordell@example.net,"East Marvin",82,2003-11-10
"Eliseo Lueilwitz",cassin.sven@example.com,"North Mohammedchester",38,1995-07-02
"Violet O'Conner",johann.pfeffer@example.net,Shanahanside,73,1974-07-13
"Chauncey Stanton",hansen.guido@example.com,"West Antoinette",41,1992-11-29
"Rosa McDermott",osinski.kaycee@example.com,Gaylordport,30,1978-12-17
"Coty Brown",olangosh@example.com,"New Alvina",49,1973-07-25
"Flo Rau",elmore06@example.org,"Port Michealfort",76,1981-04-28
"Charley Hermiston I",mwunsch@example.com,Goldnerville,38,1994-10-27
"Miss Dora Prohaska",finn.fadel@example.net,Guidochester,53,1979-11-05
"Miss Wendy Spencer MD",lacy.dooley@example.net,Weberbury,34,1993-01-09
"Zachary Haag Sr.",rwolf@example.org,"East Brendan",76,2017-02-03
"Mr. Camden Emmerich",giovanni04@example.net,Ednastad,76,1977-08-29
"Enrique Goldner",zdooley@example.com,"New Belle",79,2011-07-13
"Jena Yost",fabian18@example.com,Toymouth,49,2004-03-06
"Kaitlin Weissnat",shaina91@example.com,Wintheiserport,30,2023-04-30
"Rogers Swaniawski",grogahn@example.org,"West Bethel",61,1989-11-26
"Ursula Lueilwitz",jordyn.grant@example.com,Schultzfurt,56,1991-10-28
"Katheryn Cronin V",augusta97@example.org,"North Ismael",58,1982-09-20
"Edgar Runolfsson",towne.lucious@example.com,Minnieberg,71,1994-11-15
"Dexter Quigley",emmerich.noemy@example.net,Josianneshire,77,2005-09-01
"Micah Aufderhar",adolfo.trantow@example.net,Denismouth,71,1977-08-12
"Aaron Feest",alisha.gerhold@example.org,Starkborough,53,2016-10-21
"Carlotta Gibson",kamryn.king@example.com,Phoebeberg,42,1976-12-11
"Brenden Labadie",emilio03@example.org,"Lake Alainaside",42,1990-08-31
"Alexandro Torphy",mmcdermott@example.com,"New Zeldafort",41,2022-11-27
"Alana Swaniawski",sconroy@example.com,Trinityshire,69,2019-11-06
"Mr. Hans Leffler",leopold.armstrong@example.org,Braunchester,85,1998-03-04
"Mrs. Cayla Marks",derek.welch@example.org,"Lake Chadrick",22,1971-03-26
"Nigel Gaylord Jr.",kuhic.estell@example.org,Katherynberg,66,2005-01-17
"Gabrielle Abernathy",cjaskolski@example.org,Nikolausfurt,28,1978-02-01
"Roy Gulgowski",lcrist@example.com,"Port Berry",59,2003-04-12
"Leone Torphy",khackett@example.com,Nikkobury,65,1982-01-12
"Rex Kessler",sarai.rolfson@example.com,Goyettemouth,39,2009-05-10
"Hassan Bashirian",mwintheiser@example.org,Monserrateland,64,2001-07-30
"Dell Leuschke",dibbert.terence@example.org,"New Lonnie",33,2023-06-18
"Rosalind Simonis",liliane.steuber@example.com,"West Alexander",36,1979-07-14
"Prof. Deven Koelpin IV",otho.okuneva@example.net,Emeliahaven,66,2010-06-17
"Anne Becker",xroberts@example.com,"New Chauncey",34,1992-01-28
"Pansy Gerhold",devonte.schroeder@example.com,"East Martyburgh",39,2005-07-01
"Dr. Keara Block",eugene.okeefe@example.org,Lorenastad,49,1983-06-18
"Amina Medhurst",winona51@example.org,"Port Evansville",36,1985-10-11
"Dr. Hulda Nikolaus PhD",price56@example.com,Aprilhaven,26,2003-10-11
"Katheryn King",mharber@example.net,"Port Hellen",58,2009-01-11
"Shayna Tremblay Jr.",lulu41@example.net,"New Otha",57,2018-06-30
"Manuela Kertzmann",jevon.mann@example.org,"East Stephanie",59,1984-12-03
"Prof. Miguel King DDS",funk.krystel@example.com,"South Jacinthefort",30,1995-07-25
"Cary Kling",alford90@example.net,"Lake Brielle",41,1973-11-02
"Agustina Metz",harvey.ernest@example.com,Turcottemouth,36,2010-10-24
"Dax Harvey",mervin.gutkowski@example.net,Lexishire,56,1993-03-12
"Terrence Murray",qbergnaum@example.org,Turcotteside,81,1998-06-26
"Bonita Pacocha",ferne.bogan@example.com,"East Elizabethport",64,2000-05-28
"Keira Lesch",emelia.lockman@example.com,Uptonfurt,85,1999-07-31
"Clint Swift",qabbott@example.org,McGlynnborough,50,1998-03-17
"Sofia Frami",kautzer.jeromy@example.org,Metzmouth,76,2010-04-13
"Deborah Kuhn",ddenesik@example.org,Wymanton,62,1992-07-16
"Kristopher Jaskolski",anderson.misty@example.org,Handburgh,40,1974-12-13
"Dr. Chanelle Murazik III",denis57@example.net,"East Helga",75,2021-12-03
"Jaqueline Johnson",marielle40@example.net,Candacebury,74,1979-09-13
"Tierra Willms",runte.conrad@example.net,"South Jakob",61,2002-07-13
"Hazle Schultz Jr.",ykassulke@example.org,"East Vickie",85,2007-08-10
"Carolina Klocko",batz.ahmed@example.com,Cristton,55,2013-04-29
"Ms. Lavonne Hand",abelardo84@example.net,Crookston,79,1977-09-19
"Clementine Hand I",bmurphy@example.com,"New Jane",18,2018-11-17
"Jalen King",francisco.grant@example.com,Ozellashire,80,1982-12-13
"Deonte Anderson DDS",herta.nikolaus@example.com,Jerrellbury,32,2008-09-09
"Mr. Florencio Towne MD",dwatsica@example.org,"East Amiyaview",43,1992-08-07
"Jeremy Metz",roman.heller@example.com,"South Douglas",63,2018-12-04
"Sammy Russel",moore.delphia@example.com,"South Arvidmouth",73,1992-07-17
"Susan Cartwright II",zemlak.elody@example.net,Kihnville,29,1979-06-01
"Dr. Lorenza Ondricka",shaniya86@example.net,Alyshaville,69,1970-10-06
"Rosa Jakubowski",stacey82@example.com,"North Quinten",23,2002-01-19
"Clint Rogahn",lesch.pedro@example.org,"North Durwardside",68,1994-12-27
"Jarrell Jaskolski",kunde.cortney@example.net,"West Daron",32,2016-01-06
"Mrs. Damaris Denesik PhD",auer.hazel@example.net,Kenyattaberg,24,1996-11-04
"Johnathan Gottlieb",mcdermott.guido@example.com,"New Brooklyn",80,2019-01-20
"Kaley Ankunding",wkessler@example.com,"North Petraside",28,1990-07-11
"Kay Hills",uvolkman@example.com,"North Federicoburgh",83,1975-01-23
"Conrad Satterfield V",mwilliamson@example.org,"West Jimmy",84,2008-04-26
"Andreane Homenick",nigel33@example.com,Zenaburgh,72,2011-01-28
"Mr. Herminio Marks",wilfrid.hammes@example.net,"North Dixiestad",56,2014-09-15
"Ebba Goodwin",towne.rick@example.com,Raymundostad,48,1972-06-26
"Nigel Hagenes V",vschimmel@example.org,Daughertyland,26,1996-01-03
"Litzy Marks",ckihn@example.com,"East Lydia",19,2010-11-19
"Nora Herman",hosea27@example.org,"Lake Alberto",24,2005-12-17
"Abdul Legros",tremaine.kemmer@example.net,"New Delilah",38,2018-12-25
"Ralph Wehner",dortiz@example.com,Krystelport,75,2015-04-26
"Regan Stanton",pfeffer.tessie@example.net,"East Korbin",56,1974-05-12
"Chester Gislason",lubowitz.nico@example.com,Trantowside,64,2004-03-24
"Nyasia Medhurst",tremblay.cheyenne@example.net,Jonasbury,38,1987-08-13
"Maximus Dickinson",ebauch@example.org,Orlandotown,46,1999-10-26
"Shannon Little DVM",mozelle.kovacek@example.net,Koeppberg,32,1981-07-13
"Earnestine Hayes MD",ryundt@example.org,"Lake Brucechester",63,1979-05-09
"Dr. Moriah Schulist",nola.rosenbaum@example.org,"East Drewshire",59,1996-10-23
"Ethel Mante",oran.bahringer@example.org,"Port Shannonfurt",40,1972-11-06
"Herta Feest",myrtie.schultz@example.net,Pourosberg,27,1998-11-11
"Otilia Spencer",ldickinson@example.com,Gottliebstad,56,1988-07-11
"Jarrett Walker",carrie89@example.com,"East Sallieville",65,2012-07-23
"Eldridge Emard",kwill@example.net,"New Joshua",39,1985-09-13
"Nathanial VonRueden",lruecker@example.org,"East Rebeca",54,1979-04-29
"Friedrich Halvorson",theodore87@example.net,Reynahaven,47,2001-01-30
"Prof. Pat Frami DVM",ullrich.damaris@example.net,"South Dereckborough",77,1974-10-11
"Cristian Franecki",amalia02@example.com,"New Bryce",56,1999-04-23
"Robb Yundt",ahartmann@example.com,"Lake Sammieton",62,2008-02-21
"Keshaun Williamson",eswaniawski@example.com,"Lake Hailee",28,2013-03-04
"Leonard Fay",hettinger.simeon@example.com,Yundthaven,33,1985-06-19
"Soledad Connelly",tatum28@example.net,Rodriguezborough,38,1973-05-21
"Rupert Waters",xkovacek@example.net,Mosciskibury,55,2021-06-17
"Jude Bartoletti",nasir.lindgren@example.org,Sisterfurt,51,2000-11-23
"Tara Stamm Sr.",pmills@example.net,"North Olgaside",72,2024-06-09
"Sabrina Wilderman",angelica.stehr@example.com,"East Kenyattaborough",67,1998-01-18
"Henderson Leuschke",grimes.terrence@example.org,Ramonfort,56,1989-03-21
"Prof. Oswald Cronin",iokeefe@example.com,"New Ladariusbury",62,2007-11-15
"Leo Larson",hpowlowski@example.org,Boehmhaven,53,1983-10-12
"Ms. Julia Bradtke V",hettinger.marcella@example.org,Lubowitzshire,25,1981-08-30
"Thea Marquardt",america12@example.com,"East Janae",32,2000-04-16
"Haven King",vnicolas@example.org,Jasminbury,78,1987-10-03
"Dr. Jamel Connelly",wbeer@example.org,Coreneview,38,1979-02-09
"Elena Stoltenberg",raynor.ernesto@example.org,Jaquanside,18,2013-04-01
"Emie Reilly",rquigley@example.com,Leilanitown,19,2016-07-21
"Dr. Domenick Littel",bennett01@example.net,Erdmanville,55,1971-07-05
"Dr. Maude Smith Sr.",mwuckert@example.org,Starkhaven,46,2001-10-30
"Bo Keeling",bernhard.patricia@example.org,"West Daron",40,1980-01-07
"Prof. Ted Nicolas",rashawn35@example.org,"South Herminamouth",40,2001-03-07
"Luciano Farrell",nickolas.jakubowski@example.org,Dominiqueville,25,1971-04-13
"Morgan Sauer PhD",domenic58@example.com,Gunnerbury,26,2008-03-25
"Alessandra Baumbach",ywiza@example.net,"Lake Ashly",85,1992-09-26
"Daphnee Yundt",corkery.judy@example.net,Elinorefurt,36,1991-07-02
"Dr. Domenick Muller",shields.francisco@example.net,Elisebury,57,1985-07-20
"Hollis Wisoky",sosinski@example.org,Hackettchester,75,2024-03-20
"Jessica Ledner",gerhard.weissnat@example.com,"West Damien",39,2000-12-14
"Tillman Zulauf",laurel.feeney@example.net,Jarredchester,48,1987-04-27
"Dr. Jacques Bogan",sydnie90@example.net,"North Troybury",77,2000-10-15
"Ruthe Nienow",ludwig49@example.net,"Lake Giannishire",25,1989-01-24
"Glen Predovic",stracke.halie@example.org,"Port Rebecca",31,1978-07-08
"Neva Parisian",norris21@example.org,"East Shaylee",44,1978-03-13
"Tremaine Tillman",hauck.rebekah@example.org,Zenaborough,58,2007-05-01
"Aubree Wilderman",claudine.boehm@example.com,Angelineside,32,2013-03-13
"Adelia Kemmer",anienow@example.com,"Lake Rosellatown",20,2001-11-30
"Herminio Ryan",keyshawn.tromp@example.org,"Lake Dallas",74,2003-10-27
"Prof. Vito Durgan MD",kaylie90@example.com,Greenfelderstad,21,1983-03-25
"Orval Russel",lavina27@example.com,"New Emily",46,2022-05-26
"Miss Delores Rohan",lorenza49@example.net,"West Madelineton",50,2021-12-02
"Shane Muller I",pjast@example.org,Cleoburgh,53,2013-09-25
"Rashad Bogan",wkirlin@example.net,"West Mariellehaven",23,1999-01-03
"Destiny O'Reilly",walker.chanelle@example.net,Prestonview,46,1986-11-21
"Prof. Manley Roberts",kylee.goldner@example.com,"West Eric",80,1974-11-08
"Shaylee Cartwright",velva.hettinger@example.com,Bednarside,61,1992-11-06
"Celestino Abshire",edouglas@example.org,Willmsland,72,1971-12-12
"Dr. Roxane Rolfson",kulas.daisha@example.net,Crystalborough,80,2020-06-08
"Mr. Ike Reilly DDS",shanna30@example.com,Cotyfort,62,1980-12-09
"Miss Aubrey Kulas Sr.",runolfsson.macie@example.com,Trantowberg,72,1985-12-24
"Fiona Miller",marielle44@example.com,Broderickland,66,1976-06-02
"Prof. Cielo Stamm",ldavis@example.net,"East Jamirshire",62,2000-07-30
"Wilson Prohaska",delaney.tillman@example.net,Croninland,82,1994-07-23
"Pansy Huels",oconner.tatum@example.com,"Lake Luzview",65,2005-01-17
"Tamara Johns",kilback.zakary@example.net,"New Kaceymouth",23,2019-10-11
"Rahul Nitzsche",eve.grady@example.com,Connellyburgh,44,2005-08-05
"Leola Schiller",marquise88@example.com,"Lake Amanda",72,1998-07-06
"Mr. Triston Feeney",kassulke.alessia@example.org,Blickport,62,1990-05-13
"Collin Pacocha",jaron.blick@example.net,"Port Arlenebury",44,2011-10-01
"Theodore Bosco",rowan.wehner@example.org,"North Benedictton",71,1979-04-18
"Mr. Mohammad Renner",xtromp@example.com,Shealand,19,1989-12-01
"Mr. Kennith Schmeler",marks.bradford@example.net,Ceasarview,66,1974-10-29
"Elena Goodwin",berge.madie@example.org,"New Marcos",31,1997-06-10
"Whitney Keeling",wellington67@example.net,"South Valerieton",84,2008-01-06
"King Effertz IV",candace28@example.org,Skilesberg,67,1984-05-06
"Benjamin Crooks",giovani09@example.org,Ransombury,39,2006-10-27
"Mrs. Alisa Hauck V",dimitri74@example.net,Moenport,44,1982-04-11
"Demarcus Harris III",schiller.julio@example.com,"West Edytheton",51,1978-11-12
"Ms. Jazlyn Daniel",reyna.wisozk@example.com,"West Domingoside",18,2024-01-23
"Chadd Kerluke IV",zakary.stokes@example.net,Carterfort,46,2023-04-18
"Jace Prosacco",waelchi.myrtle@example.net,"Lake Murielton",34,1975-08-03
"Kariane Rosenbaum",gfeeney@example.net,"East Lynn",21,1971-04-22
"Alva Orn",moore.kaylee@example.com,Flatleyside,20,2008-01-27
"Gerry Reinger",quitzon.kian@example.net,"Lake Tony",54,2020-08-21
"Prof. Else Larkin",runolfsdottir.blake@example.net,Lynnburgh,62,1983-07-28
"Freida Tromp",jaskolski.marshall@example.com,Hillsberg,34,2002-06-23
"Miss Kelli Tromp",fleta93@example.com,Farrellview,48,2009-01-16
"Mr. Jesus Treutel",briana15@example.net,Lianaburgh,76,1974-04-23
"Prof. Stephanie Konopelski II",clemmie07@example.net,Kesslermouth,37,1971-01-07
"Monty Crona Sr.",bailey.loy@example.com,"Port Kiera",30,1992-06-20
"Maverick Strosin",jay.schiller@example.com,"Port Joanny",80,1982-06-13
"Prof. Hattie Conn MD",gottlieb.velva@example.org,D'Amoreberg,28,1971-01-20
"Cassidy Bruen MD",rprohaska@example.com,"West Brooksmouth",29,2014-02-28
"Dr. Antonio Fritsch DDS",dasia.schowalter@example.net,Ricestad,31,1971-05-19
"Prof. Pamela Stroman",vwisozk@example.com,Rickborough,63,2019-09-03
"Bo Howell MD",mustafa.roberts@example.net,"South Hannaview",59,1984-02-10
"Wava Buckridge",zemlak.lavinia@example.com,Mannfurt,25,1989-03-17
"Asa West",rafael.denesik@example.com,Janickmouth,79,1980-10-19
"Jacinto Goyette",erin82@example.com,Felicityborough,44,1986-11-06
"Elijah Keebler Jr.",salvador.rolfson@example.org,"South Estevan",18,1984-09-25
"Marianne Kiehn",stanley.leuschke@example.net,O'Konview,35,1995-06-12
"Ewald Herman",halvorson.jodie@example.com,Stammton,80,2021-03-18
"Arch Greenholt",freeman.harris@example.com,Crooksfort,27,2010-03-24
"Cesar Ullrich",adams.forrest@example.com,"Port Lindsay",63,1980-06-09
"Claudine Bradtke",caitlyn.grant@example.org,Oberbrunnerchester,62,1990-10-05
"Jeramy Boehm MD",rboehm@example.com,"New Lacey",79,2018-07-18
"Ryley Jakubowski",vonrueden.florencio@example.net,"East Garett",61,2005-12-31
"Deangelo O'Kon",mia56@example.net,"North Esperanza",81,1986-08-24
"Justus Wiegand IV",jziemann@example.org,"Port Zoie",29,1994-12-10
"Leslie Schmitt",baumbach.angelina@example.org,Shermanfurt,67,2020-03-28
"Ava Effertz",cordell97@example.net,Adelineville,76,2023-01-12
"Dr. Leila Monahan",kyle.borer@example.com,Schimmeltown,54,1995-08-08
"Ophelia Eichmann",cordell.krajcik@example.com,"South Earlinefort",47,1989-08-17
"Dr. Vena Rutherford DVM",chauncey09@example.net,"West Micaelafurt",69,2017-04-22
"Yasmine Zboncak",pietro.beatty@example.org,Simonisshire,45,1996-03-11
"Carlie Kulas III",dewitt53@example.com,"North Marianside",69,1974-02-08
"Bernita Okuneva",gwalter@example.net,Marquisville,36,1998-02-10
"Layla Bruen Sr.",green.jaylan@example.com,"East Gerard",84,1975-11-21
"Helene Walter",soconnell@example.com,Boyleborough,67,1991-11-30
"Darron Marvin",archibald.ohara@example.com,"New Bennie",80,1997-05-03
"Alysha Lebsack",gleason.beulah@example.com,Rickeymouth,71,2012-06-25
"Omer Robel",kuvalis.anika@example.net,Gulgowskihaven,19,1985-05-02
"Albin Lynch",bertha.murazik@example.com,"West Jabarimouth",31,1978-01-18
"Thora Stehr",rachael.crist@example.com,Rosenbaumport,40,2005-10-25
"Prof. Braxton Robel",christiansen.madisyn@example.com,"West Tierra",54,1970-06-02
"Velva Rau Jr.",shad15@example.com,Harveyside,83,2023-06-15
"Lucio Cremin III",stanton.aurelio@example.org,"Port Odessahaven",49,2017-12-19
"Ken Kutch",angel.lemke@example.net,"North Rhiannashire",65,2015-12-17
"Colton Mohr III",della59@example.com,Candidoshire,67,2005-09-19
"Marcus Howe",beatrice.bins@example.com,"Port Mariela",83,2008-09-12
"Mavis Gerhold",wcremin@example.com,Mortonside,51,2001-10-13
"Theresia Kozey",ustrosin@example.com,"West Jacklyn",21,1973-09-13
"Dario Prosacco",eileen.brekke@example.net,Herminafort,54,2016-05-30
"Marianna Johnston",klindgren@example.org,"New Oraport",35,2015-08-26
"Dandre Spinka",elvera58@example.org,"South Casimerhaven",62,2011-08-16
"Doyle Thiel",marlee.kessler@example.com,"Lake Everettehaven",24,2019-05-28
"Dr. Diego Ratke",deckow.loyal@example.net,Avastad,78,2007-06-05
"Lesly Volkman III",carolanne.witting@example.com,"South Roslyn",53,2016-06-27
"Emmalee Cassin",welch.juwan@example.org,Schowalterton,29,1983-07-16
"Prof. Vidal Vandervort",timmothy.bechtelar@example.org,Kellyfurt,41,1976-06-12
"Trevor Bogisich",enrico40@example.com,Florencioberg,78,2016-06-24
"Ms. Brandi Denesik",jimmie25@example.net,"Lake Opalville",50,2023-03-06
"Cruz Deckow III",trantow.mohammad@example.net,Lisaberg,39,2011-06-22
"Alyson Leuschke",fraynor@example.net,Wilhelmshire,41,1984-09-10
"Carroll Schultz",cedrick10@example.net,"South Albertoshire",68,1991-02-05
"Isadore Waelchi",osenger@example.org,Kohlerberg,69,2023-01-23
"Cristina Bins DVM",marjory.kessler@example.org,"North Otto",60,1990-04-08
"Shyanne Murazik",harmon.rippin@example.org,"Port Lauriebury",77,1998-02-02
"Jayde Beahan",efritsch@example.net,"East Mac",22,2024-07-17
"Prof. Lysanne Osinski",sylvan.heaney@example.com,"North Maribel",33,2017-01-06
"Ethel Goodwin",aglae.feil@example.com,Jeradfurt,22,1973-10-30
"Elta Cole",zelma16@example.net,"South Halie",34,1989-05-02
"Rick Macejkovic",kwunsch@example.com,Mireillemouth,40,2011-08-17
"Quinn Trantow",aliza42@example.org,"North Murphy",53,1972-03-31
"Roma Hartmann",carter.hettie@example.com,Howetown,60,1982-12-22
"Franco Gorczany",price72@example.net,Bradtkeborough,44,2002-03-26
"Reymundo Gislason I",gutmann.anya@example.org,"Port Lindsaychester",58,1992-03-01
"Bryce Heaney",ywilliamson@example.com,Eribertobury,49,1993-04-09
"Bryon Rogahn Sr.",wankunding@example.net,"South Janiceland",70,1994-04-14
"Hailee Harber",geoffrey.ziemann@example.org,"North Zariaville",27,1989-09-22
"Micaela Collins",jordon68@example.net,"West Gabriellaberg",72,2012-03-24
"Miss Kathlyn Gutmann",aniya70@example.org,"New Clarabellefort",71,2000-04-20
"August Brown",greyson.runolfsdottir@example.org,"Port Kiana",42,2010-10-06
"Mrs. Marilyne Kiehn",rath.grace@example.org,Wuckertborough,84,2018-10-26
"Taryn Connelly",tracey.champlin@example.com,"Lake Matilda",40,2019-12-11
"Kiel Rau",hilda.mcglynn@example.com,Cassinport,50,1979-03-29
"Mrs. Anabel Bogisich PhD",payton.walker@example.org,Casperhaven,68,2005-05-27
"Jane Wilderman",jbatz@example.org,Mariellebury,70,1975-07-23
"Maynard Mann",romaguera.janae@example.org,Jacintoborough,50,2023-03-07
"Cyril Mueller",williamson.madisen@example.org,Tiaraland,19,2006-08-22
"Adelbert Weimann",vlehner@example.net,"East Avery",26,2006-01-26
"Elise Hermann",cary.mayert@example.com,Susanview,74,1995-11-18
"Dr. Monte Reinger",rick.jerde@example.com,Robertomouth,80,2006-07-30
"Juvenal Schroeder",konopelski.abdiel@example.net,"Port Marshall",46,2005-11-23
"Ms. Taya O'Keefe I",melba.klocko@example.net,Juliannehaven,26,2011-11-11
"Benny Christiansen",gardner.romaguera@example.com,Hymanburgh,28,1985-12-07
"Prof. Linda Kreiger",itzel.renner@example.com,"Port Nicklausmouth",32,2008-07-31
"Merritt Schulist",maryjane53@example.net,Satterfieldton,28,1984-11-02
"Prof. Beth Glover",jackeline.langworth@example.net,"North Tara",76,2003-05-18
"Greyson Metz MD",rosetta68@example.net,"Lake Brucechester",34,1973-09-18
"Mr. Clint Funk",corn@example.org,Orieburgh,36,1971-03-29
"Mrs. Heath Ankunding MD",rempel.alejandrin@example.net,Rosamondchester,33,1972-11-07
"Jack Bernhard DDS",hank.upton@example.net,"Lake Masonport",26,1986-05-01
"Nico Cole",rward@example.org,Filomenachester,42,2011-07-24
"Rogelio Schimmel",kayla71@example.org,"Lake London",18,1981-10-18
"Prof. Adrien Russel Sr.",filiberto.ryan@example.net,"North Dominic",54,1983-01-08
"Rachel Franecki I",estevan.baumbach@example.net,Ressieberg,51,1987-09-13
"Ms. Berenice Pollich",steve.ledner@example.org,Minastad,20,1988-12-09
"Dr. Robbie Harber",breana.fay@example.com,Barrettview,41,2017-04-16
"Alexa Cremin",raheem.mills@example.org,Cartwrightbury,44,1971-02-05
"Dr. Lenora Barton MD",rgoyette@example.net,"Port Elinore",75,1991-12-30
"Kariane Sauer",micheal77@example.com,Zettastad,57,2016-12-15
"Stevie Tremblay",efrain.kirlin@example.org,Gustavemouth,85,2022-01-12
"Valentine Wiza",gino35@example.com,"East Ansley",77,1997-03-04
"Rhett Reynolds",leonora.ullrich@example.net,"West Sherwoodport",24,1973-10-24
"Fermin Stiedemann Jr.",shirley37@example.com,Marvinfort,28,2001-02-12
"Barton Barton",vickie.gleichner@example.net,Dooleyberg,26,1980-01-31
"Mr. Myron Dickens Sr.",golden29@example.net,Lindchester,40,1982-10-06
"Juston Willms Sr.",oleta16@example.com,"East Rickystad",33,2007-01-27
"Elisha Cummings",alice.zemlak@example.net,Greenfelderton,55,2011-05-12
"Hassan Doyle Sr.",moises.conroy@example.net,"North Elenorberg",44,2020-03-12
"Emily Gibson",weissnat.joshuah@example.com,"South Shad",61,2005-10-27
"Sydni Mayer",camila71@example.com,"South Estellaland",38,1989-06-01
"Mohammad Thiel",spacocha@example.net,Alfredborough,78,1971-01-17
"Arthur Purdy",foconner@example.com,"Lake Carolynechester",44,1991-03-20
"Javier Kautzer",keyshawn.gulgowski@example.org,"New Kayley",22,1970-10-22
"Dave Muller",kihn.kristina@example.com,"North Yadira",66,2006-10-15
"Kali Herzog I",winston.ullrich@example.net,Nolanside,27,2009-05-17
"Chasity Bartell",green.jazlyn@example.com,Kiannaberg,32,1996-10-18
"Marie Botsford",roxane.goodwin@example.com,Rolfsonshire,28,2015-05-05
"Donavon Feeney",lavada.fisher@example.net,"South Casimershire",81,2014-03-27
"Freda Murray",deron.beier@example.net,Wuckertbury,75,2013-06-22
"Hans Buckridge II",deja.collier@example.net,Tristonland,69,1983-12-28
"Shakira Kutch",dietrich.alexandrine@example.com,Daphneymouth,31,1994-11-15
"Miss Adah Grimes",aniyah35@example.org,"East Pierre",18,1980-05-13
"Caesar Bailey",duane04@example.net,"East Kurtisbury",55,1980-11-01
"Asa Doyle",mills.leanna@example.com,"Lake Keara",22,1977-04-26
"Prof. Kavon Becker I",ukautzer@example.org,"South Alexanne",84,2008-06-25
"Dr. Sherwood Wiegand I",celestino32@example.net,Kleinville,37,1976-01-18
"Andreanne Schroeder",ekrajcik@example.com,McCulloughtown,59,1978-10-19
"Piper Blick",jaden76@example.net,"North Isomton",23,1994-06-15
"Miss Willie Lindgren V",bailey.lambert@example.org,Dickimouth,32,2006-07-17
"Dion Marks",zackery.hintz@example.net,"New Cleoton",39,1984-03-09
"Dr. Edmond Orn",dquitzon@example.org,Kenyattaview,83,2016-09-21
"Sibyl Haag",slakin@example.net,Yundttown,84,2020-02-26
"Terrell Romaguera DVM",khoppe@example.com,Gerardoland,25,1978-04-03
"Lelah Hirthe",ritchie.osbaldo@example.net,"New Myrtis",81,1999-04-27
"Prof. Ed Gerlach",jevon.ohara@example.org,"Lake Karlchester",21,1990-08-07
"Dr. Bianka Bailey",conroy.rubie@example.net,Hauckfort,53,2005-11-30
"Mr. Lesley Rippin",swift.maynard@example.net,Burleyfurt,41,2022-09-24
"Jensen Steuber PhD",kennedi33@example.net,"Lake Alexandro",37,2021-10-03
"Doug Hartmann",frederick81@example.com,Jewellland,72,1989-02-22
"Dr. Webster Daugherty",zmertz@example.com,"East Alessiahaven",59,1980-01-13
"Peter Ruecker",frolfson@example.com,"New Elbertside",25,1980-03-22
"Neal Crona Sr.",eda48@example.net,"Port Althea",39,2013-08-03
"Marian Tillman",cterry@example.net,Halvorsonview,33,2011-12-21
"Quinten Blanda",breitenberg.keegan@example.net,"East Ethaview",27,2024-07-27
"Murray Champlin",odach@example.com,"Lake Lilianaborough",67,1971-11-18
"Mrs. Dessie Fay",klocko.clarabelle@example.org,Hagenesstad,22,2015-02-20
"Tristin Block",maiya30@example.net,Effertzport,54,1977-02-10
"Prof. Ned Mraz",deborah.goyette@example.org,Rebamouth,44,2019-03-18
"Damian Mertz",nwuckert@example.com,Boscohaven,30,1992-10-04
"Prof. Selmer Tromp I",wwiza@example.net,"North Eltonfurt",55,1989-03-09
"Hardy Gusikowski",nyah58@example.com,Erikmouth,63,1990-02-21
"Jannie Pfeffer",awalsh@example.com,Guiseppeport,45,2000-09-24
"Dr. Lauren Macejkovic V",madisen15@example.net,Lucasport,63,1970-09-22
"Neal Hoeger V",vincenzo.kuhlman@example.net,Luisland,73,2021-09-24
"Dr. Sasha Yost",reggie.treutel@example.com,Buckridgeport,18,1987-04-26
"Prof. Kaden Schmitt IV",whand@example.com,"Lake Cicero",56,2020-03-18
"Colleen Hoeger",serenity.labadie@example.net,Schillermouth,20,2019-03-04
"Price Grady",swaniawski.earlene@example.com,Tillmanmouth,80,1974-06-22
"Leanne Grant",pkautzer@example.org,"North Devontemouth",79,1995-12-13
"Garrison Hintz",swift.moriah@example.com,Lesleytown,32,2001-01-01
"Dr. Savion Mertz",sylvan30@example.com,"North Buster",43,2001-07-28
"Diego Hermiston",williamson.ray@example.net,Ondrickaport,51,1988-01-09
"Elda Marks",hand.carol@example.net,Lednerfurt,69,2011-12-18
"Lexie Kilback",loy17@example.org,Fayhaven,76,1991-06-09
"Mr. Jovany Stehr III",chadrick94@example.org,"North Mazie",82,1992-03-30
"Uriah Collins",gwillms@example.com,"East Savanna",62,2003-12-12
"Dr. Kayla Thiel III",fadel.audra@example.net,Aidafurt,45,2011-07-20
"Dr. Trevion Ullrich",lmarquardt@example.com,"New Hillardburgh",52,2018-11-30
"Stephan Bins",conrad79@example.com,"New Mariah",59,2016-11-16
"Mrs. Velma Lang",bobbie21@example.net,Erdmanberg,84,2007-07-08
"Felix Considine",dlynch@example.net,Schulisttown,41,2014-10-07
"Otha Cole",curtis.schultz@example.org,Paucekchester,40,2020-06-19
"Jaydon Ondricka III",zkris@example.net,"Lake Janice",83,2020-10-02
"Alanis O'Keefe",kirk.watsica@example.com,Towneside,79,2001-06-29
"Elise Rogahn",francesco06@example.net,Wilkinsonchester,72,1988-01-17
"Kelsi Steuber",ernie00@example.org,"Lake Grover",81,2000-11-28
"Dr. Maci Cormier I",okuneva.ubaldo@example.com,Mableview,44,1972-03-16
"Dr. Archibald Borer MD",astrid.buckridge@example.net,Raynorville,57,1996-06-11
"Mr. Elton Veum V",mose31@example.com,"South Anais",57,1986-04-30
"Myriam Monahan",ratke.keely@example.org,"New Bryce",35,2004-10-09
"Coralie Erdman",tamia81@example.net,"West Heaven",51,2005-03-09
"Alisha Heidenreich",ufriesen@example.org,"Port Tiannamouth",26,2008-05-05
"Patsy Spencer",hwisoky@example.org,"West Eusebiochester",45,1982-05-23
"Frederic Crist V",bosco.allene@example.com,Mertieborough,38,1989-03-25
"Gabe Kessler MD",qmurray@example.net,Bettyfurt,45,2011-08-05
"Kassandra Purdy",bridgette49@example.net,"Port Lonfurt",84,1995-08-07
"Mr. Joshua Kuhn Sr.",kreiger.stephan@example.org,Walkerport,59,1973-10-12
"Loyce Powlowski PhD",gdickens@example.org,Elisemouth,82,2011-06-03
"Dr. Jarrell Mante DVM",chelsie.haley@example.com,"South Toni",61,2009-07-05
"Dr. Lonny Auer",marquise46@example.com,Muellerstad,74,2011-12-10
"Alize Krajcik V",vicente33@example.com,Chancestad,28,2016-01-16
"Dr. Dashawn Simonis II",unique83@example.com,"East Helen",63,2023-11-14
"Cole Blanda",stroman.hayden@example.net,Johnsonfort,81,1977-10-23
"Riley Kirlin",golda74@example.net,"South Arichester",67,1995-12-11
"Josie Schaden",runolfsson.orval@example.com,"South Kaileemouth",67,1991-09-14
"Odessa Mills",ruthe.abshire@example.com,"Lake Ida",34,1986-12-26
"Willow Metz",vpaucek@example.net,"New Jermey",41,1974-05-24
"Watson Jacobi",jermey23@example.org,"East Melliefort",52,1970-05-06
"Antwan Marquardt",pansy.purdy@example.net,Boehmmouth,33,1976-11-19
"Prof. Gabriel Morissette",royal.gutkowski@example.org,"North Easter",45,1977-08-27
"Prof. Lyda Smitham",franecki.fletcher@example.net,"North Gregory",33,2023-11-29
"Ms. Letha Treutel",hilpert.ramona@example.com,"West Kellen",29,1984-05-16
"Armando Bauch",qgusikowski@example.com,"East Priscillafurt",63,1991-01-24
"Estelle Konopelski",ikunde@example.com,Ankundingville,39,2019-02-24
"Alessandro Hermann",jhansen@example.org,Ryantown,44,2009-01-26
"Onie Leffler",xlegros@example.org,Demetriusborough,59,2019-11-29
"Benny Buckridge",kaylah10@example.net,Liamouth,70,2002-05-20
"Mr. Dejuan Tillman",juliet.zboncak@example.net,Nickchester,82,1998-08-02
"Marquis Quigley DDS",kory.buckridge@example.net,Kerlukechester,60,2012-10-27
"Miss Valentina Mann",chance76@example.com,"New Caseychester",38,1983-12-25
"Marilyne Ernser",samanta19@example.com,"West Forrestmouth",29,1998-03-07
"Mrs. Verla Ruecker DVM",nitzsche.callie@example.org,"Lake Jennings",64,2018-11-05
"Sofia Halvorson",freida.parisian@example.org,"West Yoshiko",63,1995-12-11
"Dorothea Reynolds",olen.conn@example.net,"New Twila",69,2011-07-21
"Amari Gibson",vboehm@example.net,Gerlachfort,30,2020-05-11
"Dr. Josefa Anderson II",luettgen.karlee@example.net,"South Randiside",74,2019-12-10
"Miss Anastasia Mraz II",eugene42@example.com,"New Tyshawn",51,2005-08-04
"Lolita Becker",fleta.pfannerstill@example.org,Murrayland,40,2014-04-17
"Coleman Rice PhD",ogislason@example.com,"New Magdalen",62,1973-10-03
"Ali Hessel",juliana86@example.net,Schusterville,41,2003-11-19
"Prof. Darian Wilkinson IV",bcasper@example.net,"South Bernadineburgh",21,1979-01-22
"Frederick Olson",adrain.robel@example.org,Tristianport,69,1975-05-23
"Manuel Bogan",yvette82@example.org,"South Tristinmouth",43,2020-04-03
"Miracle Beatty Sr.",bvolkman@example.com,"West Hans",54,2003-06-29
"Zoey West",brooklyn02@example.org,"East Wiley",29,2008-10-30
"Gayle Green",cary.hamill@example.net,Kuhicview,55,2020-03-05
"Lolita Heaney",candice58@example.net,Cletaside,29,1992-02-08
"Brisa Larkin",telly.hudson@example.com,"West Gladycestad",41,2006-12-01
"Cale Wisozk",zemlak.gwen@example.net,"North Arnoldo",57,2022-01-25
"Dr. Candido Upton PhD",thelma14@example.org,"Port Ramiro",38,1996-12-04
"Naomie Gorczany",edoyle@example.net,"East Giuseppeville",83,2020-01-31
"Buck Schneider",adouglas@example.org,Ronaldoborough,18,1992-09-02
"Ms. Ashly Veum",omarquardt@example.net,"Lake Bobbyside",21,1982-08-03
"Deon Beahan III",maud.johnson@example.net,"East Roslyn",23,1998-07-14
"Ms. Nya Quitzon MD",irving39@example.org,Turnerview,71,2021-05-31
"Tatum Kutch",nwaelchi@example.net,"North Elisha",43,1973-06-04
"Blaise Lockman",lfeest@example.net,Trudieview,38,1994-06-28
"Ophelia Schinner V",arlie28@example.org,"Lake Johathanberg",83,1985-01-20
"Joannie Lehner III",niko.hettinger@example.org,Bartolettitown,27,1985-05-23
"Caleigh Trantow II",francesco08@example.net,Janefort,85,1984-03-21
"Craig Lang",icie.heller@example.net,"West Joana",78,1982-02-03
"Damien Waters",lily.price@example.org,Paulineborough,77,2018-07-26
"Thomas Klocko I",verla75@example.com,"West Jennyfer",61,1977-07-30
"Mr. Karley Smith",vandervort.gunner@example.net,"South Lucianofort",60,2014-08-08
"Lyda Quitzon",cordie56@example.org,Schambergerfort,82,2012-11-01
"Celestine Johnson",crist.dixie@example.org,Rosaleemouth,56,2006-05-14
"Brittany Rowe DDS",cmurray@example.org,Kayleighfort,81,1995-01-25
"Dr. Conor Rippin IV",tillman.quinton@example.net,"Lake Lessie",55,1986-02-18
"Mr. Benedict Gusikowski Jr.",vaughn.collins@example.net,"East Destanybury",74,2021-05-30
"Julie Johnston",anissa.huels@example.org,"East Katelynbury",66,2017-03-27
"Dr. Russell Hahn",richie54@example.net,Ginomouth,55,1992-09-05
"Raymundo Schmitt",qeffertz@example.org,"New Alvertaside",20,1992-10-10
"Mr. Triston Stiedemann",nora85@example.com,Brekkemouth,36,2005-06-21
"Kirk Friesen",feeney.conner@example.net,"Port Edythemouth",29,1999-10-14
"Zackery Reilly",nikolas.connelly@example.com,"North Nyahstad",25,2016-01-31
"Miss Jadyn Zboncak",baumbach.georgiana@example.net,Laurettaport,61,1973-09-11
"Dr. Shayne Lind MD",zebert@example.net,"Lake Albin",77,1996-07-06
"Cruz Williamson",stephon27@example.org,"North Hugh",66,1984-07-03
"Zoe O'Hara",klakin@example.com,Boganberg,69,1973-03-16
"Karelle Bahringer",sonia.mccullough@example.net,"Port Eino",67,1974-05-22
"Lorine Becker",tillman96@example.net,"New Eliseomouth",82,1986-03-14
"Vern Bernier",kuhic.rhea@example.org,Josefinaland,54,2019-07-27
"Prof. Jacques Bruen Sr.",dorcas59@example.com,"East Delbertport",84,2016-06-06
"Nola D'Amore",claire42@example.org,"West Shakiraport",60,2008-05-07
"Kailee Runolfsdottir DDS",bogan.ruthe@example.com,"West Dixiefort",25,2000-09-24
"Reed Hackett",alberto.sipes@example.net,"West Lilianborough",53,1982-03-12
"Marquis Grimes IV",jaycee.walsh@example.com,"Port Loriton",33,2012-05-17
"Elisa Cassin",boyer.cristian@example.com,"Lake Fabiolaborough",24,2005-05-16
"Hobart Kemmer",jerald.mcglynn@example.org,Griffinview,75,1984-01-21
"Dr. Jayne Okuneva PhD",bokon@example.net,Mannshire,56,1981-02-16
"Nicholaus Champlin",zschroeder@example.net,"West Maximilianview",53,2018-03-14
"Jarrett Casper",celia50@example.com,"North Marcellusmouth",38,1979-12-09
"Tommie Emard Sr.",june.gutkowski@example.org,"East Norma",21,1998-07-10
"Francis Turner",dach.kelley@example.com,"West Kianville",55,2023-10-24
"Ms. Eunice Crona",yhermann@example.net,Flaviomouth,83,1979-11-28
"Alisha Hessel",deanna.nader@example.org,Patsyberg,32,1975-04-06
"Merritt Sporer",fmcclure@example.net,"Lake Danielaview",58,1985-06-28
"Prof. Devonte Cartwright",skyla80@example.net,"West Sibylberg",40,1993-05-12
"Tamia Ernser",bonnie09@example.org,Ortizland,70,1978-06-12
"Prof. Alec Lehner",queenie.haley@example.com,"Lake Janaemouth",50,1972-06-01
"Neoma Leannon",bartell.tracy@example.net,Jacobsonton,39,1972-01-12
"Dr. Kristofer Zulauf III",flavie.hilpert@example.org,Connmouth,83,1998-12-08
"Prof. Rebeka McKenzie",wisoky.sedrick@example.net,Candacefort,47,1983-02-02
"Mr. Joshua Botsford",writchie@example.org,Aliyamouth,19,1983-07-04
"Bonnie Kihn",sbogan@example.org,Raustad,62,1993-04-16
"Filomena Weimann",cartwright.hellen@example.net,"East Marianside",49,2018-05-12
"Mae Leffler",grant.saul@example.com,Penelopefort,57,2016-11-04
"Stone Schaefer",maia.bergnaum@example.com,"New Rosina",41,2008-06-23
"Prof. Rod Gaylord MD",ledner.tess@example.org,Eloiseborough,72,1982-06-28
"Neva Bailey",jaquan30@example.net,"East Desiree",78,1977-03-18
"Emanuel Shields",dmurphy@example.net,Ettiefurt,40,1979-04-20
"Curtis Hettinger",cristopher44@example.com,Pfannerstilltown,19,1986-08-05
"Dr. Kattie Lindgren",wilmer52@example.org,Roseland,71,1992-07-09
"Dr. Eryn Jakubowski",reinger.quincy@example.net,Felipafort,22,2008-07-25
"Jamarcus Larkin",hwalter@example.net,"Port Wadeborough",61,1988-05-25
"Miss Emilia Lockman",fstreich@example.net,"East Johanna",27,1999-03-15
"Adonis Trantow",mtillman@example.com,"West Aniya",81,2024-06-20
"Kirsten Daniel",xhirthe@example.net,"South Jovany",47,2007-06-14
"Dr. Shaylee Balistreri Jr.",quigley.cleve@example.org,Grantville,68,1993-07-29
"Vicky Collier",shanelle.fahey@example.org,Pattieport,47,2011-05-25
"Remington Purdy",xmueller@example.net,"North Lilychester",79,1973-09-30
"Devon Dietrich",francisco65@example.net,Pansymouth,70,2014-06-14
"Cara Hyatt DDS",torey71@example.org,"West Elenora",58,1988-04-10
"Miss Josianne Farrell MD",afton.schuppe@example.net,"South Keshaun",38,1995-05-13
"Brannon Dibbert",wilmer32@example.com,Leoview,62,1996-04-16
"Otilia Green",pearl.lebsack@example.com,"West Joanland",63,2000-11-03
"Bennett Mayert I",kuphal.salma@example.net,Carlottaport,44,2006-08-30
"Petra Towne",fanny.gutmann@example.org,"West Skylaview",29,1973-06-23
"Beryl Bartoletti III",letitia.kub@example.net,"New Delphineville",46,1986-12-24
"Dimitri Howell",grant.wilderman@example.org,Emeraldbury,83,2002-01-04
"Mr. Branson Luettgen",klocko.sasha@example.org,"Lake Denisview",55,1976-09-29
"Dr. Alphonso Heathcote",ybogan@example.org,"New Helen",31,1974-11-16
"Prof. Lazaro Gottlieb",klein.chauncey@example.net,Kenyontown,80,1996-11-13
"Bartholome Stark",kris46@example.com,Elenorabury,64,1976-12-22
"Mr. Heber Fritsch DDS",justice.huel@example.net,"Lake Bruce",44,1984-02-29
"Jesus Ward",kling.easton@example.org,Jasonport,57,2006-01-11
"Duane Lang",bbradtke@example.com,"South Norene",21,2000-12-28
"Carmel Rogahn",gerlach.cornell@example.org,Rodberg,29,2012-10-10
"Dorothea Robel",emmerich.bernita@example.net,Daisymouth,67,1993-05-15
"Jaida Christiansen",lew.lowe@example.org,"Port Winonafurt",34,1975-05-05
"Rhianna Ortiz III",jwilliamson@example.net,Schinnermouth,22,2023-01-21
"Mrs. Bernita Howell",lschaefer@example.com,Annaville,46,1991-12-04
"Prof. Marilou Mohr III",mafalda.franecki@example.net,Funkshire,31,1972-09-19
"Linnie Stanton",davis.kamille@example.net,Pascalebury,28,1983-07-14
"Sasha Johnston",mills.cornelius@example.org,Gibsonton,31,1987-12-13
"Koby Langworth DVM",kklocko@example.net,Andresside,24,1979-02-26
"Dr. Schuyler Towne",turner.alexandrine@example.com,Chayabury,60,1980-09-11
"Vernon Waters",kreiger.robb@example.org,"Lake Tyreeland",34,1994-10-14
"Mitchel Schuster",darron.kozey@example.net,Handhaven,28,1971-08-17
"Priscilla Windler",koch.rosalia@example.com,"Lake Julioland",81,2002-01-09
"Allison Vandervort",joel.crona@example.org,"South Janetmouth",62,2021-12-22
"Kayla Stroman",ada.kulas@example.net,Weissnatborough,45,1983-02-18
"Miss Elmira Kunze",ewhite@example.com,"East Jerelfort",82,2000-01-19
"Lilla Moen",kmills@example.org,Summerville,49,1996-12-18
"Gerald Considine Sr.",alex.okeefe@example.net,"West Freddy",62,1976-05-18
"Precious Spinka",israel19@example.net,"South Mckayla",53,1991-03-17
"Cathrine Wisozk",jesse49@example.net,Perryfurt,26,2013-11-04
"Dr. Berta Schneider",weissnat.kenyatta@example.net,Schowaltertown,24,2004-01-11
"Asha Shanahan",johnathan.feest@example.net,Juanachester,56,1987-05-20
"Howell Paucek",xarmstrong@example.org,Sawaynland,28,2005-08-06
"Dr. Zelda Schowalter I",sanford.lelia@example.com,Alberthaside,77,2018-04-04
"Melvina Wiza",hosea.gleason@example.org,Yundtfort,34,1971-02-08
"Mr. Cyrus Brekke DVM",brenna.lowe@example.com,"South Scot",66,2015-07-12
"Kailey Grant",xschaefer@example.org,Christiansenton,57,1979-09-13
"Mr. Sigurd Buckridge I",pauline.howell@example.net,"New Reyna",42,2024-08-15
"Mrs. Nova Shields",berge.lonie@example.org,"East Marshall",29,1984-03-21
"Ezekiel Lesch",eliane04@example.net,Carterfurt,19,1990-01-30
"Haley Walker",clotilde.wilderman@example.net,Nathanieltown,71,2020-11-17
"Shanel Reinger",christiansen.burnice@example.net,Mallorychester,46,2006-07-22
"Eleonore Treutel",pkoepp@example.net,Hageneston,67,1994-08-06
"Yazmin Cole",reynolds.ted@example.net,Destinichester,52,1998-02-18
"Elfrieda Dach",granville.aufderhar@example.net,Ladariusberg,22,1985-02-04
"Mr. Ricky Hansen",creola10@example.net,"North Wilford",34,1984-08-25
"Delbert Koch",wilber.jaskolski@example.net,Vincenzofurt,58,1979-10-02
"Whitney Torphy",madisyn98@example.net,"South Johnathan",68,1988-01-27
"Weldon Ankunding",leffler.kimberly@example.com,"New Dorianborough",43,1979-01-05
"Mr. Newell Rogahn DVM",kmetz@example.com,Darechester,47,2019-04-30
"Elton Kreiger I",fframi@example.org,Abagailside,42,2017-07-11
"Ms. Aleen Gibson IV",kunze.mireya@example.com,"Port Jacques",29,2024-11-12
"Cristal Vandervort",acorwin@example.net,Beckerside,39,2019-03-12
"Dr. Gabriella Gutmann",eloy67@example.org,Mohrside,67,1970-03-31
"Elisa Beer",jevon17@example.org,"Lake Addieland",77,1994-04-14
"Lucio Konopelski PhD",jasen45@example.com,"Lake Ahmadtown",43,2002-03-01
"Devin Durgan",baylee86@example.net,"East Augustineside",21,2008-04-18
"Blanche Emard",elockman@example.net,"Port Marcella",21,2001-10-29
"Mrs. Hailee O'Conner",eliane60@example.com,Ewellhaven,23,2021-05-01
"Ms. Elna Rodriguez",gwendolyn.goldner@example.org,"Lake Fredrickview",21,2006-09-29
"Gust Konopelski",monica.hickle@example.org,Ortiztown,28,2015-01-26
"Miss Maxie Barrows DVM",houston.flatley@example.com,"Lake Annette",62,2007-11-14
"Andy McGlynn",kieran.gleason@example.net,Borerstad,63,2001-11-25
"Claudia Little Jr.",rudolph.sanford@example.org,"East Alf",57,2013-04-02
"Prof. Maggie Reichert MD",mcglynn.jayde@example.com,"South Nikkibury",76,1995-07-14
"Estel Kuhlman",golson@example.net,"South Palma",81,2006-09-02
"Blair Buckridge",abdullah18@example.com,Franeckimouth,41,1999-02-11
"Prof. America Funk",dledner@example.org,Elviefurt,62,1981-10-03
"Javier Haag",nash.bahringer@example.net,"North Hansfort",36,2011-07-09
"Mossie Lindgren",nebert@example.com,Predovicport,61,2011-01-25
"Keon Mueller Sr.",mcglynn.arnoldo@example.org,Schneidermouth,65,1993-12-01
"Candida Denesik",umann@example.org,"Lake Daynashire",67,1995-07-10
"Alejandra Casper",makenna94@example.net,Anthonybury,26,2018-12-24
"Alverta Heaney",cummerata.jayce@example.net,"South Lina",56,1982-03-27
"Clemmie Koelpin",kenny.rolfson@example.com,Julienborough,55,1971-09-29
"Darren Kub",xfranecki@example.org,"North Marjorie",62,1982-01-21
"Hassan Heller DDS",hkutch@example.net,Morrisfort,63,1988-06-22
"Arch Hand DDS",hilpert.randal@example.net,"New Rheastad",37,1983-10-07
"Prof. Blake Schulist",sterry@example.net,Bayerfort,25,2017-08-22
"Donnell Vandervort III",bins.andy@example.net,"East Julioville",45,2023-06-16
"Dr. Edna West III",dorris.jaskolski@example.com,Donnellychester,69,1973-01-10
"Ms. Dayna Bauch DVM",alba.donnelly@example.net,O'Harachester,42,2010-02-21
"Jeramie Kling MD",hodkiewicz.arthur@example.com,Hudsonberg,44,1999-05-25
"Helena Batz",aron.jast@example.com,"South Allyton",84,2006-11-01
"Liliana Harvey DDS",alberta.fahey@example.org,"Port Marcelinohaven",47,1974-04-05
"Polly Friesen",xweimann@example.net,Schadenborough,27,2003-09-10
"Dr. Irving Feeney",taurean38@example.org,"North Lucieborough",44,1970-10-16
"Keeley Lynch",armando63@example.org,Leonorachester,58,1978-09-27
"Stuart Zulauf",hildegard.oconnell@example.net,Cruickshankborough,85,1987-04-25
"Earline Pollich",german72@example.com,"West Ardella",77,2000-09-02
"Geoffrey Zemlak",kwaters@example.com,Evatown,48,2020-08-30
"Rosalee Bins",ned44@example.org,"West Antonio",37,2005-10-18
"Aidan Skiles",chadrick57@example.org,Hoppeshire,58,2007-11-16
"Trinity Walker",maximillian04@example.net,Amiramouth,75,1973-09-27
"Mr. Otto Crona",cole97@example.net,"New Bernhard",43,2004-10-14
"Andy Ferry",keeling.ettie@example.com,Towneshire,63,2017-01-26
"Ms. Hollie Kautzer PhD",wreinger@example.org,"North Isom",40,2016-09-13
"Laura Hackett",grant.araceli@example.com,Lueilwitztown,83,1980-03-06
"Abdul Rath",reece72@example.com,Danstad,61,1983-11-25
"Estrella Abbott PhD",lfadel@example.com,"North Stephon",66,1995-10-14
"Layla Lowe",godfrey59@example.org,"Lake Luigishire",66,2003-11-12
"Prof. Ilene Howe",littel.alicia@example.net,"East Brennonborough",73,2007-07-25
"Meaghan Marks",rmarvin@example.org,"South Owenborough",52,2022-08-27
"Mr. Cristian Pagac DDS",jennyfer48@example.org,"Port Howard",43,1981-09-06
"Derrick O'Hara",destinee.walker@example.org,"Port Gage",84,2012-08-11
"Dr. Alene Botsford V",melvin88@example.com,"Port Imeldatown",83,2012-05-22
"Corine Kutch",jaylon30@example.net,Chelsealand,57,2006-03-25
"Dr. Christelle Hamill DDS",leo.larkin@example.com,"South Maynard",80,2017-02-06
"Kiana Hyatt",auer.yoshiko@example.com,"North Alvina",78,1982-07-04
"Dr. Marcellus McDermott",earmstrong@example.com,"South Keanuburgh",62,1991-03-21
"Jamar Hintz",jesse.lindgren@example.org,Brekkebury,64,2001-04-15
"Mrs. Greta Pagac",howe.eduardo@example.com,"South Luciousfurt",74,2006-09-27
"Mr. Arvid Kuhic",tillman.ed@example.org,Carmelochester,34,1988-02-24
"Rickie Ondricka",diamond.funk@example.net,"East Viola",63,1978-08-03
"Miss Valentine Borer",lblock@example.net,Purdyshire,28,1986-12-26
"Prof. Aileen Weber",creynolds@example.net,Williamsonborough,64,2003-10-24
"Miss Lavinia Tillman",shuels@example.org,Desmondland,35,2000-08-29
"Arden Nolan II",liliane.collier@example.com,Keelingborough,78,1981-04-22
"Colby Gutmann",bradley19@example.org,"New Kathrynfort",65,2020-04-12
"Ramiro Deckow",konopelski.madisen@example.net,"West Myrl",59,1981-04-15
"Kyle Kuhlman I",gjohnson@example.com,"New Linahaven",62,1981-02-04
"Kaela Dickens DVM",trudie98@example.org,"South Aditya",36,2003-05-14
"Abigail O'Conner",ashton.auer@example.org,Coraborough,83,2024-07-06
"Josephine Donnelly",nikolaus.litzy@example.net,Marielaview,29,1970-08-05
"Mrs. Gladyce DuBuque V",owolf@example.com,"Port Muhammad",62,1978-09-01
"Frederique Haley",sawayn.emily@example.com,Friesenland,40,1981-08-31
"Lambert Cronin",okassulke@example.net,Elmoreville,62,1990-09-12
"Ayana Bins",myron.stanton@example.net,Kaleighborough,77,2004-02-02
"Neva Barrows",ledner.lysanne@example.com,"West Alessandra",82,1979-02-13
"Casimer Jakubowski II",fwiza@example.net,"Lake Grantview",30,1984-11-02
"Ron Hane",rstiedemann@example.net,"New Leonardoside",24,1974-11-10
"America Bauch II",ines.schulist@example.com,"East Terence",19,2017-07-21
"Ms. Carolina Stanton",smann@example.org,"North Ninastad",46,2018-03-11
"Nella Feil",markus.sauer@example.org,"West Ignacioborough",46,1983-01-21
"Camille Hyatt",benton.leffler@example.com,Millerport,65,2000-10-10
"Mr. Payton Jacobi",hilario64@example.net,Samantafort,32,2018-07-20
"Ms. Esperanza Green",fhuels@example.com,"West Kacey",84,2019-04-26
"Eloisa Wintheiser",epadberg@example.org,"North Antonina",63,1978-04-25
"Miss Modesta Herzog II",eemard@example.org,"Port Axel",53,2019-12-25
"Mrs. Pamela Huel PhD",constance.rice@example.com,Rudolphfurt,85,1986-02-14
"Ms. Rosalinda Morissette IV",kaleb35@example.com,Rosenbaumstad,35,2000-07-07
"Woodrow Stiedemann",schmidt.angelica@example.com,"South Chelsea",54,2018-05-31
"Layla Block PhD",gleichner.bartholome@example.org,"North Floridashire",43,1999-10-19
"Vito Dicki V",citlalli19@example.net,Drakeshire,53,2013-10-26
"Giuseppe Stehr",xstamm@example.com,"South Deonte",53,1980-01-14
"Marianna Donnelly",wendell.baumbach@example.net,"West Stevieshire",68,1982-10-23
"Ms. Anya Dare",phyllis.vandervort@example.net,Alvenamouth,75,2008-12-03
"Muriel Blick V",windler.alexandre@example.org,"South Jonmouth",56,1977-03-16
"Dannie Rolfson",dorcas61@example.net,Jordonfort,55,1992-11-06
"Reed Lind",oyundt@example.org,Alyshaland,21,1976-02-06
"Mr. Travis Grady",dhills@example.org,"South Abigalemouth",45,1998-05-04
"Name Altenwerth",graham.juana@example.net,Lisafort,23,1999-05-11
"Adah Reilly Jr.",hubert32@example.net,"New Cyrusshire",56,2021-02-16
"Maynard Morar IV",eblanda@example.com,"Lake Reeceshire",48,2018-04-06
"Mr. Marlin Frami",grace72@example.org,Madysonside,62,2006-03-21
"Nicolas Price",swaelchi@example.org,"East Parkertown",66,1973-11-26
"Lisandro Bins",mckenna.mueller@example.com,"Lake Ethamouth",72,2006-06-15
"Sherwood Bashirian III",ron07@example.com,Rosendochester,57,1984-07-22
"Gabrielle Schultz",gkozey@example.net,"East Domingo",63,2017-10-27
"Miss Ivah Walsh",jlangosh@example.net,Hudsonville,27,1977-07-08
"Mr. Craig Cruickshank II",pgerhold@example.com,Waelchiton,81,2013-09-21
"Hermina Emard",oconner.camron@example.org,Quitzonmouth,20,2013-06-16
"Tod Schinner DVM",cmoen@example.net,"Lake Madisynberg",65,1971-05-20
"Florencio Sipes",tarmstrong@example.org,"Port Dayanaton",74,1990-04-20
"Ms. Danika Hahn",hegmann.sonya@example.net,Angelfurt,44,1995-05-31
"Mr. Khalil Cartwright",precious72@example.net,Ortizburgh,77,2000-04-25
"Mrs. Brianne Sipes III",drake.bergnaum@example.net,"Port Jacynthe",84,2003-12-16
"Jayde Nicolas",icarroll@example.net,Farrellport,44,2016-11-10
"Mrs. Myrtle Ruecker IV",yconnelly@example.net,Gloriahaven,39,1979-04-07
"Arielle Jerde II",darren54@example.com,"New Marleeview",78,1982-02-08
"Cynthia Rogahn",franecki.angelina@example.org,"North Jaron",42,2018-02-03
"Jasper Borer",elroy12@example.com,Gradyburgh,55,2019-02-17
"Susie Ruecker",dulce94@example.com,Samanthaland,36,2016-04-25
"Mrs. Kelsie Gaylord MD",wiley.sanford@example.com,"West Gretaborough",67,2015-07-10
"Prof. Lavonne Gorczany",isabelle37@example.net,Nicholaschester,70,1990-10-27
"Eliane Skiles",cbergstrom@example.org,"Lake Jaymeside",85,2007-11-27
"Raheem Champlin DDS",weber.tyree@example.org,"West Aliviamouth",59,2021-05-29
"Mrs. Martina Herman V",kirlin.jada@example.com,Zboncaktown,23,1991-10-04
"Prof. Caitlyn Jerde DVM",irma14@example.org,"West Lucius",59,1971-01-24
"Ruthie Glover",alfred40@example.org,"South Deanna",30,2020-02-25
"Aaron Jacobson",amber43@example.net,Framiberg,83,2022-01-25
"Mr. Zechariah Balistreri PhD",ferry.weston@example.org,Hermistonland,20,1993-03-08
"Dr. Hazle Koepp Sr.",maximus.monahan@example.net,Toyborough,69,1982-01-05
"Laury Mohr",dkuhn@example.net,Rosarioborough,75,1974-07-25
"Destini Wiegand",howell.elvie@example.org,Moriahstad,66,2012-07-28
"Greta Moore",kautzer.verna@example.net,Jacehaven,72,1996-12-17
"Bailee Stark",nigel.dibbert@example.com,"Lake Jessika",60,1987-12-20
"Kimberly Schumm",gennaro48@example.net,Hirtheburgh,19,1977-09-06
"Prof. Barbara Donnelly",pbechtelar@example.org,"East Bryanaland",31,1999-01-09
"Lela Baumbach",wolf.elmore@example.net,"Lake Anabelle",84,1989-03-11
"Candelario Gibson",angeline60@example.com,"North Carolyn",32,2020-11-18
"Kieran Connelly",kyleigh.mills@example.com,Farrellburgh,37,1977-09-23
"Sibyl Willms",rene60@example.org,"East Gertrude",76,2002-07-03
"Ricardo Roberts",gay.ankunding@example.org,Adrianberg,18,1998-09-10
"Prof. Mae Mayer III",horace15@example.net,"West Sheridan",43,2007-06-08
"Dr. Jan Lemke I",mwilliamson@example.com,"Lake Dennis",38,2002-05-31
"Orland Conn",gonzalo80@example.org,"East Freddiefurt",75,2018-06-12
"Elza Collins",elody.kemmer@example.net,Hicklebury,20,1983-06-26
"Erna Ledner",corbin.murazik@example.net,Grimeshaven,26,1992-01-21
"Maida Breitenberg",troob@example.net,"West Stephaniehaven",51,1987-01-23
"Justus Friesen",gerardo47@example.org,Kutchfort,22,1993-10-21
"Garett Bartell V",name05@example.net,"Port Juliet",54,1997-11-06
"Newell Hodkiewicz",halvorson.gayle@example.org,"South Jerrell",79,2012-08-03
"Kayla Strosin DDS",lyda18@example.org,"New Babychester",72,2012-11-23
"Bethany Beier",jayda.haley@example.com,"Lake Iliana",68,2012-01-04
"Mr. Remington Denesik V",ludie08@example.com,"East Jarredfurt",59,2004-06-11
"Uriah O'Kon",conroy.estelle@example.net,"West Lizeth",76,1984-03-08
"Stanford Lindgren",willa.cassin@example.net,"West Sadyefurt",35,1983-10-21
"Hester Marvin",runolfsdottir.andreane@example.com,"East Jerry",81,2007-09-02
"Mrs. Adelia Kassulke",missouri54@example.org,"New Jaylenburgh",30,1970-05-31
"Jamar Shanahan",dmitchell@example.com,"New Calebside",37,1993-10-26
"Dr. Leta Nikolaus",faustino.labadie@example.org,"Lake Craigtown",82,2004-06-20
"Loraine Graham",ethyl67@example.net,Powlowskifort,85,2012-12-11
"Amelia Walker",elta.waters@example.org,Hillsville,45,1971-09-07
"Vanessa Wilderman",rippin.chaim@example.com,"South Florine",60,1996-10-06
"Katlyn Wolff",kiehn.rupert@example.net,"Lake Kian",20,1997-09-23
"Dr. Alexandrine Volkman MD",karine.willms@example.net,"North Arno",68,2000-11-08
"Hope Olson",xstokes@example.org,"North Carissa",30,1992-07-29
"Mrs. Ivah Bayer",ischiller@example.org,Rennermouth,81,2009-05-08
"Ms. Zelma Fritsch",colton.crist@example.com,"East Marianoshire",62,1985-08-19
"Reese Kreiger",amparo.kautzer@example.org,Faustinoton,47,1977-04-27
"Dr. Ally Ankunding PhD",giovanna15@example.com,Stromanmouth,70,1980-03-17
"Laurence O'Connell",urussel@example.com,Maggiostad,71,2005-02-02
"Taya Lebsack",kari.kuhn@example.net,Boyerfort,18,2002-12-24
"Amani Halvorson",qlind@example.org,Franciscoburgh,27,2021-09-07
"Ms. Amanda Wolff MD",hassan.hilpert@example.com,"West Ashatown",80,1979-06-13
"Asha McGlynn",hiram.berge@example.net,"South Rustytown",73,1995-12-16
"Alexanne Robel",abshire.belle@example.org,Lempiton,39,2005-09-05
"Hardy Hills Jr.",ashton.moen@example.org,Altenwerthmouth,20,2003-03-16
"Alba Kovacek",owolff@example.com,Marcelinoville,53,1993-01-06
"Walton Halvorson",clay.pfannerstill@example.com,Melbachester,69,1986-12-29
"Prof. Haylee Kutch DDS",millie.hettinger@example.net,"Port Keeganburgh",39,1982-06-22
"Miss Kyra Koch III",lauriane16@example.com,Bradtkeview,58,1979-05-24
"Miss Justine Hermann DVM",larue71@example.net,"East Maribel",54,2005-08-21
"Charley Yost",xdaugherty@example.net,Robertsmouth,71,2009-07-03
"Aric Block",mitchell.daron@example.net,"North Zelda",26,1987-07-13
"Dr. Nella Williamson",chadrick.boyle@example.com,"North Kimberly",66,2013-11-18
"Beryl Mosciski",audie.morissette@example.org,"Port Dorismouth",55,2007-04-14
"Clovis Ward II",elwin51@example.net,"South Yasmeen",72,1970-11-27
"Miss Berniece Yundt Sr.",macey16@example.net,"West Providenciport",26,2001-06-04
"Mrs. Emely Weissnat I",lukas.upton@example.com,"East Mistymouth",81,1999-08-28
"Randy Carroll",mritchie@example.org,"West Amandaview",44,2022-06-30
"Prof. Keegan Stoltenberg Sr.",damien.graham@example.com,"Lake Drewburgh",75,1986-06-18
"Leonor Ebert",fauer@example.com,"Port Mikemouth",62,2018-09-30
"Carole Maggio",berge.maria@example.org,Izaiahfort,19,1971-07-12
"Rosalinda Hartmann",trudie.howe@example.com,Derickhaven,68,2011-12-21
"Gracie Cole",lmosciski@example.com,"South Jaynehaven",46,2016-05-10
"Miss Lexi Schmeler",xward@example.org,Powlowskiton,48,1977-10-07
"Filiberto Erdman",reichmann@example.net,Cliffordmouth,18,2010-04-14
"Mr. Pablo Kessler",michael.mante@example.org,"Port Lucile",68,2013-05-28
"Miss Arielle Keeling II",gerlach.lucile@example.org,Schneiderburgh,39,2013-12-19
"Ewell Wunsch",wkonopelski@example.net,Daronfort,22,2022-07-26
"Erwin Reichel",cummings.deron@example.net,Donavonborough,39,2023-09-22
"Madyson Blanda",eric.mcclure@example.org,"South Londontown",38,1979-04-30
"Cecil Bauch",manuel47@example.com,"South Aliaview",80,1972-05-27
"Keely Rohan",hparisian@example.com,Gerhardville,70,1978-03-03
"Dr. Delaney Pfannerstill I",nschulist@example.org,"West Shanelstad",82,1971-10-13
"Mr. Raheem Lang I",estoltenberg@example.org,Hoseaberg,78,2015-01-13
"Charley Balistreri",hettinger.kenny@example.com,Lehnerberg,66,2012-09-19
"Prof. Summer Spencer I",jennings.yost@example.net,Muellermouth,46,1986-06-09
"Pete Labadie",woodrow47@example.com,Hansburgh,59,1971-01-30
"Cesar Gislason",lesch.ethelyn@example.net,"Port Genesisburgh",56,2002-12-26
"Miss Alexanne Braun",reichert.dasia@example.com,Maverickbury,25,1975-01-11
"Adaline Johns",orempel@example.net,Hudsonfort,51,2016-11-23
"Prof. Cassie Langosh DVM",mueller.elwyn@example.net,Jeremyshire,33,2007-03-01
"Dr. Baylee Dibbert",isobel.cummerata@example.org,"East Tarynfurt",40,2013-05-28
"Bessie Nicolas PhD",aeffertz@example.net,Federicoside,23,2019-03-17
"Okey Johns",timothy.hagenes@example.net,"New Ceasar",56,1998-11-08
"Prof. Diana Boyer Sr.",landen.bergstrom@example.org,Schinnerfurt,84,1983-12-05
"Prof. Wilbert Wolf Jr.",torp.euna@example.net,Langoshland,18,2010-08-30
"Mr. Juwan Champlin DVM",brionna66@example.net,"South Sunnystad",73,1980-09-14
"Gaetano McGlynn",tgorczany@example.com,Delphafurt,28,1975-04-04
"Adrian Littel",agnes.zboncak@example.net,"Lake Sylvan",19,2001-03-30
"Anahi Stark",sabrina10@example.com,Dickinsonbury,40,1975-03-04
"Mr. Hans Murphy DVM",zboehm@example.org,Efrainville,29,2006-08-27
"Antonina Runolfsson",mortimer.walker@example.net,"South Casimirhaven",43,1984-06-30
"Javon Littel V",prohaska.lea@example.com,Enolahaven,83,2011-09-07
"Prof. Alvena Hane III",lorine86@example.org,Gislasonfort,47,1980-11-22
"Skylar Jones",balistreri.margarett@example.org,Klingfort,66,1998-02-25
"Onie Olson MD",fwest@example.com,Abelbury,18,1983-10-26
"Noe Purdy",sbode@example.com,"North Jayden",80,1996-04-28
"Prof. Elmore Armstrong",hill.maximillia@example.com,"New Damonton",32,2013-03-29
"Dr. Brenda Zemlak IV",iterry@example.net,Shirleyside,63,2021-02-16
"Dr. Otto Nolan III",keeling.august@example.com,Helenahaven,32,2003-10-26
"Marcella Bashirian",darrick51@example.com,"Port Tate",78,2007-07-19
"Meredith Nienow",alessia.walsh@example.net,Jaceyside,37,2024-10-04
"Merl Bechtelar",metz.dion@example.net,Mittieton,48,1991-08-16
"Mrs. America Reichel DDS",grover.howe@example.net,"South Linnea",82,1993-02-08
"Prof. Prince Altenwerth DDS",shanel.hackett@example.org,Lindtown,46,1999-07-01
"Mrs. Joelle Franecki Jr.",mcdermott.deshaun@example.net,"South Jeramie",70,2016-04-17
"Gisselle Hansen",stacy.heaney@example.org,Gregtown,80,1973-12-19
"Prof. Santina Strosin V",tkuvalis@example.com,Hoytland,80,1987-10-08
"Charlie Bosco III",iferry@example.org,Bradleybury,25,2024-11-16
"Ayla Kihn",lrempel@example.com,"South Nickborough",71,2004-02-27
"Frances Gorczany",armani.goldner@example.org,"Port Mack",32,2018-03-22
"Pierre Schuppe",zgutmann@example.org,"West Alfonzo",48,1986-10-08
"Prof. Joey Nader",sanford.savion@example.com,"North Arimouth",35,1992-06-15
"Coy Von",krystel67@example.net,"Lake Aaronport",26,1986-10-06
"Tommie O'Connell III",vkeebler@example.com,Terrychester,69,1971-04-20
"Cyril Wunsch",rhett.koepp@example.org,"East Patricia",46,1974-12-22
"Birdie Barrows",edna.waelchi@example.org,"New Josianebury",73,1976-02-23
"Demetris Gutmann",glen.zieme@example.com,"North Douglashaven",65,2011-07-19
"Edythe Haley",elegros@example.com,"East Monserrateburgh",52,1970-02-11
"Mr. Justen Halvorson",viva.smith@example.org,Boganmouth,78,2013-04-11
"Mrs. Jacquelyn Wiegand",leone69@example.org,"Port Neva",72,1971-04-20
"Mr. Jettie Cummings",oceane.klein@example.com,Colemouth,62,2012-04-06
"Elmira Kub",davis.annabell@example.com,"West Bobbietown",66,1993-03-26
"Maybell Turcotte",stark.rhoda@example.org,Padbergmouth,66,2010-12-25
"Prof. Cristobal Willms DDS",kmetz@example.net,Rennerport,64,1993-02-15
"Rhea Hahn",herzog.kevon@example.org,"New Roderick",37,1999-12-20
"Jamey Wintheiser MD",barton.tavares@example.com,"North Marialand",73,2004-10-19
"Miss Ivy Schamberger",clotilde.grant@example.com,Mandyburgh,49,1974-08-12
"Helene Dicki",kunde.eulalia@example.com,"West Calliechester",78,1980-09-17
"Kolby Powlowski",cruickshank.marlene@example.org,"New Abraham",34,1992-02-04
"Addie Schumm",alba.batz@example.com,Stellaton,31,2013-05-07
"Sage Lakin",langworth.jana@example.org,"West Cicerobury",76,1975-07-31
"Devin Schneider",savanna62@example.net,Olsonview,43,1987-01-08
"Lucienne Schinner",stefan07@example.com,"South Todberg",59,1986-10-09
"Chasity Treutel",eloise.spinka@example.net,"North Tyshawnchester",53,1987-07-17
"Loma Carter",reid47@example.com,"Port Americobury",45,1996-10-22
"Emmanuelle Nolan",tess.buckridge@example.org,Gerardside,26,2018-01-03
"Patsy Haley",alaina40@example.com,Duncanland,81,1981-11-30
"Mr. Jerrold Rath",aidan02@example.org,Gracielabury,39,2021-05-21
"Rudy Witting MD",gwilderman@example.org,"West Rocky",60,1991-08-01
"Pamela Haley",kemmer.electa@example.org,"New Kristy",50,2014-06-19
"Dr. Aiden O'Conner",edd22@example.com,Faustinostad,62,2020-01-14
"Grover Vandervort",luciano.schuppe@example.com,"West Adriannaborough",71,2018-11-01
"Dr. Sofia Mante V",jordyn.hudson@example.net,"Port Leannmouth",26,2022-11-30
"Raegan Konopelski DVM",blaze83@example.com,"East Marquisestad",60,1984-10-13
"Gerhard Farrell",vgutmann@example.org,Stiedemannfort,42,2002-03-07
"Dr. Darryl Russel DDS",nfadel@example.com,"Port Maxstad",47,1988-06-20
"Eva Heller",tressa.carter@example.org,"West Coty",33,2008-11-14
"Prof. Nils Auer Sr.",brianne90@example.com,Leilaton,23,2010-05-25
"Ms. Lucy Bradtke",vmuller@example.net,"East Gordon",77,2005-04-10
"Mackenzie Grant",mann.wilbert@example.org,Quinnchester,38,2024-03-09
"Garett Trantow",turner.marilie@example.net,Torphyhaven,57,1988-02-17
"Broderick Hansen",sfeeney@example.com,Konopelskiton,21,1981-04-09
"Claud Emard MD",tsatterfield@example.org,"West Grover",82,1974-05-14
"Josefa Prosacco",boyd.greenfelder@example.org,"New Veronaport",45,1986-02-06
"Robbie Dare",christiansen.maximillian@example.org,Edisonberg,18,2019-07-15
"Claud Roob",jasmin.gottlieb@example.com,Reginaldfort,43,1973-05-12
"Oswaldo Satterfield",deron18@example.org,Dantemouth,71,1970-11-04
"Marion Langosh",ewilderman@example.net,Vincenzochester,64,1983-07-31
"Miss Jana Konopelski",kunde.manley@example.net,Jonathanbury,47,1977-04-07
"Charlotte Hyatt IV",bryon.lemke@example.net,"West Kayley",63,2020-02-01
"Cecilia Paucek",hcarter@example.com,"Port Grady",42,2022-11-20
"Prof. Hugh Ernser V",ybrown@example.net,"Lake Kyleighfurt",34,2002-10-13
"Victoria Kling",rodger36@example.net,Dayanashire,75,1982-10-25
"Stanford Ratke",anastacio.koch@example.com,"Port Catalina",21,2005-02-17
"Lucinda Jacobi",terdman@example.org,Erlingside,40,1984-06-07
"Arden Gerhold",roma.stark@example.com,Pollyside,27,1993-11-26
"Virgie Fritsch",ada.treutel@example.org,Americabury,71,2009-01-30
"Kelsi Haag Jr.",egrady@example.com,"New Urielburgh",24,2007-11-21
"Mr. Samir Pagac",melissa.walker@example.net,"West Brisaside",52,2024-02-17
"Kenyatta Nikolaus",liliane.schaefer@example.net,Predovicmouth,80,2005-05-07
"Lew Howell",candido.mcdermott@example.net,Krisside,78,1970-12-07
"Anastasia Ortiz",kohler.delilah@example.com,"Lake Baby",69,1989-05-21
"Zena Legros",leannon.buddy@example.org,"North Elyssa",24,1978-08-07
"Citlalli Rice",nienow.joelle@example.org,"South Annette",31,1971-10-08
"Dariana Ziemann III",johann71@example.org,Drakehaven,47,2001-04-11
"Joanny Connelly",price.sister@example.com,"West Stefan",56,1995-12-08
"Dr. Moshe Lockman Jr.",ucrooks@example.org,"New Kody",75,2024-04-03
"Freeda O'Hara",zoie19@example.net,Spinkaberg,62,2020-07-21
"Prof. Jamel Swaniawski",gennaro78@example.org,"East Winnifredburgh",38,2003-01-13
"Prof. Maribel Torp V",jerrold.hegmann@example.net,"South Rooseveltberg",46,1976-10-04
"Eden Ritchie Jr.",julien66@example.org,"Port Isidro",63,2014-09-08
"Lavon Price",dzulauf@example.com,Aronburgh,57,2013-01-22
"Carmella Gislason PhD",harry.mertz@example.com,"West Micah",70,1981-12-11
"Kiley Hand",stroman.rebekah@example.com,"Lake Amira",84,1993-02-22
"Dr. Ryleigh Grant Sr.",windler.cary@example.org,Fannieshire,42,2010-03-07
"Miss Mikayla Kutch",sasha.torp@example.org,Trompburgh,48,2000-06-26
"Mr. Quinn Green IV",ihamill@example.org,Fannieborough,32,2024-11-19
"Rubie Gusikowski III",gerhold.reyes@example.com,"Lake Daishafurt",72,2002-02-24
"Dr. Raleigh Cummerata",dulce52@example.com,"West Gregory",85,2022-12-21
"Caitlyn White II",weber.delpha@example.net,"Lake Emmitthaven",66,2024-07-23
"Ferne Watsica DDS",garry.donnelly@example.org,Vickiebury,42,1983-10-22
"Sarai Marks",carmela.kreiger@example.com,"South Nettie",44,2011-08-01
"Lenna Nicolas IV",bartholome33@example.net,Kertzmannland,58,1996-10-17
"Mrs. Janice Mohr",dhermiston@example.com,"Port Savanahview",34,1982-10-06
"Tracy Hamill",jada58@example.com,"Port Neomatown",43,2022-03-26
"Diamond Littel Jr.",greenholt.jose@example.net,Priscillamouth,60,1999-04-12
"Elnora Miller",schaefer.sibyl@example.com,Abelardofurt,73,2014-02-27
"Della West",vcrooks@example.com,Connton,21,2000-08-05
"Mr. Obie Murazik III",hagenes.elvis@example.net,"Port Joy",54,1994-06-29
"Oren Prosacco",klegros@example.com,Coltburgh,57,2001-12-13
"Gerardo Hermann IV",waino.rogahn@example.org,Spinkachester,73,1974-08-17
"Esperanza Wisozk",phayes@example.net,Michalechester,60,2012-12-20
"Kaci Gaylord",sfeil@example.net,"Lake Diamondland",36,1988-03-27
"Mr. Craig Schinner",huels.shaina@example.net,"East Howardberg",50,2001-01-05
"Prof. Jess Feest V",cmuller@example.org,"South Madonna",28,1979-08-19
"Susie Marks",zlynch@example.net,"East Carson",23,1977-08-07
"Marc Tillman",evangeline17@example.com,"Port Fernando",34,1998-05-03
"Cloyd Osinski V",srempel@example.net,Wadechester,42,2013-05-28
"Ari Schamberger",maida.wolf@example.com,Bernieceland,36,2003-05-22
"Jany Watsica",edickinson@example.net,Hettingerchester,75,2010-07-20
"Prof. Dayne Torp",kayla.koepp@example.com,Buckridgeland,23,1977-06-11
"Prof. Judge Weber",kailey73@example.net,Okunevastad,20,1986-12-19
"Prof. Jensen Abbott I",rosalinda10@example.org,Considinechester,82,1982-03-08
"Ardith Macejkovic",evert96@example.org,"East Anthony",26,1979-02-23
"Fred Padberg",davin92@example.org,"North Jarvis",52,1986-10-29
"Davon Hahn",kemmer.ally@example.net,Bergeview,38,2000-04-17
"Rodolfo O'Kon I",bmckenzie@example.net,"East Claude",50,1996-01-13
"Barbara Schowalter",uschiller@example.org,Katlynnport,74,2016-01-19
"Paxton Rempel I",gherman@example.net,Howechester,57,1995-08-29
"Mittie Gaylord",mac60@example.com,"East Verlatown",50,1985-06-29
"Jeanie Toy",keenan84@example.net,"New Marta",62,2014-11-27
"Prof. Rebeca Heller III",lisandro.paucek@example.com,"South Marlee",74,1995-05-19
"Evan Schaefer",kuphal.reynold@example.com,Jenkinshaven,61,1986-11-22
"Lelia Zemlak",shermann@example.com,"Port Emeraldburgh",51,1975-04-29
"Tianna Bode IV",cole.edward@example.com,Schillerfort,78,2016-03-14
"Selmer Leannon V",blaise.waelchi@example.net,Gracielafort,33,1977-03-06
"Evie Crooks",annamae32@example.net,Bernierfurt,22,1998-03-24
"Titus Heathcote",raheem56@example.org,"South Betsyton",70,1973-10-21
"Lowell Considine",gibson.shania@example.net,Germanbury,57,2015-06-13
"Presley Runolfsson",schumm.korey@example.org,Dickimouth,51,1992-02-26
"Hershel Franecki",kwyman@example.net,"South Willowside",73,1998-06-23
"Dr. Daren Thompson Jr.",bednar.paris@example.net,"Lake Constance",37,1989-11-25
"Dr. Joanny Gerhold MD",ssmitham@example.org,Friesenmouth,29,1980-02-12
"Mrs. Jazmyn Gottlieb Sr.",grant.jovan@example.com,Kaleyfurt,84,2015-12-01
"Prof. Benedict Gorczany",rosamond76@example.net,Felipamouth,43,2005-10-02
"Emmanuelle McCullough",harris.casper@example.org,"South Felicita",61,1974-08-02
"Dr. Brendan Boehm I",lcartwright@example.net,"Port Bridgettechester",55,1981-03-26
"Dr. Lesley Conroy MD",doyle.jovani@example.org,"Lake Heathport",47,1983-11-16
"Miss Flossie Kling V",eshields@example.org,Gisselleshire,35,2001-10-29
"Landen Mitchell",xfarrell@example.com,"South Rhea",49,2019-12-19
"Abner Mueller",gavin73@example.com,"Lake Priscilla",73,2012-03-12
"Vladimir Williamson MD",kiara.mante@example.net,Lorenzaside,85,1978-07-21
"Darrin Satterfield",hhilpert@example.com,Mollieside,73,1989-07-21
"Seamus Waelchi",verlie.stokes@example.org,"South Savannaview",76,2004-06-06
"Sandrine Wuckert",bria30@example.org,"New Maymiefort",20,2022-01-10
"Prof. Frederique White IV",hahn.ottilie@example.net,Zitaberg,41,1987-12-16
"Mae Oberbrunner",cole.chelsie@example.org,"West Chelsea",58,1991-07-21
"Chelsie Sanford",cummings.jeremy@example.net,"North Coltchester",18,1985-10-03
"Felix Dietrich",ruecker.stacy@example.org,Naomiebury,59,1996-12-30
"Prof. Shea Reinger",klein.helene@example.com,Prosaccoburgh,27,1990-11-14
"Milo Senger",gmckenzie@example.com,"North Ruben",30,1992-04-27
"Mr. Jon Thompson",winifred.wiza@example.org,Marksland,54,2002-12-28
"Miss Lupe Kohler IV",rempel.willy@example.com,Ornview,74,2022-03-08
"Trycia Reichert MD",andreanne59@example.org,Leviville,19,2001-12-24
"Stephany Block",xquigley@example.com,Deronburgh,72,2006-02-17
"Mrs. Henriette Terry",hettinger.oscar@example.org,"New Kayli",40,2017-12-30
"Renee Schimmel",rosalia.streich@example.org,"Lake Rozella",22,1973-02-01
"Susana Kiehn",ifadel@example.com,"West Kittyfort",68,1980-06-02
"Dimitri Johns",ferry.odell@example.com,Aufderharstad,83,2022-01-03
"Daron Donnelly",asha.hintz@example.com,"New Justus",43,1990-02-14
"Christelle Barrows",lonnie23@example.com,Trentville,19,2005-10-20
"Micheal Olson",king.guadalupe@example.org,"West Alvina",25,2012-01-17
"Casimer Watsica",kbeer@example.org,Lefflerfurt,48,2000-10-31
"Laurence Lebsack MD",kathlyn.gutmann@example.net,Monserrateview,60,2005-03-07
"Elton Hammes",bernita11@example.net,"East Craigport",20,1985-10-07
"Shane Boyer",bsmith@example.net,Samsonshire,50,1989-03-17
"Mike Kilback",eileen.schiller@example.org,"East Alenechester",64,2002-08-04
"Dr. Flavie Grant DVM",lawson.dooley@example.org,Garfieldview,71,2010-11-29
"Adah Runolfsdottir PhD",leannon.esmeralda@example.org,Rogerville,37,1983-12-23
"Sean Greenfelder",dubuque.hilton@example.org,Thompsonview,40,1995-06-18
"Crystal Murphy",tjacobs@example.com,Huelview,22,1994-04-01
"Casandra Lockman Jr.",abergnaum@example.org,Marcelinohaven,44,1993-05-13
"Demarcus Senger",fiona.kessler@example.org,"South Gildafurt",63,2010-09-26
"Jamil McLaughlin",isipes@example.net,Stephaniaburgh,58,1974-04-01
"Ms. Kasey Schowalter",alysson09@example.org,Streichside,30,1971-02-22
"Prof. Lily Goldner Sr.",zschuppe@example.com,Terenceborough,25,2013-07-24
"Vickie Bernhard PhD",streich.concepcion@example.net,"New Ramonland",73,2021-10-05
"Donna Fritsch IV",tyson.adams@example.org,Parisiantown,62,2014-05-13
"Pierce Bailey",myles10@example.com,Miraclemouth,57,1997-09-18
"Prof. Randi Torphy",wrogahn@example.net,Justynland,85,1972-02-24
"Aurore Hoppe",gterry@example.org,"South Tomasaland",69,2024-12-17
"Mr. Coty Keebler III",beulah66@example.org,"West Natberg",72,2003-02-27
"Hermina Ortiz",darion61@example.org,Soniaberg,18,2013-05-18
"Sasha Veum",kayla92@example.net,Fannieton,45,2010-04-06
"Mrs. Kailee Mertz",denesik.gino@example.org,"Lake Alec",37,2003-11-25
"Trent Schiller",harvey.dedric@example.net,Hahnside,68,2024-04-14
"Krystina Huels",graham.guido@example.net,Prohaskatown,20,2019-12-07
"Dr. Jeanne Breitenberg MD",stracke.rebekah@example.com,"East Cedrickshire",77,2012-02-17
"Mrs. Bessie Brown",robbie.fahey@example.com,Eleanoremouth,81,2007-04-19
"Dr. Urban Kemmer",dhermann@example.com,"North Audreannefurt",37,1992-10-21
"Miss Cara Crooks",thiel.sebastian@example.com,"East Cheyannetown",47,2008-12-08
"Pietro Kohler",laila18@example.org,Derickberg,34,2013-10-07
"Mr. Armando Kuhn DVM",nkshlerin@example.org,"South Ryderborough",49,1978-10-05
"Randy Heidenreich",koss.skyla@example.com,"Port Ernestineville",57,1978-06-09
"Bernadette Robel",billy95@example.org,"Lake Hector",61,1997-02-17
"Mr. Xavier Kuhlman",houston15@example.com,Aylatown,81,1994-05-12
"Jovany Hettinger",okeefe.christa@example.net,"North Rodrigoland",60,1978-01-04
"Dr. Luther Schmeler",jakob75@example.net,Gusikowskichester,50,2011-12-18
"Domingo Collier PhD",mclaughlin.deron@example.net,Dibbertberg,29,1983-07-18
"Vernie Hand",roma.konopelski@example.org,Langworthshire,85,2009-10-22
"Dagmar Lindgren",zweber@example.org,"West Jamieport",68,2017-05-16
"Karlie Daugherty",blick.sandy@example.com,"North Burleyfort",53,2006-01-10
"Sarai Bernier",mckenzie.jermey@example.org,Huberttown,22,1984-04-13
"Mrs. Breana Upton I",fdickens@example.org,Greentown,61,1980-07-13
"Alexzander Feeney",mmraz@example.com,"Lake Madonna",60,1996-04-06
"Eusebio Steuber",nziemann@example.net,"Lake Diego",78,2001-04-26
"Tanner Kohler DVM",hdurgan@example.org,Paoloton,30,2023-03-19
"Guadalupe Heaney",gottlieb.chester@example.com,Shanonside,43,2009-07-27
"Dr. Daphne Gerhold",donnelly.gene@example.com,Hillardland,81,2007-02-19
"Stewart Kozey",trantow.niko@example.com,"Port Darrinport",79,2013-12-17
"Dr. Ari Walker I",hassan45@example.net,"Lake Josephineton",66,1978-05-01
"Euna Gutmann",ashanahan@example.net,"West Roxane",78,1989-11-03
"Sister Sawayn",blair94@example.org,Nikolauschester,50,2024-11-13
"Eldon Moen DDS",croob@example.org,"New Josianeside",82,2019-04-14
"Amanda Pacocha",swift.lela@example.com,Bogisichborough,28,2024-05-18
"Russel Christiansen",nheathcote@example.net,Bodemouth,53,2021-09-11
"Miss Nona Schoen MD",raufderhar@example.net,"Lake Glennamouth",42,2010-06-15
"Angelina O'Keefe MD",easton.shanahan@example.com,"North Maximillian",23,1971-01-10
"Jerrold Gerlach I",elyse26@example.net,Huntermouth,78,2013-03-03
"Alec Medhurst",nicole63@example.net,Franeckishire,77,1975-10-20
"Valentin Wisoky",rosamond.okon@example.net,"South Darwinbury",67,1975-09-19
"Liliane Spencer IV",olson.georgianna@example.org,Bartolettiburgh,26,1995-11-05
"Mr. Pierce Durgan",karolann.jakubowski@example.com,"East Sasha",35,1979-09-18
"Ms. Sandy Pollich",mikel74@example.com,"West Lauryn",28,2000-05-09
"Lilly Blick DDS",jude.wisozk@example.com,Thaddeusbury,39,1974-02-27
"Mrs. Candida Bogisich I",jack84@example.com,"New Arnoldo",28,1976-02-12
"Armand Ortiz",lschneider@example.net,"West Frankieview",28,1974-06-16
"Nash Connelly",josiane.mosciski@example.org,Danikaville,68,1996-01-31
"Elian Veum",legros.caleigh@example.org,Leuschkemouth,34,2007-08-18
"Tracy Nienow",grady.julianne@example.org,Hodkiewiczview,76,1978-10-07
"Mrs. Leanne Pfannerstill",alexys.torp@example.org,"East Aric",79,2007-04-05
"Miss Scarlett Waelchi PhD",riley30@example.net,"New Julian",58,1985-07-29
"Rachelle Lynch",mjacobs@example.org,"East Koryshire",19,1984-01-24
"Garfield Sipes",lincoln.schultz@example.org,Hertaland,69,1987-10-04
"Kailyn Kautzer",kuphal.alva@example.net,"Port Jaycechester",80,2006-12-26
"Sarina Lindgren",gcremin@example.com,"New Edenchester",36,1972-09-07
"Gail Boyle",ifriesen@example.net,"New Cindy",85,1993-02-13
"Prof. Maegan Wilkinson",qroberts@example.net,Roxannefort,84,2017-05-07
"Lyric Rohan",steuber.ericka@example.org,Rippinstad,56,2000-04-09
"Lynn Grady IV",powlowski.domenica@example.net,Wileyshire,52,2017-09-05
"Jeromy Brekke",domenic.kassulke@example.com,"New Drewville",21,2012-02-02
"Alexis Wolff V",arlene69@example.com,Katherinetown,29,2008-07-07
"Verdie Satterfield",joelle.grady@example.org,Rosenbaumburgh,28,2002-12-20
"Aubrey Kutch",nader.carlie@example.org,"South Kayli",82,1976-11-16
"Prof. Brycen Williamson III",mikayla.swift@example.org,"Port Stephenshire",28,2015-07-01
"Thalia Dare",balistreri.jaquan@example.org,"South Margaretteville",30,1971-10-23
"Ms. Ayana Abshire",stephan97@example.com,Aleneside,47,1998-02-08
"Mr. Cornelius Gerlach",brandyn.towne@example.com,Bradyhaven,29,1996-08-28
"Dr. Isidro Price",nienow.torrance@example.net,Emmanuelmouth,76,2014-06-28
"Elmore Kertzmann",richmond04@example.org,Monahanfurt,36,2023-02-18
"Prof. Myrtis Kuvalis IV",mschneider@example.net,Collinmouth,34,1974-12-27
"Dr. Vincenza Witting",lorena84@example.org,Carrollstad,59,1989-05-01
"Pierce Bosco",zshanahan@example.org,"South Jackelinefurt",40,2004-03-16
"Lola Gaylord",feeney.cecil@example.net,Bernierstad,77,2000-10-19
"Juwan Kovacek",labadie.kirk@example.org,Paucekfurt,45,2021-12-11
"Antone Hand",sage.gusikowski@example.com,"South Ryannberg",83,2023-06-27
"Dr. Lee Klein Jr.",macejkovic.tommie@example.net,"West Brainshire",48,2000-10-21
"Prof. Bethel Block",remington36@example.net,"Lake Phyllisberg",71,2003-02-27
"Cary Schinner",ysenger@example.com,Hesseltown,56,1998-06-30
"Julianne Wisoky",sauer.laverne@example.net,Lillianachester,59,1978-12-17
"Lera Effertz Jr.",lakin.ken@example.net,Kevonstad,48,1985-01-31
"Robbie Jaskolski Sr.",adam69@example.com,"New Andy",39,2007-02-28
"River Steuber",chadrick.cummerata@example.net,Creminfurt,83,2001-05-05
"Prof. Moses Kihn",padams@example.net,Streichborough,57,1985-06-26
"Jeffery Erdman",erika.harris@example.net,Fletcherton,73,1997-12-10
"Stephany Nader",gulgowski.tamia@example.com,"New Providenci",32,1984-07-26
"Prof. Meggie Flatley",ayden.feest@example.com,Bethland,59,2000-10-21
"Miss Ariane Lehner V",sadams@example.net,Watersborough,69,1997-04-12
"Abdul Schmidt",fbalistreri@example.org,"Port Norvalborough",32,1977-09-12
"Prof. Grady Lebsack",pschiller@example.com,Gregfort,27,2018-03-23
"Mrs. Dortha Nienow DVM",francisco.kassulke@example.org,"West Elenoramouth",54,1988-08-25
"Oren Senger",krajcik.karley@example.org,Arvidstad,73,2013-02-19
"Luigi Bergstrom",madyson.leffler@example.com,"East Willyborough",33,2015-12-03
"Billy Mann",price.roderick@example.com,Jerdeshire,34,2007-07-30
"Francisco Cole",paucek.clotilde@example.net,Wisozkstad,73,1972-11-11
"Markus Bauch",adaniel@example.org,"Port Norval",39,1993-03-06
"Ms. Salma Waters",pfannerstill.zoie@example.org,Maxieton,20,2013-09-06
"Elise Feil",kaleigh.ortiz@example.org,"Lake Jonatan",56,1987-09-01
"Ms. Kylie Dicki V",wyatt.botsford@example.org,Macejkovicfort,48,1999-05-13
"Hettie Kuhn",dmurazik@example.com,Carterfort,49,1977-01-09
"Mr. Elmo Adams",hipolito25@example.org,Charityborough,78,1991-12-09
"Mrs. Keely Jast MD",wbraun@example.org,"Port Selmerton",24,2003-09-22
"Kaitlyn Stokes",mante.hailie@example.com,"East Vergie",60,1976-02-05
"Freda Beer PhD",auer.ines@example.net,"Lake Guststad",66,1983-03-02
"Dario Schowalter",murray.oda@example.net,Lailaside,68,2022-08-04
"Roxanne Rodriguez II",gennaro85@example.net,"East Jermeyburgh",34,1976-02-03
"Mr. Tate Klocko",rboyer@example.com,"New Sammiechester",51,2006-07-09
"Beulah Dare",lynn25@example.net,Wilbertberg,65,2023-05-12
"Mr. Orion Huels II",evelyn.lynch@example.net,Ibrahimton,33,2018-03-24
"Liza Schiller PhD",qleannon@example.net,"Lake Ivy",21,1990-07-07
"Camila Runte",isobel.tromp@example.org,Vincenzachester,39,1982-03-21
"Mr. Lew Fisher IV",wilton83@example.net,"Lake Adrian",66,1979-11-05
"Coralie Boehm Sr.",itorphy@example.net,"Port Keven",58,1970-02-14
"Malika Doyle",dave.wisozk@example.net,Wuckertside,33,2019-03-11
"Prof. Moises Ferry",bridie83@example.net,"Port Lenniemouth",72,1974-08-10
"Leonardo Harris",koss.randy@example.org,"West Imogene",50,2000-09-20
"Gilberto Keebler",mueller.haylie@example.org,"Lake Hertaville",71,1996-03-25
"Courtney Wilkinson",pkiehn@example.net,Carrollfort,47,1972-12-05
"Bradley Homenick",gust40@example.com,"Port Perrystad",62,1993-11-02
"Michaela Barrows I",amelia.moen@example.org,"South Abetown",31,1973-11-06
"Eveline Lindgren V",heloise.purdy@example.org,Keyshawnbury,20,1978-07-17
"Dana Ullrich",rebecca.sanford@example.com,"Lake Francisca",34,1986-02-28
"Dr. Akeem Wilkinson",dave81@example.com,Elainaberg,54,1970-05-05
"Aric Koch",upton.ariane@example.org,Schulistborough,76,2023-11-11
"Aracely Bartell I",kmaggio@example.com,"East Trudie",19,2016-05-22
"Florida Boyle",bmiller@example.org,Corwinton,21,1994-12-20
"Kenton Collier",larson.aron@example.net,Florencioborough,20,1971-11-23
"Macie Langosh",bartell.adaline@example.com,"Lake Mayraside",64,2014-01-05
"Marge O'Connell III",alfonzo.kuphal@example.com,"Port Daron",37,1977-04-23
"Lorenza Fritsch",trycia68@example.net,Rebekaberg,65,2021-05-09
"Ali Crooks Jr.",alivia.hessel@example.net,"Port Ameliebury",78,2011-08-23
"Dr. Francisca Fadel Sr.",liza.dibbert@example.com,"Lake Morgan",38,2019-07-01
"Mr. Glennie Conn PhD",ttreutel@example.net,"East Jonathanshire",45,1989-03-28
"Bryce Fadel",kilback.luella@example.org,"East Katheryn",56,1970-09-04
"Dr. Jordan Schaefer V",ydietrich@example.net,Zulaufhaven,84,2009-09-27
"Stan Willms MD",karl78@example.org,Aureliaport,55,2014-08-15
"Mr. Marley Corkery",qsimonis@example.com,Miloton,77,1994-11-24
"Mr. Brown Nitzsche Sr.",johanna.hane@example.net,"East Simeonside",23,1988-06-10
"Raymond Armstrong DVM",xsenger@example.com,"Port Doris",32,1982-01-18
"Dr. Rachel Adams Sr.",terence.marks@example.com,"New Scarlettville",69,1987-11-23
"Keenan Maggio I",bterry@example.net,Kuvalisfort,52,2006-03-23
"Nicklaus Wunsch",emil.oberbrunner@example.com,Leifstad,47,1981-10-14
"Lambert Kuhn",bernadine.torp@example.com,"New Chanelberg",56,2024-07-26
"Eloisa Littel",porter84@example.net,Braunport,80,2017-11-20
"Prof. Braxton Bins",orn.elwyn@example.org,Emeryton,32,1999-11-27
"Dr. Kip Donnelly",mparisian@example.com,Evelynmouth,23,2002-01-06
"Chadrick Walter",joreilly@example.net,"North Elveramouth",85,1989-11-20
"Orrin Schaden PhD",cara.cole@example.org,Ritchieland,54,1991-11-18
"Prof. Chandler Botsford",agusikowski@example.com,"South Ida",51,1987-03-23
"Prof. Jacklyn Zieme V",sawayn.sammy@example.com,"North Gilbert",36,1980-01-27
"Durward Goldner",miles86@example.com,Turnerview,40,2003-05-26
"Lizzie Anderson",tomas.schaden@example.org,Yvetteberg,35,1999-10-25
"Mrs. Allie Dicki",anderson.natalia@example.net,Marcofort,37,1973-02-08
"Mr. Charley Christiansen",hermiston.heloise@example.net,Schuppemouth,78,1970-02-05
"Prof. Molly Hand",marjory.koch@example.net,Marcusland,70,1996-12-07
"Alverta Durgan",maximillian.pagac@example.com,Joymouth,55,2003-05-22
"Birdie Luettgen",schaefer.asa@example.com,Hardyhaven,36,2017-02-19
"Ms. Luella Larkin",mraz.lenore@example.net,Christellefurt,44,2018-09-28
"Colleen Cormier Jr.",hrempel@example.com,Kaneville,22,2018-07-10
"Melyna Brown",everett.dickens@example.org,Rosamondchester,64,1982-03-31
"Leanna Kuhic",okeefe.alexane@example.com,Volkmanfort,32,1987-10-23
"Ruby Witting",damon.damore@example.org,"East Trevabury",63,2003-10-31
"Prof. Keyon Ernser",deanna37@example.com,"North Glennieburgh",47,2008-01-29
"Dedric Beahan",mclaughlin.linnea@example.net,"East Willischester",44,1983-07-12
"Mr. Christop McDermott III",isac95@example.org,Christiansenton,64,1998-09-07
"Santos Becker",thowell@example.org,"Port Pattown",37,2002-05-10
"Franz Stroman III",brandt79@example.org,"East Dulceton",36,1978-12-02
"Nathanael Effertz",eromaguera@example.net,"North Ulices",46,1981-02-18
"Mrs. Claudia Reinger I",terry.kohler@example.net,Isidroport,51,1981-05-04
"Koby Dickens",brielle21@example.net,"East Amber",27,2008-06-01
"Prof. Gregory Johnson",opal.wilkinson@example.net,"Lake Erica",31,1977-04-15
"Astrid Rosenbaum",litzy.parisian@example.net,"East Dillanfort",79,1990-09-29
"Viviane Labadie",abigayle.wolf@example.org,Ullrichberg,71,2005-10-06
"Miss Abby Parisian",bennett.white@example.org,Westonside,36,2012-09-15
"Breanna Bahringer Sr.",peggie33@example.org,Hettingerhaven,63,2005-08-19
"Gina Ortiz V",shanelle.wilkinson@example.com,"East Gayle",37,1987-07-07
"Lenna Schiller",bednar.santiago@example.org,Weimannbury,20,2024-10-13
"Tom Heidenreich",remington.jerde@example.com,"Lake Missouri",70,2015-04-26
"Donato Gislason IV",grimes.alexys@example.com,"Lake Lorenzo",35,2021-02-01
"Tabitha Mueller",madaline.hagenes@example.com,"East Colemanstad",32,2014-05-15
"Mr. Laverne Watsica PhD",johanna41@example.net,Jamarmouth,37,2018-07-24
"Maxine Abbott",vheathcote@example.com,"New Juliusport",74,1971-10-05
"Janie Ritchie Sr.",abbott.felicita@example.com,"East Mario",21,1999-10-12
"Mrs. Kiana Moore",otha.runte@example.com,"West Forrest",42,1989-06-21
"Casimir Bogan",candido50@example.net,Stromanbury,81,2003-03-26
"Mrs. Augustine Breitenberg III",liza.bins@example.org,"Lake Laney",37,1982-07-22
"Karlie Ebert",emil78@example.org,Mullerborough,57,1983-11-23
"Keanu Simonis MD",oreilly.nicole@example.net,Libbymouth,61,1988-03-25
"Eleonore Robel",price.mabel@example.com,"East Randalville",31,1981-07-28
"Velda Weimann",jacquelyn.swaniawski@example.net,"Lake Ricardo",72,1971-12-18
"Roxanne Koss",opal.jenkins@example.org,Jakubowskiside,66,1979-09-12
"Guido Windler",giovani33@example.org,"South Mortonburgh",79,1989-03-29
"Lonnie Littel",charity61@example.net,Cooperton,36,2005-03-21
"Dell Durgan",mraz.javon@example.com,Borerburgh,46,1976-09-01
"Dr. Carli Reichert V",hsmitham@example.com,Giovannychester,31,1970-02-24
"Linwood Reilly III",lauriane63@example.com,"New Meaghan",49,2022-04-24
"Marjolaine Greenholt Jr.",bhagenes@example.net,Davisport,44,2018-02-17
"Dr. Waldo Wolff",evans.grant@example.com,Fadelport,45,2009-07-01
"Antonio Toy",skshlerin@example.org,Lolaville,66,2005-05-10
"Laurie Stamm",cristobal25@example.net,"Port Mittiemouth",38,1996-06-28
"Alexa Funk II",bahringer.elfrieda@example.org,"South Hester",70,2013-04-16
"Holly Ferry",ihoeger@example.net,"East Edwin",54,1985-10-18
"Ernestina Graham",altenwerth.madaline@example.net,Aiyanaland,30,2021-11-24
"Mr. Donny Bernhard",soledad96@example.net,"South Wileystad",37,1975-06-15
"Alexys Littel Sr.",elmer.schoen@example.net,"Port Sheila",20,2009-03-13
"Prof. Marquis Kutch",kkunze@example.com,Destanychester,72,2024-04-04
"Prof. Marcelina Willms",noemie27@example.com,"Lake Destinifurt",50,1993-10-31
"Dr. Allan Orn",schaden.urban@example.net,"East Reggieburgh",62,1996-12-15
"Mrs. Abby Langosh I",yzieme@example.org,Kingville,42,1972-11-03
"Bridie Donnelly",hjacobs@example.org,"West Hipolitoshire",41,1992-11-02
"Samson Lakin",pearl.ward@example.org,"West Crystel",49,1972-04-01
"Eleanora Watsica",iosinski@example.net,"Lake Clintonburgh",66,1974-01-12
"Brianne Mraz",alan83@example.org,"North Leslyshire",45,1982-06-18
"Graciela Mohr I",paucek.shayna@example.com,Antonetown,75,1975-04-07
"Garrett Schuppe",reinhold26@example.org,Adamsmouth,51,1986-03-09
"Lennie Gutkowski",jettie19@example.net,Ornfurt,27,2006-02-19
"Luella Yost",cameron54@example.com,"South Boris",34,1981-10-07
"Judy DuBuque",gaylord.london@example.com,"New Rhianna",40,2010-03-15
"Scarlett Gorczany",graciela43@example.com,"North Lafayettetown",85,1999-10-29
"Alessandra Smitham",queen.kuhlman@example.com,Santafort,60,1985-10-11
"Hope Gibson IV",dion.runte@example.net,"West Sabryna",77,2009-02-10
"Dianna Barton",lauren24@example.org,Tressaland,48,1998-07-04
"Dr. Sophie Gottlieb",nikko.denesik@example.net,"East Damaris",32,2018-11-24
"Mr. Quinten Towne III",bruen.baylee@example.com,Morrisfurt,76,1971-04-05
"Jonatan Hayes III",sheridan17@example.net,Jakubowskiville,28,2014-10-15
"Mrs. Rachael Metz",art35@example.net,"Port Keshaun",25,1973-08-10
"Maude Wolf III",epurdy@example.org,Corwinstad,81,2018-09-14
"Erin Glover II",lehner.jordyn@example.com,"East Aliciachester",45,1993-10-27
"Cleta Schamberger",kjast@example.org,Lueilwitzhaven,72,1985-08-18
"Tillman Larkin",champlin.audie@example.org,"New Dallinborough",19,2016-04-27
"Miss Margarett Mayert III",ally.kozey@example.com,Vanessaville,72,1975-12-27
"Raheem Anderson",natasha.gleason@example.net,Cristalfurt,18,2019-02-07
"Josie Bode",lennie.lubowitz@example.org,Isacberg,75,2004-02-23
"Sophie Hermiston",xrice@example.net,Grantbury,29,1997-10-11
"Linnie Rohan",mayert.trever@example.org,Davonton,68,2018-05-02
"Eunice Murazik III",junius41@example.com,"East Brayan",51,1983-09-01
"Merritt Kohler",renner.electa@example.org,Marceloberg,18,2014-03-26
"Nina Keebler",karli.bode@example.org,Staceyfort,66,1979-05-20
"Maia Gerhold",louvenia.hauck@example.net,Saultown,49,2002-10-14
"Enrique Konopelski",violet.hilpert@example.com,"East Sigmund",55,2017-02-14
"Dr. Clara Block",linda18@example.net,"East Deontae",27,1999-03-16
"Mr. Jerad Franecki Jr.",hauck.gabriel@example.com,Schoenmouth,21,2020-12-11
"Mr. Otho Maggio II",katarina.hills@example.net,"Lake Hudson",55,1972-09-18
"Prof. Kali Pouros PhD",mante.deshawn@example.org,"Lake Rosamond",32,1973-11-05
"Lucile Bashirian",nstroman@example.net,"North Maryjane",68,2005-05-25
"Avis Hamill Sr.",geoffrey97@example.net,"North Laurinemouth",26,1993-01-02
"Dr. Randi Witting MD",imelda.jast@example.com,"South Patsyport",48,1971-11-14
"Kaylee Oberbrunner",jada.bins@example.net,Collierchester,26,2010-04-18
"Santa Bahringer",rcrist@example.com,Bogisichville,64,2019-04-25
"Dr. Danika Larkin",annabel.reynolds@example.org,Alexandreaborough,74,2010-09-14
"Dr. Greyson Smith III",manley12@example.net,Enochbury,84,1980-12-25
"Marques Wuckert",payton18@example.org,Bethland,61,1994-09-18
"Marcellus McKenzie",keeling.salma@example.com,Maryseville,77,1999-07-04
"Sadye Considine Jr.",jermain18@example.net,Okunevaburgh,58,2017-06-28
"Megane Schultz",dalton09@example.net,"Lake Madalynshire",58,1975-03-15
"Avis Runolfsson",effertz.destinee@example.net,"Lake Adella",73,1995-05-26
"Whitney Kertzmann",satterfield.florian@example.net,"East Otis",79,1977-01-31
"Skyla Dooley",candice48@example.org,Felicitybury,39,2002-12-25
"Daryl Daugherty",ari.rolfson@example.org,Bernierborough,20,2016-05-27
"Thomas Heller",orlando.prohaska@example.net,Yostfort,31,2017-11-24
"Shanie Durgan",bwyman@example.com,"East Chadd",63,1975-12-15
"Tomas Gibson Sr.",rod79@example.org,Stephanymouth,20,1976-12-20
"Alva Armstrong",mathew.mayert@example.org,Leannberg,65,1987-08-21
"Dr. Leonardo Rice",jcorwin@example.com,Harrisberg,41,1989-08-20
"Estrella Feest",imogene.bergnaum@example.org,"Lake Maci",29,2007-03-09
"Miss Selena Hermiston II",terry07@example.net,Hanestad,38,2005-05-18
"Mr. Ashton Lowe",benton71@example.org,"West Damienmouth",54,1994-10-19
"Johnnie Shanahan MD",casper.icie@example.com,"Lake Cornell",78,1990-01-30
"Dolores Marquardt",luz.volkman@example.com,"South Blancamouth",35,1978-03-02
"Elna Fadel",fwalter@example.com,"West Karinefurt",77,1993-12-05
"Helena Price",parker.gail@example.com,Jettburgh,73,2013-07-15
"Verlie Moore",lkunze@example.net,"West Carmella",32,1993-05-29
"Colten Emmerich",astreich@example.org,Farrellburgh,84,2007-12-11
"Moses Champlin",quincy.rosenbaum@example.com,"Port Twila",70,1976-06-09
"Antonina Champlin",ebartell@example.net,"New Bernadettefurt",19,2010-04-10
"Markus Paucek",carol.dach@example.org,Weberton,77,1986-01-25
"Sven Muller IV",percival50@example.net,Yasmineburgh,57,1997-12-07
"Prof. Peyton Okuneva",thurman.dietrich@example.org,Luluview,25,1988-10-09
"Dr. Phyllis O'Keefe",lucinda.waters@example.org,"West Jeramiestad",40,1991-09-02
"Sabina Beier",kbogan@example.org,"Port Rod",53,2022-05-25
"Adah Grant",ohyatt@example.org,"New Amya",72,1971-07-28
"Murray Labadie",shemar.treutel@example.com,"Port Fabiantown",73,2017-09-23
"Mr. Elbert Murray",rita.oconner@example.org,"Lake Francescoton",61,1982-01-19
"Cora McGlynn",ullrich.abbigail@example.org,Rodriguezburgh,82,1998-01-22
"Dr. Consuelo Wolff",maurice.ziemann@example.org,Willside,37,2009-01-09
"Blaze Gleason",yrogahn@example.com,Moorefurt,44,1973-03-25
"Mac Ziemann",bayer.fanny@example.org,"East Kathlynfurt",53,1971-11-29
"Grace Moen",pedro.mclaughlin@example.org,"Port Katelintown",74,2016-08-28
"Ophelia Davis",ismael.jaskolski@example.org,Hagenesbury,51,1995-04-08
"Brando Weber",zack90@example.com,"Lake Demarcus",50,2011-11-27
"Niko Mayert",ssipes@example.org,"Lake Scottie",18,2012-07-24
"Prof. Alexys Volkman",rodrick12@example.org,"Lake Hobart",28,1981-12-16
"Theo Hartmann",tanner22@example.net,"North Dovieton",34,1975-01-23
"Miss Sharon Zulauf",donavon.ward@example.com,Kiehnstad,76,1978-07-21
"Uriah Hahn",christiana26@example.net,"South Rhiannon",24,1986-04-09
"Prof. Veda Kreiger MD",vita.conn@example.org,"Port Kolbyview",53,2016-12-04
"Maximo Veum",spencer.ena@example.org,"West Richieside",77,1972-11-28
"Prof. Tyson Nikolaus",marge.feil@example.org,Joborough,45,2010-11-12
"Sebastian Hilpert",murazik.duane@example.com,"Port Crystelmouth",76,1987-10-29
"Dr. Ethan Marvin PhD",vwaelchi@example.net,Michelbury,52,1983-04-01
"Dr. Rowland Renner DDS",jettie47@example.net,"North Paulachester",48,2008-04-27
"Miss Emmanuelle Fisher I",ismael82@example.org,"North Isai",29,1999-09-04
"Elizabeth Hahn",jcasper@example.org,Gudrunchester,41,2017-01-18
"Roxanne Kutch I",tpollich@example.com,"New Anais",61,2005-08-19
"Judy Waelchi",miles.schaden@example.net,Russelland,20,1976-07-25
"Ulises Fadel",marietta.schaden@example.com,Lauraport,32,1977-12-29
"Kamron Herzog",tschmitt@example.net,"North Lunaport",76,2005-10-26
"Koby Cartwright",mhuels@example.com,Kozeymouth,19,2011-01-25
"Lessie Prohaska",peggie.abernathy@example.com,Cruickshankberg,84,2022-06-17
"Abbigail Bogisich",cstokes@example.com,"North Winona",47,2012-07-26
"Maximillian Harris DDS",dietrich.hermann@example.com,Hirtheland,51,2006-09-16
"Eldridge Harber",aron.zboncak@example.com,Jasmintown,29,1973-09-09
"Sanford Wilkinson PhD",ykilback@example.org,Rueckershire,38,1999-06-14
"Tyrel Rau",jason31@example.org,"West Davidmouth",58,2018-11-18
"Agustina Schumm",xkunze@example.com,Padbergborough,24,2018-09-29
"Shirley Upton",kwillms@example.net,"South Aglaebury",46,1995-12-11
"Prof. Obie Fahey",xjohnson@example.com,Marquardtton,77,1970-09-19
"Jacques Cruickshank",mustafa92@example.org,"Lake Chrisfurt",29,1984-09-07
"Dr. Richard Daugherty III",judge68@example.net,"East Devante",70,1990-12-19
"Nellie Lowe",christy.auer@example.com,"Port Freddie",50,2017-11-01
"Prof. Giles Walsh",mia79@example.net,Chelseaborough,70,2004-08-01
"Jordan Blanda PhD",wwaters@example.com,Addisonville,48,1980-01-05
"Miss Miracle Dickinson",zhayes@example.org,"Lake Gudrunmouth",41,1980-08-08
"Minerva Feeney",noemy70@example.org,"New Ardithfort",50,1975-07-22
"Prof. Jarrett Parker",darlene.bergnaum@example.org,"North Hassiebury",23,1996-06-17
"Mr. Cedrick Brakus Sr.",hoeger.beverly@example.com,"West Makaylamouth",66,1984-11-07
"Delores Walker",edythe.halvorson@example.org,"West Lennie",57,1999-04-27
"Karina Lakin",vida.monahan@example.org,"West Kennith",71,2018-01-05
"Miss Lauren Abbott",mckenzie.lonzo@example.net,Blocktown,34,2023-06-28
"Kyleigh Wuckert",nhomenick@example.com,"East Bryonhaven",65,1991-11-18
"Shad Kub I",eulalia58@example.com,Claireborough,60,2002-08-04
"Dr. Constantin Kshlerin Sr.",margie.bode@example.org,Marvinhaven,79,1974-03-11
"Miss Dianna Towne",haylee.emard@example.net,Larontown,47,2022-01-11
"Mr. Zackary Metz",dklocko@example.net,Wizaport,83,2023-08-14
"Prof. Alycia Koss",ikessler@example.com,Kassulkeshire,41,1986-05-18
"Karley Baumbach",dickens.georgiana@example.net,"West Madalineshire",20,2013-02-21
"Miss Marielle Welch",jessyca62@example.org,Roelmouth,79,1995-08-11
"Kennith Schamberger",fay.allen@example.org,"Port Dorothyview",45,1982-08-07
"Annabelle Cremin",danyka56@example.org,Rennerborough,20,1973-07-01
"Jace Swaniawski",ndonnelly@example.com,"Lake Daisy",39,1986-09-22
"Gideon Wyman DVM",taya.douglas@example.org,"South Jessicahaven",32,2017-06-18
"Dr. Dawson Schowalter Jr.",riley.ziemann@example.org,Cierraland,72,2013-04-05
"Prof. Darren Corkery DVM",gunner35@example.org,Serenityland,64,1989-06-19
"John Veum",nigel.ferry@example.org,Rennershire,64,2011-01-20
"Ettie Schmeler",bechtelar.mohammad@example.org,Malcolmville,25,2012-07-19
"Ashleigh Dickinson",kallie21@example.net,"North Pink",33,2022-03-02
"Prof. Rhoda Shields",zparker@example.com,"East Gradyview",18,2018-01-17
"Murphy Hoeger IV",klemke@example.org,Wuckertfort,82,2001-10-18
"Diamond Wilkinson",bridgette51@example.org,Blandahaven,47,2000-05-11
"Cassandra VonRueden",velda59@example.net,"North Yazmin",35,1984-08-06
"Eino Pacocha",collier.willis@example.org,Tremblaybury,35,1987-07-21
"Ms. Estella Bosco",wilderman.brannon@example.org,"Port Lester",83,2000-09-07
"Colleen Jenkins",leo.parker@example.com,Rosalindastad,44,1980-02-11
"Dr. Cameron Glover",ldaniel@example.org,"Port Buddyberg",56,2007-12-06
"Dr. Tyra Koss DDS",stephania55@example.org,"East Misty",41,1986-07-02
"Leanne Crooks",duncan93@example.com,Loisfurt,26,2006-01-18
"Ahmad Marks Jr.",reymundo.kreiger@example.org,"South Germainefort",45,2015-11-12
"Prof. Frida Borer Jr.",rdaugherty@example.net,"South Jermeychester",31,2017-10-30
"Barton Considine",grimes.van@example.org,Stromanborough,69,1979-08-24
"Alec Lynch Jr.",hgutkowski@example.org,"Port Freeda",71,2015-11-10
"Miss Sandy Cruickshank",esta.mohr@example.net,"Lake Colemanton",55,2023-11-23
"Mrs. Destinee Okuneva",ytillman@example.org,"North Hillard",73,1981-05-16
"Prof. Louisa Kuhlman V",nelle39@example.org,Jensenport,20,2002-04-17
"Dr. Madison Dickinson",alvera89@example.org,Brakusport,65,1975-05-02
"Albina Sanford",kristina33@example.org,"New Mckennaberg",45,1987-03-14
"Tyler Purdy",klein.brianne@example.com,"Port April",82,2004-06-19
"Ladarius Rowe",robin.lowe@example.org,"North Alessialand",84,1990-03-23
"Kattie McClure",maggio.margret@example.org,Hyattmouth,56,2021-03-01
"Stuart Goyette Jr.",sauer.magali@example.org,Alizachester,41,1995-02-22
"Winnifred Windler",zula.emard@example.org,"East Sabryna",61,1990-07-01
"Ian Deckow",constantin12@example.org,"Lake Margeside",24,1975-03-12
"Prof. Berta Hettinger V",gbotsford@example.org,"New Torey",24,1999-04-04
"Mohamed Beer",watson.mertz@example.net,Parkerside,64,2021-12-12
"Nikki Koepp",mkub@example.com,Valentinehaven,21,1979-08-28
"Prof. Christop Cartwright",angelita20@example.org,"South Jessehaven",72,2016-11-13
"Elva Hamill",herzog.juanita@example.com,Daniellachester,18,1984-10-05
"Naomie Lubowitz Jr.",bogan.hosea@example.net,Rosenbaumfurt,47,2021-08-16
"Vernon Bode",boyer.maribel@example.org,"Port Enosborough",71,1970-11-06
"Prof. Ransom Halvorson",ritchie.cara@example.org,"New Rhodamouth",40,2006-06-30
"Mr. Ezra Kuhic",jules22@example.net,Durganfurt,53,2010-10-10
"Chance Shields Sr.",cecelia76@example.org,Schroederchester,62,1973-07-02
"Abdullah Kuhn",ysatterfield@example.org,"Port Giovanna",23,2021-06-24
"Franco Osinski",ugrimes@example.net,Francescoville,51,1973-03-30
"Prof. Imogene Wunsch",kwilderman@example.net,"Port Amparoland",68,1999-11-25
"Freddie Rutherford",lfeeney@example.net,Larkinborough,31,1989-08-08
"Nayeli Kessler DDS",rernser@example.net,"Lake Mario",22,1973-09-09
"Prof. Laverne Mueller",antwon23@example.com,"New Merlburgh",81,1984-01-07
"Mike Hand Jr.",bell.paucek@example.com,Nicolaschester,75,1987-02-26
"Kennedy Pfannerstill",collier.antone@example.net,"East Aliyashire",60,1984-07-21
"Karianne Bins",fcummings@example.com,"South Pauline",40,1976-01-20
"Eino Jacobson I",xbraun@example.com,"North Andreanneton",33,1989-06-19
"Ivah Borer",lucie04@example.org,Colinhaven,26,2019-10-05
"Serenity Mann",maggio.aiden@example.net,"Lake Westleymouth",78,1990-11-02
"Domenic Howell",kessler.destini@example.net,"Port Berniece",41,1986-11-20
"Geoffrey Huel",nikolas27@example.com,"West Doyle",55,2014-05-30
"Spencer Botsford",eulalia60@example.net,Sawaynborough,73,1970-04-28
"Camilla Murazik",lblock@example.org,"East Omahaven",43,1977-01-12
"Cade Weissnat",lilla01@example.net,"Lake Blaise",42,2013-01-30
"Dr. Kayleigh Lemke",etowne@example.net,"East Krista",47,1995-07-06
"Floy Hettinger I",khalid.hudson@example.org,Rickeyfurt,83,2010-12-08
"Dr. Cory Borer Jr.",loy.halvorson@example.org,"East Mariannaburgh",44,1978-03-06
"Ms. Velva Klein I",ocruickshank@example.org,Garrymouth,55,2021-10-30
"Rey Dicki",oberbrunner.louie@example.org,"Lake Lafayette",31,2021-01-11
"Beryl Hammes",jones.forest@example.net,Aufderharbury,72,1983-11-18
"Rashad Romaguera",predovic.rhett@example.org,"North Madelynntown",72,1970-07-20
"June Fisher",concepcion05@example.net,Gorczanyland,32,1973-04-09
"Nigel Marquardt",vsanford@example.org,"Lake Alvis",36,1992-12-21
"Teagan Pacocha",dianna23@example.com,Karlibury,40,2017-03-11
"Wilford King MD",schroeder.adela@example.com,"West Jeffery",58,2005-06-16
"Manuela Feeney",trystan.pacocha@example.org,"West Nickchester",83,1988-09-22
"Miss Meredith Rosenbaum I",susan43@example.com,"New Assunta",47,2012-01-11
"Dr. Theo Koch",tbrakus@example.net,Elliottville,43,2007-05-18
"Tierra Zieme",tess07@example.net,"Port Pinkview",34,2013-02-25
"Dax Buckridge MD",barry62@example.org,Izabellaville,67,1977-11-27
"Prof. Ena Hamill",kenya19@example.com,"Lake Armando",40,1994-08-31
"Miss Alexane Nicolas V",osinski.julius@example.net,Leuschkeberg,47,2022-06-17
"Mr. Aric Bode",zulauf.shakira@example.org,Denesikbury,39,2007-08-07
"Olga Hartmann",ebert.abbigail@example.net,Bradtkebury,22,2011-10-31
"Miss Samantha Monahan DVM",ernser.marley@example.com,"Lake Nyah",59,1979-12-28
"Otha Turner",gmurray@example.net,"East Avis",47,2018-09-23
"Mrs. Hosea Leuschke III",nryan@example.com,Roycefort,35,1973-11-30
"Cary Kulas",arianna03@example.org,Valentineport,38,1983-03-07
"Celestino Armstrong III",aweber@example.com,"Lake Sophia",62,1981-07-01
"Mr. Jayden Carroll V",towne.adrien@example.com,"East Marilyne",53,2012-09-09
"Cathryn Schimmel",koch.marcia@example.org,Pollichville,81,1981-07-30
"Buford McClure DVM",joy65@example.org,"Port Vito",31,2012-06-21
"Quincy Lubowitz",tiara.keeling@example.com,"East Brendan",34,2005-04-01
"Jenifer Fisher I",kiehn.antonette@example.net,"North Hoseaberg",65,2009-04-17
"Jaylan O'Keefe",spencer.sheridan@example.net,"Lake Robbport",71,1978-03-16
"Stanton Rau I",qrunolfsdottir@example.org,"North Nils",40,1981-10-31
"Mandy Bednar",maxwell62@example.org,Schmelerton,33,2000-02-14
"Alejandra Collier",anna32@example.net,Kundeside,62,2005-08-11
"May Langworth",beau08@example.org,"New Pascalefurt",40,1974-05-08
"Ms. Nyah Kertzmann",johnnie33@example.org,Coltonside,83,2006-05-31
"Rachael Raynor",cornelius39@example.com,Moenshire,61,1995-11-07
"Ivy Gleason",macy.okeefe@example.net,Rossieshire,20,2017-05-31
"Charles Blick",wokuneva@example.net,Woodrowland,40,1991-04-21
"Domenick Armstrong",gutkowski.jermain@example.org,"New Velmaview",32,1972-07-15
"Alyson Bergnaum",dnitzsche@example.net,Markusland,47,1985-03-02
"Miss Aubree Graham",tdickinson@example.com,Westborough,83,2001-03-29
"Dr. Carmelo Kautzer III",berta23@example.net,"South Diegohaven",41,2007-05-25
"Prof. Merl Kunze Sr.",deanna05@example.net,Klockohaven,64,2024-02-01
"Charles Flatley",stokes.korbin@example.com,"New Marianashire",48,1994-06-08
"Dr. Gregorio Daugherty",dina84@example.net,"West Leonchester",57,1982-03-21
"Dr. Mae Windler IV",selina.kuphal@example.com,Garettbury,70,2000-08-30
"Raul Stanton II",njones@example.com,McCulloughborough,37,2000-08-29
"Kelli Langworth Sr.",friesen.clifton@example.net,"East Sarai",67,2023-11-28
"Raymond Rodriguez",hazle91@example.net,"Lake Caterinaland",51,1986-02-16
"Charity Conn PhD",garfield.jast@example.org,Buckport,77,1975-12-21
"Missouri Harris",golda.klein@example.org,"South Justine",28,1997-07-25
"Jaylon Marks",ywiza@example.org,Oberbrunnerhaven,19,2005-11-23
"Adolphus Harris",pete.hirthe@example.org,Lindseybury,42,1992-10-02
"Dr. Jeff Stiedemann III",xwest@example.net,Darrellfort,42,2012-03-04
"Johanna Bartoletti III",ralph43@example.org,"New Jose",22,1995-03-15
"Maryjane Hirthe",hamill.jaylin@example.net,Davisberg,50,2009-12-11
"Felix Herzog",doug51@example.org,"Port Nadiastad",29,2003-12-12
"Garth Rohan III",irogahn@example.com,"West Federicofort",78,1990-10-21
"Duncan Ratke",wilson21@example.com,"New Everette",27,2024-01-13
"Wava Schmeler",tbrown@example.org,"East Alvah",68,2005-09-30
"Lenny Hintz",winfield.kilback@example.net,"Lake Kobyton",30,1982-12-27
"Makenzie Zulauf",wendell.mayer@example.com,Leonorbury,51,1997-08-05
"Dr. Norwood Marquardt",wisoky.gerry@example.net,Croninbury,58,2003-12-10
"Mr. Barney Stehr DVM",georgianna13@example.net,"South Donnell",85,2019-11-12
"Adelbert Bradtke",taya67@example.net,"East Royce",59,1980-08-29
"Heather Raynor",emoore@example.org,Amberside,41,1993-02-12
"Prof. Theresia Barrows",deanna97@example.com,Jefferyberg,32,1972-10-05
"Randal Kshlerin",meda.wiegand@example.com,Rohanside,23,1984-05-10
"Annabell Barrows",stefan72@example.net,"South Jaylonfort",53,1998-05-31
"Corbin Moen",kshlerin.brooke@example.net,"New Sammy",31,2013-05-26
"Grant Wilderman",crawford.krajcik@example.com,"Port Elroyburgh",18,1979-06-05
"Estella Ortiz",thompson.chadrick@example.net,"East Madieview",38,1975-05-23
"Noemy Nienow",kaleigh14@example.net,"North Carli",61,1980-07-27
"Maurine Shanahan",melissa16@example.com,"Lake Velma",27,2003-11-02
"Prof. Gage Schneider III",hhuels@example.org,Mustafaland,64,2004-11-18
"Cortney Bernier",schuyler.feeney@example.com,Cormierside,82,2015-03-08
"Marjolaine Spinka",fabian.franecki@example.org,Klinghaven,54,1993-12-02
"Vilma Durgan",rkihn@example.net,"North Tito",62,2009-05-04
"Prof. Elyssa Ziemann",amosciski@example.net,"West Rowena",49,2006-04-14
"Ena Wunsch",cleo.grady@example.net,"South Zackeryshire",26,1997-12-28
"Antwon Kassulke",zander01@example.com,"East Camronfort",62,2010-09-22
"Ms. Elmira Grant",gkoch@example.net,Celestinofort,69,2013-11-06
"Kelvin Marvin II",carleton15@example.org,Littlemouth,59,1984-02-29
"Bernard McKenzie",josie12@example.org,Micahshire,78,2005-12-15
"Shanelle Ankunding",farrell.jovanny@example.org,"New Vilma",32,1976-12-07
"Destini Maggio",zhand@example.com,Burnicemouth,58,2010-03-28
"Mikayla Kutch",zbogan@example.net,Dougbury,30,2008-11-25
"Christopher Rice",tyreek.smitham@example.org,"West Dahliamouth",63,1973-09-24
"Consuelo Gleason",theresa.hilpert@example.org,Feeneymouth,20,1999-07-26
"Lue Fahey",blanda.aiyana@example.com,"South Winifredfurt",64,2001-12-22
"Bennett O'Connell",alvena83@example.net,"South Nyasiaville",27,2001-06-04
"Samanta Gutmann",kassulke.coleman@example.net,"East Shaniaberg",83,2016-03-26
"Sabina Robel",ykuhic@example.com,Hermanhaven,46,1988-03-14
"Yazmin Olson",botsford.abbey@example.org,"South Summer",38,1982-09-15
"Miss Hosea Zieme",gislason.oral@example.net,"West Grahamburgh",52,2004-01-23
"Katlynn Cormier",smitham.celestine@example.com,"New Emeliamouth",25,1979-06-16
"Otto Beier",electa.gleason@example.net,Tianabury,19,1982-05-21
"Cathy Moen",xtremblay@example.net,Hudsonchester,42,1998-12-22
"Amely Auer",wpfannerstill@example.com,"South Tadmouth",27,1976-10-06
"Ismael Hamill",crunte@example.org,"East Sandrine",77,1979-03-17
"Golden Turner",stephen.quitzon@example.net,"East Domenica",67,2014-03-31
"Jaylon Raynor",tosinski@example.com,"West Dylan",28,2011-06-05
"Amira Kilback",nkautzer@example.org,"South Arden",57,1981-09-05
"Bethany Tillman",gpaucek@example.org,Brandonfurt,80,1997-03-18
"Abdullah Farrell",guadalupe12@example.org,"North Max",55,2000-11-09
"Araceli Rutherford",atillman@example.com,Alexandermouth,38,2000-04-16
"Gustave McGlynn",mariana44@example.net,"Port Leonel",20,1978-11-29
"Mollie Boyle",roberts.johnnie@example.com,Watsonburgh,83,1996-03-16
"Lexus Veum",theodore93@example.com,Crooksland,29,1975-04-24
"Mr. Rocio Skiles",hfisher@example.com,"East Bransonburgh",78,1996-03-28
"Dr. Michael Runte Sr.",gibson.mose@example.net,Skilesberg,65,1981-05-07
"Conner Walsh",donato73@example.com,Murrayville,65,2004-04-26
"Rossie Ritchie",florian27@example.org,Kuphalberg,75,1976-02-23
"Mr. Gregory Carter III",savannah94@example.org,Erdmanfort,51,2004-05-10
"Prof. Karli Rippin",freddie23@example.net,Cruickshankshire,50,1995-04-30
"Giovanny Parisian",graham.hugh@example.net,Padbergton,37,2001-08-21
"Alberta Collins",lavinia.hermann@example.com,Ernieport,23,2022-06-03
"Prof. Caesar Thompson",johnpaul42@example.org,"Port Alizeview",70,2012-03-12
"Andy Powlowski",aisha26@example.net,"Lake Yesseniaville",74,1982-01-31
"Miss Annabelle Stoltenberg IV",kevon17@example.com,"New Amandamouth",66,1987-08-22
"Anna Gibson",smonahan@example.org,"Port Laurychester",76,2018-12-21
"Marley Bode",mckenna.nicolas@example.com,Bettieshire,51,2015-12-24
"Noel Nader",alexis59@example.org,"New Skylar",84,1977-08-26
"Chaz Lind",krajcik.liam@example.com,Schmittshire,64,2018-01-11
"Eloy Gulgowski",hkutch@example.com,Sydniestad,35,2019-07-11
"Albert Marks",emedhurst@example.org,"West Raulfurt",33,1983-07-09
"June Schmidt",marvin.evalyn@example.com,"New Herminastad",63,2023-02-17
"Ms. Enola Friesen",mdurgan@example.org,"West Angelita",51,2005-10-13
"Gerson Fay",helene.kunze@example.org,"North Shirleyshire",39,2004-05-09
"Aida Renner",elias61@example.org,Hermanhaven,70,2005-06-07
"Maxwell Kerluke",bosco.zena@example.net,"Port Martaton",59,1996-01-08
"Aaron Kemmer",gaylord.geo@example.net,"East Ruthe",44,2024-04-02
"Evans Rippin",marlin12@example.net,Darbyberg,65,1995-09-21
"Dr. Desmond Kautzer",cokon@example.net,Kunzeview,40,2009-03-11
"Quincy Walsh",mglover@example.net,Johanville,31,2006-12-04
"Ms. Isabel Kuhn",uabshire@example.com,Raubury,58,1994-05-25
"Houston Ortiz",kessler.isabella@example.org,"New Rusty",58,2006-04-01
"Desiree Pacocha",nellie.prosacco@example.com,Nienowport,29,2019-08-27
"Joyce Ratke",tyler.koss@example.com,"Lake Karlee",49,2008-05-13
"Raphaelle Towne",margarett37@example.net,Mertieshire,80,1995-10-02
"Kylie Ankunding",mavis.flatley@example.org,"South Cliffordbury",49,2017-04-27
"Ms. Christine McKenzie",zakary.koelpin@example.org,"Port Lewis",45,2013-06-11
"Manuel Stamm",melany.robel@example.org,"East Davon",57,1990-02-27
"Jermaine Bayer",myra11@example.net,"Port Reillyburgh",18,1990-02-01
"Sidney Jerde",gschinner@example.net,Christiansenport,59,1986-05-28
"Lucious Ankunding",gerda.robel@example.com,"North Annie",81,1982-08-27
"Winnifred Mills III",orville.kutch@example.net,"North Pasquale",29,2011-05-11
"Estella Kshlerin",gorczany.vincenza@example.com,"Lake Talia",58,2008-06-23
"Jairo Lehner",xkuhn@example.org,"Lake Marisamouth",60,1979-10-21
"Barrett Morissette",bernhard53@example.net,Romagueraland,26,2008-08-14
"Mr. Crawford Von PhD",berge.jeremy@example.org,"Port Keanubury",31,2023-02-15
"Dedrick Lind I",ckoss@example.net,"New Oswald",74,1979-04-17
"Dr. Jayce Bogisich MD",nolan.verner@example.org,Harrisville,29,2017-11-06
"Rodrigo Nitzsche",kelly.dubuque@example.org,"Port Jessika",37,2009-02-08
"Dr. Crystel Fadel",rafaela.schuppe@example.com,"Lake Josefinaborough",51,1980-02-18
"Jovany Rolfson",ggorczany@example.org,Kihnport,39,2008-01-20
"Johann Wehner",elisha.little@example.org,"Lake Lewborough",68,2020-11-29
"Miss Thora Towne MD",schaefer.gust@example.org,Kimview,46,1986-04-20
"Astrid Carroll IV",bosco.wilfrid@example.net,Sylvantown,58,1975-05-29
"Sydnee Hills",gorczany.henderson@example.net,Amyaside,76,2001-02-28
"Dr. Geovanny Dare DDS",mgibson@example.com,Hyattland,29,1996-07-10
"Kelli Mante",mikel.thiel@example.com,Hayesfurt,58,1976-09-23
"Katarina Walsh",kub.harmon@example.net,"Lake Dora",84,1983-01-25
"Miss Nova Harvey",cflatley@example.org,"South Ricardo",54,2022-10-01
"Shakira Greenholt",breitenberg.sibyl@example.org,Garnetfort,77,1992-07-07
"Prof. Carleton Schultz",maye.sanford@example.org,"West Theresia",27,2008-03-25
"Davin Friesen",tkautzer@example.com,"North Margueriteside",81,1970-10-02
"Prof. Franco Erdman PhD",bridget26@example.com,"West Miles",24,1999-07-07
"Bud Davis",ashly.emmerich@example.org,Thompsonville,46,2022-09-11
"Mr. Prince Paucek",sawayn.cyril@example.com,"South Yazmin",29,1977-01-30
"Elva Murazik",mae76@example.com,Geraldchester,29,2004-04-18
"Elyse Hansen",littel.kathlyn@example.net,Joesphhaven,82,2022-11-12
"Prof. Ulices White",kfeest@example.com,"North Brionna",84,1974-01-13
"Ida Leannon",haley.gislason@example.net,Bartonside,73,1997-12-22
"Prof. Celine Crona MD",reilly.steuber@example.com,Hillborough,23,2009-01-27
"Prof. Elwin Hegmann",maida.ledner@example.net,Nataliehaven,18,1975-11-11
"Francis Stracke",lilyan94@example.com,"New Al",24,2024-11-10
"Prof. Eduardo Doyle",wolf.buck@example.net,"New Jeanborough",66,1975-03-11
"Mitchel Cruickshank",wilfred.kris@example.org,Yvetteview,40,1986-03-07
"Adrien Botsford Sr.",akunze@example.com,"North Retta",30,1982-12-19
"Mercedes Fay",kgleichner@example.org,"South Conrad",24,2015-12-11
"Dr. Scot Doyle",sanford.joe@example.org,"Lake Crawford",66,1988-06-03
"Mr. Warren Hills",sophia.jakubowski@example.org,Grahamberg,31,2012-02-20
"Raegan Mante I",marvin.edwardo@example.com,"Port William",74,1972-08-01
"Conor O'Hara",coralie.terry@example.org,Lonniefurt,23,1979-07-09
"Alexander Schuster Jr.",dulce58@example.org,Mistyview,78,2017-01-03
"Frederik Gibson",goldner.alden@example.org,"East Jakob",77,1982-05-06
"Prof. Rahul Walsh III",tanner78@example.org,"South Jordanshire",78,1981-01-07
"Aiyana Connelly",feil.nyah@example.com,"South Moses",32,2019-04-10
"Omer Davis",daryl88@example.com,Colestad,69,1984-01-04
"Alexys Wintheiser",salvatore57@example.org,Mooreland,73,2005-02-08
"Angel Brekke",qkonopelski@example.org,"East Marcville",27,2001-01-13
"Janick Waters",breynolds@example.net,"West Nashport",19,1991-06-20
"Cristina Langosh",francis70@example.org,Mosciskiside,63,1994-03-27
"Dale Mante",huels.dax@example.org,"West Cielo",51,1993-03-15
"Miss Delphine Shanahan",bell.ebert@example.com,"Lake Geoland",60,2002-05-07
"Mrs. Anjali Streich Jr.",sunny.kunze@example.net,Dietrichton,78,2013-03-17
"Austyn Corkery",brown.marcella@example.com,Rempelton,37,1978-10-15
"Malcolm Auer",joshuah41@example.net,Brodychester,52,1982-01-06
"Miss Nona Feeney",alexis.padberg@example.org,Alanahaven,82,1980-11-10
"Elmo Feil",monica.weber@example.net,Christianshire,80,2011-09-15
"Prof. Reuben O'Keefe",jpowlowski@example.org,"South Eulaburgh",22,2010-09-05
"Kirk Runolfsdottir",bennie.mann@example.org,Davemouth,26,2000-12-12
"Victor Predovic",kavon98@example.net,"North Maynard",49,1982-12-02
"Mittie Lind III",rosalind.brown@example.org,Bradymouth,62,1993-11-07
"Amely Haag",hester38@example.net,"New Claire",77,2020-07-31
"Mr. Terrell Abshire MD",cankunding@example.org,"South Ford",45,1996-10-07
"Jairo Ernser",maximo36@example.com,Gerlachburgh,56,1995-04-20
"Abdiel Becker",fbaumbach@example.com,"North Coralie",82,2011-09-16
"Alexandre Anderson",wcronin@example.org,"New Aniyah",62,2018-10-09
"Prof. Laverne Swift",klocko.kasandra@example.org,"South Unachester",45,2013-09-26
"Lauretta Block",ryost@example.net,"New Ernestoshire",57,1973-02-03
"Prof. Coleman Hirthe II",walker.ahmed@example.net,"New Estelle",37,1984-07-24
"Dawn Blanda",morissette.angelita@example.net,"North Drew",47,1990-07-22
"Lawson Botsford",paxton.breitenberg@example.net,VonRuedenland,21,1995-12-16
"Amparo Runte",wilhelm06@example.net,"New Amiya",40,2009-09-23
"Baby Hartmann I",esteban.hermiston@example.com,"North Thorashire",47,1990-12-15
"Fabian Abshire",qondricka@example.com,"South Clement",23,2022-07-24
"Chelsea Hayes",ostehr@example.org,Boscostad,20,2005-07-16
"Troy Wiegand Sr.",brekke.eric@example.org,"North Oceane",45,2019-08-19
"Ms. Nelle Koepp MD",billie22@example.com,Tremayneton,39,1982-05-26
"Rita Dibbert",stehr.merlin@example.net,Mariamborough,41,2018-10-28
"Miss Ivy Schuppe I",lera02@example.org,Jonesfort,20,2018-03-03
"Jake Becker",smitham.antonio@example.org,Kameronton,79,1981-06-25
"Benny Glover",spencer06@example.com,McKenzietown,36,1998-08-05
"Ms. Hulda Wolff II",rosenbaum.virginia@example.net,"South Onie",49,1983-04-03
"Carolina Harris DDS",marvin.cummerata@example.net,Eichmannview,30,1987-07-12
"Heaven Wuckert",vschneider@example.org,"East Daneport",60,2017-07-21
"Brandy Donnelly",breitenberg.janis@example.com,Vivianshire,42,1993-06-16
"Rae Mitchell",nmaggio@example.com,"West Janicktown",19,1991-09-18
"Kallie West",brisa.stokes@example.com,"Port Dejahtown",22,1973-04-16
"Mrs. Alysa Lind",mckenzie39@example.org,Abelardomouth,22,1998-04-10
"Dr. Adele Emmerich Sr.",loren80@example.com,Katelinberg,52,2006-04-07
"Armand Bogan I",desiree22@example.com,Izaiahton,63,1971-07-16
"Malika Koss",dell.reynolds@example.net,"West Lamarbury",66,1992-09-10
"Lenore Reinger",rempel.amber@example.org,"Lake Lizzie",19,2016-03-07
"Sally Conroy",keira36@example.net,Erikatown,45,1989-02-16
"Rolando Witting",lia.runolfsson@example.com,"New Ettie",52,1997-09-11
"Joshua Will",fanny92@example.com,Brookechester,85,1978-04-11
"Vilma Wolf",ihermann@example.com,"New Rociohaven",27,2021-06-03
"Jovani Klein",randi33@example.net,Edgardofort,45,1994-04-28
"Dr. Alford Jacobi",stehr.juston@example.com,Bennybury,76,2001-01-19
"Brock Bailey",camylle.altenwerth@example.org,"New Oral",76,1989-03-11
"Dr. Xzavier O'Kon MD",thiel.royce@example.org,Mayatown,55,2003-01-15
"Emmalee Bailey",schultz.chase@example.org,"East Cornellstad",35,1989-11-17
"Albert Dickens I",ritchie.janiya@example.org,McGlynnton,82,1992-01-05
"Cedrick Considine",luettgen.theo@example.net,"West Hobart",44,2008-01-28
"Eveline Harvey Jr.",hkilback@example.com,"East Harmonyview",47,1997-01-21
"Dr. Horace Kozey",barbara58@example.net,"New Roderickmouth",34,2023-02-01
"Candelario Harber II",bins.julie@example.org,Suzanneside,80,1996-08-15
"Verdie Sanford",utorp@example.org,"North Hesterville",53,1994-08-25
"Madeline Fisher",hayes.vincenza@example.com,"South Franz",58,1997-12-04
"Leilani Schiller II",marlon.lehner@example.org,Orlandoland,40,2016-06-02
"Prof. Dennis Hintz",gutmann.jay@example.org,"East Imani",28,1984-06-07
"Katarina Pagac",flockman@example.org,Thompsonville,82,1980-07-01
"Jerel Spencer I",mlangworth@example.net,Collinsmouth,60,2023-10-12
"Alessandra Metz",cdaugherty@example.org,Borertown,48,2005-05-07
"Ardella Schuster III",damore.derek@example.net,"Lake Melbaport",21,1999-01-09
"Tre Kunze",fveum@example.com,"North Madalynside",57,1975-04-21
"Arianna Kling",wolff.hadley@example.org,Howellmouth,85,2024-09-27
"Jane Harvey",jhaag@example.net,"Lake Edmundhaven",18,1971-07-09
"Dr. Verdie Schumm DDS",crist.lavada@example.com,"New Lucious",54,1995-04-11
"Ivah Mueller",sauer.derek@example.net,Howellmouth,53,1991-09-06
"Shaina Lubowitz",elroy25@example.org,"Lake Golda",20,2008-08-09
"Jeromy Homenick",nwindler@example.net,Justynfort,53,1985-02-12
"Kaitlin Zieme DDS",paris.walter@example.com,Mabelton,49,2021-07-21
"Katharina Dickens",ruthe.rutherford@example.net,"West Ottohaven",63,1993-08-09
"Leland Cummerata",walker.stewart@example.net,"West Lucileville",61,1991-11-01
"Ms. Asha Effertz",rath.tony@example.org,Baileyshire,82,1983-10-28
"Sonya Rippin DDS",lpurdy@example.org,Boyleborough,31,2002-08-30
"Terrence Moen",bessie03@example.com,Koelpinstad,40,1981-12-15
"Delfina Conroy",jordon.white@example.com,Camillamouth,78,1972-11-14
"Carlee White",fwolff@example.org,Baumbachmouth,68,2011-01-19
"Vergie Rosenbaum",towne.dock@example.net,"East Ianview",74,1988-06-03
"Colten McDermott",anais.nitzsche@example.org,Wehnerton,78,2023-09-05
"Dr. Leopold Kertzmann",oceane.schultz@example.org,"Port Nakiafurt",75,2011-09-26
"Deon Fadel",kwintheiser@example.org,"West Luther",18,2005-03-24
"Mr. Murl Hill",mueller.wilber@example.com,Mooreton,32,2001-08-22
"Fae Spencer IV",ublanda@example.org,Jacyntheview,34,1971-07-06
"Mrs. Karine Morissette",hoppe.mireya@example.org,Satterfieldbury,66,1990-08-21
"Dr. Lacy Wuckert",macejkovic.henderson@example.com,"East Leilaniland",49,2003-09-12
"Mr. Evans Monahan",josefa.goyette@example.org,"Port Ruby",68,1971-07-11
"Annabelle Stanton",percy85@example.org,"Port Cordia",73,2024-01-16
"Prof. Furman Conroy Sr.",durgan.beth@example.net,Shannaside,76,1984-01-06
"Dr. Ned Harber",giovanna.schmeler@example.org,"Port Cheyannetown",65,1971-04-07
"Margaret Langworth",rempel.yazmin@example.com,Celestinobury,80,1980-11-07
"Dr. Jasper Corkery",lillie.yost@example.org,"New Lois",49,2012-02-13
"Guido Sanford",bmarvin@example.com,Annamarieburgh,85,1999-10-22
"Brain Borer",joelle.bahringer@example.com,"West Alekfurt",57,1986-11-18
"Velva Lynch",wilfred55@example.net,Cronabury,42,2008-08-02
"Marquise Bergnaum V",barrett.hettinger@example.org,Romaguerafurt,69,2007-08-21
"Jordon Hane V",ehalvorson@example.com,"East Jessica",80,2024-06-02
"Virgil Jacobson",jacey44@example.net,Balistreriton,20,1976-10-26
"Domenico Littel",molly93@example.net,"South Celestinefort",68,2007-12-24
"Cleta Bernier",franecki.angelo@example.net,"North Joyceville",37,2019-10-14
"Mr. Humberto Osinski",kayli.schinner@example.net,Marielafort,85,2022-05-30
"Joanie Abernathy",runolfsdottir.susie@example.net,Tremblayton,60,2007-03-22
"Julia Legros",thad25@example.org,"New Vernaborough",19,2015-03-19
"Brook Stiedemann",borer.scot@example.org,"Lake Wyatt",27,1980-11-25
"Nolan Legros PhD",nigel.becker@example.org,"South Nikkimouth",34,1983-06-16
"Nola Schuster Jr.",brisa.franecki@example.org,"South Margieshire",30,1975-03-25
"Vince Nikolaus",zherman@example.net,"New Giovanny",79,1984-01-11
"Jadyn Robel",khamill@example.org,Haagshire,73,1989-11-22
"Jacey Schumm II",volkman.darlene@example.net,Heathcotemouth,33,1977-08-06
"Kenya McCullough",sabina.king@example.org,Audreannemouth,42,1993-12-06
"Kiana Klein",nona04@example.com,Jonestown,60,1996-01-25
"Javier Lueilwitz",adams.caleb@example.net,Rosatown,83,1985-10-20
"Ceasar Spencer",mittie.walker@example.com,Kaceyborough,42,1990-09-05
"Dr. Hilario Hoppe Jr.",zkovacek@example.org,"Port Solon",46,1975-07-01
"Maia Schinner",hkunde@example.com,Halvorsonmouth,48,1971-07-16
"Kameron Ferry",mtowne@example.com,Jastbury,36,1999-08-10
"Therese Corkery",aliya.lowe@example.com,Smithamshire,63,1996-01-12
"Prof. Arianna Price MD",mireille.king@example.org,Pricebury,80,2014-02-03
"Maryam McKenzie PhD",shanahan.antonia@example.org,Dawsonland,29,1973-06-02
"Kailee Sipes",dariana.white@example.org,"Port Ayanafurt",61,2021-05-01
"Prof. Nona Gottlieb",ccorwin@example.net,Legroston,28,2021-04-07
"Sedrick Torp",breitenberg.orpha@example.com,"New Jadyn",38,1981-09-28
"Emely Farrell",dstark@example.net,Eldredmouth,28,1971-08-02
"Isidro Hill",qskiles@example.org,Farrellport,22,1985-10-30
"Rogers Lueilwitz II",jacinto.wiegand@example.com,Volkmanville,41,2010-01-03
"Prof. Alfonzo Bartell III",filiberto22@example.net,Denesikhaven,36,1987-09-23
"Aglae Kling",pbotsford@example.com,"Port Victorstad",60,1987-04-19
"Andreanne Hartmann DDS",wilfred.jakubowski@example.net,Eileenburgh,25,2012-04-09
"Ladarius Pouros",burdette.brakus@example.net,Jaysonfurt,56,1988-09-07
"Savion Sauer",vbatz@example.net,"North Bricehaven",26,1978-12-03
"Arne Wolf",conroy.katlynn@example.com,Koeppport,52,2023-08-03
"Rafael Parisian PhD",mclaughlin.bella@example.com,"West Lambertland",39,1984-08-22
"Caleb Walker",louisa05@example.com,Maymietown,57,1995-12-25
"Eda Hoeger",ukohler@example.com,"Port Adrainview",25,1970-08-30
"Constance Collier",lynn31@example.net,Bernhardberg,50,1984-05-28
"Myrtie Heathcote",xcole@example.com,Giannitown,64,1997-06-07
"Estelle Morissette",koch.rosemarie@example.net,"South Aubree",23,1975-10-06
"Urban Block",juanita32@example.org,"East Simton",28,2002-12-08
"Coby Gerhold",mlowe@example.com,"Lake Coleman",67,2023-10-14
"Darrion Osinski",prohaska.jett@example.org,Erdmanland,67,1972-10-02
"Mrs. Claire Konopelski II",xbeier@example.net,"East Isaiahhaven",19,1977-04-12
"Abigayle DuBuque MD",hellen95@example.net,Luluport,40,1983-04-28
"Mario Kihn",sofia.murray@example.com,Mayerbury,33,1997-08-25
"Abner Goyette",mfisher@example.org,Olehaven,35,2013-04-09
"Kaylie Turcotte",born@example.org,Gorczanyburgh,48,2015-04-29
"Kelton Beer MD",zpfannerstill@example.org,Adrielbury,73,1988-10-07
"Alivia Schumm",emanuel.hill@example.net,"West Lisa",78,1972-05-25
"Kraig Stracke",batz.alize@example.org,Doylebury,19,1997-01-24
"Kaia Kerluke MD",enid.okon@example.com,Barrowsburgh,62,1975-11-01
"Susie Corwin",cnikolaus@example.com,Schowalterhaven,73,2020-05-25
"Randi Treutel III",cecilia.green@example.org,Langworthview,65,1989-01-28
"Gerard Kuhn",drohan@example.org,Saulview,22,1970-02-13
"Jovani Williamson MD",johnston.maurine@example.com,Camrynhaven,38,1994-05-15
"Palma Crooks",dibbert.kayli@example.org,"East Brooklynport",83,1984-01-22
"Casimir Kreiger MD",kpacocha@example.net,"North Robertborough",44,2008-01-06
"Muriel Kuhlman",kolby.dicki@example.net,Predovicmouth,60,1975-05-02
"Brielle Jakubowski",lhyatt@example.com,Constancechester,79,1992-04-18
"Tiffany Borer",friesen.gregg@example.net,Casperville,48,1990-11-04
"Dr. Daniela Ankunding PhD",talon47@example.org,Hansenburgh,70,2012-01-20
"Daryl Klocko",howe.austen@example.com,"North Kassandraport",22,1994-05-30
"Shanny Borer I",hailee.legros@example.net,"West Angieport",29,2011-08-03
"Miss Cristal Homenick DDS",carmen.greenfelder@example.com,"North Rita",79,1996-06-05
"Betty Hoeger",cecelia72@example.org,Stehrtown,60,2009-03-23
"Lorena Tremblay DDS",gail03@example.com,"East Neomaberg",32,2024-12-21
"Dr. Maureen Breitenberg II",hallie45@example.net,Bentonchester,81,2007-01-20
"Loma Gutmann",chasity.weimann@example.com,Kenshire,70,2003-06-19
"Audreanne Mosciski DDS",wilhelm.boehm@example.org,"East Enosfort",85,1977-07-26
"Demarcus Bergstrom I",zion.senger@example.net,Toyville,82,1988-08-14
"Leann Balistreri V",alberta42@example.net,Terenceside,26,2004-08-19
"Shanie Wisozk",herta.mclaughlin@example.org,"South Jordonmouth",34,1995-08-18
"Glenna Cole Jr.",sdaniel@example.org,"Port Ewell",50,2016-01-04
"Javier Lueilwitz",armstrong.nigel@example.org,Ryanfurt,45,2000-09-13
"Lonny Herzog",hbarton@example.org,Lorenzside,66,1996-04-22
"Isabella Connelly V",daniel.ronaldo@example.net,Sengerfort,21,1998-01-17
"Edward Yost",mkoepp@example.org,Juneton,18,1989-10-13
"Vito Hermiston",damaris.marquardt@example.org,Marquisemouth,49,1976-01-14
"Hermina Ernser",randal25@example.net,"North Lemuel",76,1987-12-21
"Osvaldo Romaguera",oda.terry@example.net,"Lake Andrew",81,1973-06-15
"Holly Marvin",tsimonis@example.net,Kohlerbury,73,1986-05-18
"Susan Altenwerth",lbecker@example.net,Thielland,47,1995-03-18
"Ms. Lupe Braun DVM",schaefer.jacey@example.org,Lebsackland,37,2020-06-26
"Brycen Lind",domenica.rowe@example.net,Lowellbury,27,2000-02-01
"Dr. Rubye Rempel MD",qebert@example.net,"Lake Shea",76,1979-02-08
"Prof. Serenity Sanford PhD",pharber@example.org,Tateborough,25,2009-08-04
"Davon Jones",kkub@example.com,Fredfurt,81,2016-08-30
"Aaliyah Nitzsche",jordy06@example.net,"New Odessa",70,2020-12-15
"Clementine Dibbert",kirstin93@example.com,"West Evans",42,2014-06-22
"Kendall Mante",yundt.asia@example.org,Sauerstad,74,2006-09-19
"Fletcher Leffler",roger84@example.com,"East Reynafurt",78,1998-11-19
"Dion Cruickshank",hlockman@example.net,"New Patience",22,2021-01-30
"Edyth Kreiger",mauricio.stamm@example.org,"New Shanonton",56,1989-09-02
"Marietta Greenfelder",hdach@example.com,"Lake Havenmouth",28,1980-01-10
"Ahmad Murray II",irwin16@example.net,"Lake Evansside",76,2024-04-15
"Granville Hansen",crona.jovanny@example.com,Weissnatborough,47,2018-11-30
"Kitty Rutherford",rose.rau@example.net,Cassinmouth,77,1973-09-15
"Donny Hahn",ddamore@example.com,"West Jennings",70,1996-03-04
"Ms. Nia Walker DVM",schinner.melissa@example.org,"South Lamont",42,1977-03-06
"Ronny Leffler",adella29@example.net,Raynortown,38,2019-01-18
"Maggie Bashirian",moen.tristian@example.net,"East Vernicetown",18,1987-02-20
"Savanna Kerluke DVM",gianni.windler@example.org,Walkerchester,72,1977-04-14
"Kari Ortiz",kmedhurst@example.org,"West Hilarioland",85,1976-01-10
"Savanah Stanton",marcos.auer@example.com,"North Delmerland",84,2023-07-10
"Prof. Jayce Cremin DVM",collier.maymie@example.com,Homenickburgh,68,1986-08-06
"Audrey Considine",herman.german@example.com,Roweview,71,2024-05-08
"Vergie Cormier",akuhic@example.net,Olsonview,43,2024-01-12
"Prof. Rusty Grady",jlehner@example.org,"North Aglaefurt",27,2006-08-05
"Bridie Gorczany",napoleon43@example.com,"East Michaelabury",80,2016-11-15
"Santina Effertz",zieme.rusty@example.org,Georgettetown,44,2011-09-24
"Eddie Treutel",jacobs.marilou@example.net,"North Phyllisshire",39,1986-12-16
"Vilma Leffler",linnie.gusikowski@example.org,"North Dulcemouth",26,1976-11-07
"Caleb Osinski",arogahn@example.com,"New Carlistad",38,2003-03-18
"Mrs. Reva Weimann",tboyle@example.com,"New Jesseport",63,2004-02-18
"Kendall Hane I",ebert.randall@example.net,"South Malloryborough",26,1999-07-18
"Jeanette Brown",wschneider@example.net,Trantowside,77,1984-11-01
"Prof. Phyllis Wiza",zemlak.reymundo@example.com,"East Henry",36,2024-09-14
"Alessandra Lowe II",webert@example.net,Hudsonstad,53,1999-08-02
"Dovie Lemke",august.fadel@example.net,Queenborough,31,1974-05-25
"Dorthy Terry",marilie.lebsack@example.org,Bogisichburgh,28,1976-05-30
"Adele Crona",hgislason@example.org,"South Corbinhaven",56,2011-10-29
"Mrs. Alisa Batz II",cummings.kariane@example.org,Greenton,54,1990-09-11
"Giuseppe Rohan",rath.idella@example.com,Croninmouth,51,1995-02-11
"Elody Rolfson",jonathan.rowe@example.org,"Port Alysa",35,2019-10-01
"Dr. Alden Larson",dbauch@example.net,Kareemport,32,1982-11-23
"Junius Rippin",cummings.rosalia@example.com,Danteville,55,1982-06-20
"Karli Botsford",maximillian38@example.net,"East Lera",27,2015-05-11
"Kaylin Stamm",zackary.kohler@example.org,"Port Vesta",63,2015-11-10
"Susana Willms DVM",kulas.marilie@example.org,Keshawnbury,83,1980-11-17
"Dr. Maynard Kihn",flatley.jaiden@example.com,Wolfbury,46,1970-03-08
"Javon Zboncak",hstamm@example.org,"Port Josiah",58,1993-11-21
"Ms. Verda Kemmer",ametz@example.com,Smithamchester,63,2009-01-29
"Antonette Donnelly IV",collin07@example.org,Hilbertshire,80,2018-11-15
"Mrs. Patience Mertz",ramiro.mann@example.org,Parkerchester,48,1996-04-29
"Nelle Deckow",shyanne20@example.net,Marionport,71,2018-01-03
"Kevin Jones",effertz.alessia@example.net,"East Jayson",76,1989-06-25
"Dr. Jeremy Huels V",rbradtke@example.org,"Port Easterside",31,2009-03-06
"Sheila Langosh",nkuhic@example.net,Keenanville,82,2007-06-09
"Joelle Morar",eve12@example.net,Schuppeton,81,1993-06-03
"Anastacio Keebler",lizeth.doyle@example.net,Kaylahstad,28,2016-10-25
"Myrtice Hessel",ferry.kenyatta@example.net,Fisherstad,77,1990-06-29
"Miss Melyssa Miller",schmeler.charity@example.com,"South Clint",77,1998-07-01
"Everett Spinka",murphy22@example.com,Lomachester,49,1981-05-23
"Dr. Daryl Willms IV",cummings.kailey@example.com,"South Mitchell",56,1971-01-13
"Karina Kunde",senger.cornelius@example.com,"Port Rosario",61,1992-11-29
"Haylie Gibson",delia85@example.org,"North Jamel",41,1983-12-08
"Aron Jones",graham.ulises@example.com,Olenland,70,1988-09-24
"Trystan Effertz",tina42@example.com,Schillerville,50,1991-09-26
"Prof. Jerel Roberts",nsauer@example.org,"Port Orinchester",19,2015-02-01
"Arno Mraz",aufderhar.valentin@example.org,"South Mckennafurt",21,1990-02-10
"Sierra Sawayn",srohan@example.com,"East Artborough",23,1991-03-12
"John Waelchi",ellen.parisian@example.com,Darrickside,45,1989-07-03
"Lincoln Johns",okon.leopold@example.net,"Port Ursula",19,2015-04-19
"Ms. Vernice Schuster",kirstin.osinski@example.net,"New Rico",75,2001-12-19
"Afton Dickinson MD",bnienow@example.com,"East Rachaelburgh",61,2000-08-27
"Zoie Cruickshank MD",kailey38@example.net,Marksville,70,1983-09-11
"Yesenia Rice",vickie.jakubowski@example.net,Eleonorechester,24,2009-06-08
"Prof. Evan Jerde",katrina28@example.org,"New Sharon",64,2005-09-24
"Mr. Freeman Wiza IV",glenda.orn@example.net,"Lake Angela",48,2003-06-30
"Maxwell Considine",gleichner.reyna@example.org,"North Hazel",28,2012-01-08
"Gerson Boyer Sr.",derrick40@example.org,Collierfurt,58,1983-05-01
"Miss Bette Prohaska",cathryn.terry@example.net,Gloverburgh,48,2001-02-15
"Stewart Pagac",malcolm.baumbach@example.com,Sydneyborough,33,2016-07-29
"Willow Wyman",reynolds.lenora@example.org,"West Alejandra",40,2024-07-05
"Mr. Jarret Konopelski",concepcion85@example.net,Raleighborough,55,1974-01-09
"Ali Berge",sawayn.nikki@example.net,"Lake Clovisland",56,1997-02-11
"Prof. Stan Hammes PhD",zglover@example.net,"Port Sydniebury",80,2002-12-18
"Prof. Lauriane Roob MD",semmerich@example.net,"New Kathlynton",27,2022-01-30
"Ms. Estel Lindgren",andre.fadel@example.com,"West Ottisberg",63,1998-12-26
"Hudson Gerlach II",jaskolski.rose@example.net,"Port Maritza",67,2017-10-10
"Kiel Toy",ajohnson@example.org,"East Salvadorside",74,2019-02-12
"Michelle Jones",dawson84@example.com,"Lake Emilie",38,2000-03-28
"Leilani Mayert",ktreutel@example.com,Vonfort,52,1974-03-18
"Prof. Isabella Legros PhD",cooper38@example.com,Coltenbury,20,2004-08-01
"Alexandra Barrows",bayer.percy@example.org,"West Luigiborough",27,2005-09-02
"Mr. Scotty Hill",brakus.enrico@example.org,Lomaland,26,1987-10-21
"Howard Waelchi",rodriguez.rick@example.com,"East Rocio",56,2018-11-16
"Jadyn Yundt",cartwright.kiley@example.org,Delfinaport,26,1974-01-21
"Norene Klein V",kevon.glover@example.com,Littlebury,54,1982-05-01
"Kayleigh Ullrich",kirlin.shea@example.com,"New Julie",28,1998-09-27
"Kyla Heidenreich",cwehner@example.com,Collinsberg,48,2009-05-24
"Eva Mosciski PhD",kozey.lizeth@example.net,Maurinetown,74,1995-01-09
"Timmy Gutmann",delmer.klein@example.org,"Lake Dallaschester",52,1975-01-16
"Edwardo Ziemann",kdaugherty@example.com,Einarville,63,2011-06-03
"Dr. Modesta Rice",emely26@example.com,"West Genevievebury",49,2010-09-27
"Prof. Cesar Marks Jr.",lexi59@example.com,Johnathonfurt,18,2009-12-20
"Alvah Legros DVM",roberto.beahan@example.com,"North Wilma",23,1982-04-16
"Kavon Graham",dejuan.hoeger@example.com,Catherinestad,79,1993-01-16
"Juanita Runolfsdottir",ilesch@example.net,"Port Harmonychester",19,1990-04-04
"Carole Lemke",loyce76@example.net,Pourosside,22,2004-10-09
"Russel Dare Sr.",collin69@example.org,"Lake Austenberg",36,1985-12-01
"Mr. Elmer Jaskolski",okub@example.org,"Lake Mitchelshire",19,1979-01-06
"Allen Lowe",vincenza14@example.com,Franeckiland,35,1992-01-14
"Clifford Herman",tyler.barton@example.org,Oleland,21,1984-05-08
"Brad Hoeger",shields.jazmyn@example.net,Weberport,55,1980-08-05
"Eve Block Sr.",paul89@example.net,Schowalterview,78,1985-04-03
"Mr. Cole Predovic",nyasia.durgan@example.com,"Lake Urbantown",64,1976-05-27
"Prof. Wyatt McGlynn IV",kristopher.bartell@example.org,Adrianton,31,2002-09-11
"Raven Jakubowski PhD",maxwell.effertz@example.net,Gladycechester,76,2019-05-07
"Yazmin Anderson",stephan23@example.com,"New Trishachester",44,1999-01-21
"Mr. Micah Zemlak",murray77@example.net,"Port Aubreyville",54,1997-04-10
"Carissa McGlynn",katlynn.stroman@example.net,"South Dejuan",75,2014-09-26
"Margot Tremblay",gwalker@example.com,Schuppeshire,75,2006-11-24
"Dr. Devan Weimann PhD",eherman@example.net,"South Chet",32,2009-12-21
"Keira Jerde",monica21@example.com,"South Maximus",20,1978-08-05
"Gloria Kunze",walker.randy@example.net,Joshuahport,50,2023-01-01
"Emery Trantow III",gmertz@example.net,"Lake Brownport",81,2000-05-15
"Mrs. Daniela Dach",batz.clare@example.com,Carrolltown,32,2018-05-12
"Trace Wilderman",reichel.kayley@example.com,Beattyshire,18,1987-06-27
"Helene Runte",mnienow@example.org,Rudyport,65,2024-04-05
"Dr. Newell Rutherford DVM",kitty01@example.net,Kunzeshire,20,1990-09-25
"Owen Romaguera",gsatterfield@example.net,Erikaland,63,2022-03-10
"Doris Borer DVM",cassidy.walter@example.net,Dallinview,32,1973-10-02
"Trudie Champlin",juanita.ritchie@example.org,Evansbury,28,1984-08-21
"Freeda Marvin",kara45@example.com,Swaniawskiport,72,1978-07-13
"Jan Veum",shanahan.marcelle@example.org,Langworthmouth,64,2013-01-13
"Jacklyn Ratke",smith.jeanette@example.org,Shieldsville,54,1998-09-22
"Laila Gaylord",ward.kunze@example.org,"South Aleneton",53,2007-05-07
"Dr. Shyanne Little",alene.rice@example.net,Braulioshire,35,2009-05-04
"Oda Reichert",ahackett@example.net,"North Mittiemouth",68,1991-05-10
"Tate Gutkowski",stark.eldora@example.org,Brendenton,50,1990-12-12
"Camron McKenzie",pfahey@example.com,"West Terrychester",48,2000-09-04
"Kole Dach",dibbert.leta@example.org,Littelport,83,1994-06-21
"Leland Leannon",lockman.giuseppe@example.org,"East Koryhaven",61,1995-07-03
"Dr. Alfredo Schmitt III",juliana56@example.org,"Lake Nicole",40,1973-09-07
"Emmie Stokes DVM",jennifer.hirthe@example.com,"West Julianneport",76,1982-09-29
"Dr. Gussie Bergnaum",fschoen@example.com,"North Ila",52,1998-09-02
"Otho Kovacek DVM",ronaldo14@example.net,Marvinbury,42,2000-06-25
"Prof. Addie Schimmel",liana56@example.org,"Lake Lauryn",24,2005-07-30
"Judson Wilderman",parisian.horacio@example.net,"Port Orionport",58,1987-07-17
"Gisselle Deckow",ellis.robel@example.org,Reedview,50,1983-12-02
"Ms. Danika Cartwright",russel73@example.org,Rathborough,85,1974-07-09
"Prof. Asha Dietrich DDS",holly.hintz@example.org,Fisherborough,83,2014-02-19
"Naomie Botsford",rashawn12@example.com,Matildahaven,59,1979-04-10
"Leif Swaniawski V",johns.marquise@example.com,Tracytown,18,1984-04-08
"Mr. Emanuel Bergnaum",helene.bode@example.net,"Lake Gabe",45,1998-08-15
"Pansy Mills",grant.cristina@example.com,O'Konfurt,81,1979-03-29
"Kennedy Greenholt",hpredovic@example.org,Prosaccotown,54,1970-03-10
"Mr. Lionel Huels",murl.auer@example.com,Cormierberg,63,2003-01-31
"Gregory Gulgowski",claud.stanton@example.net,"East Antonettefurt",34,1995-09-29
"Alexys Volkman",angeline79@example.com,Orenchester,47,2018-07-06
"Euna Runte",xhomenick@example.net,"New Jordy",72,1973-11-10
"Beau Roob",tess84@example.org,"South Theresia",80,2002-08-10
"Albert Prohaska",pweimann@example.net,"East Lourdes",54,2001-05-18
"Dr. Bianka Witting I",wilma15@example.net,Townefort,23,1987-12-10
"Paige Bergstrom DVM",melvin14@example.net,Rowenatown,70,1985-10-07
"Titus Johns III",okey.klocko@example.com,Hudsonport,50,2000-08-07
"Teresa Ankunding",schmitt.tia@example.com,"South Maximoton",51,1974-08-03
"Jerad Dach",lterry@example.com,"North Johnathonview",33,1999-01-03
"Randy Leannon",bogan.rosanna@example.com,Ankundington,46,2018-03-31
"Alfredo Schimmel",yhammes@example.org,"South Davin",72,1980-07-23
"Kariane Smith",weimann.millie@example.net,"West Tyra",33,1995-05-30
"Mrs. Felicia Boyle Jr.",theresia10@example.net,"North Boyd",46,2021-02-18
"Kaley Prosacco PhD",dicki.carlotta@example.com,"Port Bessie",41,1979-09-13
"Dillon Gulgowski",tconsidine@example.org,"East Eleazarside",20,2024-10-02
"Dr. Bonnie Trantow",anya74@example.net,"Lake Norristown",34,2013-08-12
"Maybell Feeney",johnson74@example.org,"East Leopoldo",50,2009-10-18
"Britney Altenwerth IV",reid.roob@example.net,"South Mossiebury",79,2010-12-11
"Felipe Marks",mcormier@example.net,"East Hannahville",22,1971-10-08
"Clarissa Deckow IV",jeffry56@example.org,"Port Kathleen",37,1985-09-14
"Miss Ashlynn Kessler III",ksmith@example.org,Hyattland,47,1983-11-01
"Kirstin Jenkins",odessa.herman@example.net,"South Raleighville",76,1974-02-06
"Jan Herzog",romaguera.jaden@example.net,Lolaside,84,2024-10-30
"Dr. Conrad Wolff",kschumm@example.net,Leviborough,76,2004-09-18
"Victor Gulgowski",eileen38@example.org,"South Priscilla",76,2017-02-26
"Willow Strosin MD",padberg.pamela@example.net,"East Hattiechester",78,1979-01-01
"Taylor Mraz",melvina.kreiger@example.com,"Port Myrtis",53,1995-04-19
"Leo Effertz",emckenzie@example.com,"North Toney",43,1995-10-16
"Prof. Eric Feeney DDS",emilia.howe@example.org,"Port Frederick",47,1987-10-05
"Clementina Reichel",dcarter@example.net,Beierfurt,26,1972-07-04
"Edison Carroll",stroman.jovan@example.net,Kubmouth,49,1996-03-21
"Dr. Bud Ziemann MD",zmetz@example.net,"South Alessiabury",33,1971-11-23
"Elisha McClure",kaitlin.larkin@example.net,O'Connellmouth,57,1972-02-14
"Yasmin Adams Jr.",kkeeling@example.net,"West Geovannyhaven",84,2006-05-07
"Waylon Kautzer",baron72@example.org,Jazmynshire,77,2024-05-22
"Dr. Winston Shanahan V",bill.trantow@example.net,"Lake Tatyanaside",37,1992-11-08
"Jarret Lesch",ebeer@example.com,Jailynberg,42,2010-01-19
"Dr. Nella Prohaska Sr.",earl29@example.org,Ebertport,38,1976-09-22
"Prof. Sydnee Dickinson",considine.burdette@example.com,Cleoraburgh,66,2018-07-11
"Ms. Suzanne Kuphal",lysanne86@example.net,"South Myrnatown",35,1998-09-01
"Sidney Kub",marisol.sporer@example.org,Mullerview,55,2019-01-03
"Mrs. Mya Gutkowski",braxton97@example.com,"New Imeldaport",35,2003-03-22
"Mr. Jayson Reichert",tess.goodwin@example.net,Ortizport,29,1980-07-30
"Brooklyn Harvey",bruen.jaylin@example.org,Quigleyville,81,2007-10-08
"Fae Paucek",lmetz@example.com,"New Christa",35,2002-12-13
"Prof. Francesca Mertz IV",stiedemann.wilhelm@example.com,"North Shayleeland",29,2012-04-07
"Prof. Geovanny Rolfson Jr.",rosalyn60@example.net,"East Raphaelle",62,1989-05-05
"Kaitlin King I",hoppe.dustin@example.com,Hettingerborough,22,1999-05-23
"Tianna Reilly",cemmerich@example.net,"East Nyah",51,1981-01-20
"Dr. Birdie White I",noemy.franecki@example.com,Ryanberg,65,2011-04-14
"Miss Kathlyn Runolfsson Sr.",owen82@example.net,Taureanhaven,51,1996-11-18
"Mara O'Keefe",lschulist@example.net,"West Kianstad",52,2012-04-09
"Alison Senger",hills.laury@example.net,"Lake Adolphus",25,1977-08-11
"Kaitlyn Stoltenberg",zboncak.lester@example.org,"Lake Shyanne",39,1981-09-09
"Rebecca Pouros",joseph26@example.net,Weissnatstad,45,2024-04-20
"Joanne Franecki",jkemmer@example.org,"North Ressie",21,1992-03-01
"Joana Weimann",bradly02@example.org,Reginaldchester,29,1986-02-22
"Prof. Rosendo Walter I",elwin.bergnaum@example.com,Eichmannfurt,82,1991-06-19
"Simone Dickens Jr.",rrobel@example.org,Beaulahmouth,85,1979-02-20
"Adam Jakubowski",sschinner@example.net,Kemmerchester,49,2021-04-13
"Ezra Hirthe",susie.rau@example.com,"West Hannahside",48,1976-10-11
"Kolby Reichert",jerde.richmond@example.org,"North Leoniechester",26,1999-12-26
"Miss Ressie Jakubowski",angel.hoppe@example.net,Fadelchester,83,2024-02-21
"Juliana Heller",arne.lebsack@example.org,Rosenbaumside,75,2005-04-13
"Tamara Spencer",uhyatt@example.net,"North Macy",60,2005-05-09
"Stefanie Corkery",ulabadie@example.org,"North Ryan",84,2004-11-18
"Lorine Gislason MD",thaddeus97@example.org,Handbury,85,2007-04-26
"Ramon Cormier",cbednar@example.net,Ricoborough,23,1990-10-26
"Jacey Bruen",reilly.carmella@example.net,"New Dessieside",39,1989-11-26
"Dr. Silas Ryan MD",jedediah99@example.com,Kattieberg,50,1973-04-12
"Savannah Adams",anastasia.grant@example.org,Shawnfurt,51,2018-10-03
"Mr. Mckenna Jaskolski DVM",bblick@example.org,Lefflerchester,60,2022-11-25
"Lambert Koss",ljaskolski@example.net,"East Cleostad",27,1984-12-10
"Dr. Mathias Rempel DDS",august.paucek@example.org,"South Alleneport",65,1973-02-16
"Prof. Gunner Pagac",fokuneva@example.org,"East Cleveton",35,1986-11-17
"Jamar Torp I",janice.jacobson@example.org,Mohrchester,77,1989-11-12
"Erika Harber",leuschke.cindy@example.org,"North Arturo",59,2009-02-04
"Dolly Heidenreich",strosin.karen@example.net,Cieloview,24,1996-12-12
"Jordane Kautzer",kole.bruen@example.com,Zemlakburgh,40,2015-08-01
"Ms. Winifred Stokes",adele74@example.org,"West Margeton",59,1991-02-21
"Prof. Gloria Zulauf DVM",schoen.quentin@example.org,Rauborough,60,2013-12-30
"Vickie Olson I",esteban.krajcik@example.org,Shainafort,75,1997-10-22
"Erna Haley",darius64@example.net,Woodrowhaven,78,1997-09-12
"Joanie Adams",karley89@example.com,Wittingtown,77,2000-07-08
"Aubrey Heidenreich",ethel53@example.net,Watsicabury,48,1970-03-20
"Scottie Hahn",emilio.schmitt@example.org,"New Gisselle",61,1972-11-18
"Cyril Walter",kzemlak@example.org,Eveland,43,1989-08-14
"Mossie Ankunding",fschroeder@example.org,"North Dixie",59,1995-11-04
"Brady Bashirian",wolf.lonny@example.com,Terryport,68,1980-04-11
"Flo Hegmann",heaney.mark@example.net,"New Maureentown",72,1972-04-22
"Euna Botsford",jazmyne22@example.net,"West Lydiahaven",76,2017-07-22
"Brad Koelpin Jr.",darryl91@example.net,Austynview,40,1980-10-16
"Max Armstrong DVM",deckow.patsy@example.net,"East Uriah",80,1994-03-06
"Mrs. Sydnie Cronin II",joan63@example.net,Effertzborough,63,1993-12-24
"Arnoldo Gottlieb",terrence80@example.com,"Port Danielaside",32,1999-07-07
"Braxton Kulas DDS",huels.lorenzo@example.com,Keeblerland,70,2019-07-07
"Howell Muller",alvena57@example.org,"Lake Marielaside",26,1990-09-12
"Cristal Champlin",marcelle44@example.org,Stephonchester,36,1978-07-12
"Giovanni Yost",kirk37@example.org,"Port Arch",51,2009-09-19
"Jewel Leffler",koelpin.reggie@example.net,"West Kristina",48,2013-05-10
"Miss Clemmie Wiza PhD",sadie.grady@example.org,Erikaborough,32,1976-04-11
"Lavern Keeling",ujohns@example.com,Howellside,69,1995-09-08
"Prof. Rahsaan Blick",shayna.bernhard@example.com,"New Prince",36,2020-08-18
"Myrtice Satterfield V",abner42@example.org,Morissettebury,83,2001-03-31
"Gianni Hansen",stacy.ebert@example.com,Hillsport,67,1971-06-28
"Miss Bulah Wiegand",otha.koss@example.org,"West Janyshire",26,2011-10-28
"Ms. Hillary Hilpert",vandervort.nelda@example.net,Kubfort,70,1986-06-15
"Mrs. Kiarra Gibson IV",eglover@example.org,Augustville,48,1985-12-27
"Esther Frami I",oswaldo89@example.net,Joneschester,30,2021-12-22
"Randall Beer",kari.jakubowski@example.com,Keelingburgh,19,2013-09-26
"Deja O'Kon",bednar.ana@example.com,"Port Leoraton",64,1972-11-23
"Delilah Berge",lea.kuhn@example.net,"New Lilly",36,2020-05-09
"Hillary Heller",enola.simonis@example.net,Vonside,49,1975-04-08
"Maegan Wilderman Jr.",brolfson@example.org,Christopland,57,1982-04-11
"Dr. Juana Bartell",milo.hammes@example.org,"Port Bryce",56,2015-09-06
"Sylvan Borer",gleichner.foster@example.com,Boylebury,60,1986-11-10
"Santa Crist",mrohan@example.net,Kingburgh,56,2010-01-30
"Dr. Constance Torphy",reynolds.houston@example.org,Ondrickaborough,55,1975-07-07
"Leonardo Pouros",njakubowski@example.com,Arthurfort,70,2011-06-01
"Hal Welch",mcdermott.asha@example.com,Alessandrabury,47,1970-11-26
"Mrs. Ethyl Schumm",nader.susie@example.org,"Port Madonna",76,2002-09-30
"Lonzo Larkin",jacey.kuvalis@example.net,"South Chazmouth",76,1987-02-26
"Kelvin Bartell",xdicki@example.com,Terrillburgh,82,2022-09-13
"Dr. Lindsey Cassin IV",sporer.jarrod@example.net,"New Adrienne",70,2013-01-02
"Jamison Schaefer",silas18@example.org,Wilsonview,51,2001-03-16
"Susie Boehm",zstracke@example.org,Ashlynnhaven,76,2005-03-13
"Ms. Etha Bailey MD",gottlieb.prince@example.net,Ankundingview,23,1980-10-16
"Shawn Kautzer",robbie.cummerata@example.org,"New Kristy",35,1984-10-11
"Prof. Antonetta Schneider DVM",cierra.tromp@example.org,Patienceburgh,19,1999-11-27
"Ms. Josefina Sipes",chauncey32@example.com,Reyesmouth,84,1988-10-03
"Tad Rice",cormier.marco@example.org,Prohaskatown,25,2006-10-15
"Prof. Dean Lowe",krystal57@example.net,Austenside,83,1970-09-08
"Maia McDermott",xavier18@example.org,"Lake Dandrestad",65,1989-06-30
"Mr. Dewayne Harber DDS",ymetz@example.org,"South Golden",23,2003-05-03
"Prof. Zoila Wintheiser",rice.gilbert@example.org,Bruenland,80,2006-07-05
"Darrick Schaden",lakin.raoul@example.net,"North Edgartown",28,2004-02-01
"Augustine Hand",cemard@example.com,"West Cathrine",77,1993-01-17
"Caterina Predovic",devin50@example.net,Schoentown,51,1986-03-10
"Russel Keeling",kfarrell@example.net,Aaliyahshire,70,1972-06-27
"Maximus Hegmann IV",bernhard.kaylie@example.org,Austinhaven,27,1993-06-25
"Miss Adele Zemlak",bbrekke@example.net,Robelberg,63,1970-03-19
"Mr. Kenny Leuschke",hector97@example.net,Nicoleshire,29,1983-06-08
"Christelle Bauch",gmann@example.com,"West Olga",45,2009-09-10
"Moshe Rice IV",lennie.goyette@example.org,Gutkowskiville,76,2004-02-22
"Bailey Schultz Sr.",enienow@example.com,Wisozkton,63,1998-03-15
"Leopold Reinger",jovani.johnson@example.net,Keyonport,20,1971-12-07
"Lew Huel",alden13@example.com,Korbinchester,84,2024-11-17
"Mrs. Karlie Kessler",khermann@example.net,Shayleefort,53,2021-12-21
"Meggie Murphy",ugottlieb@example.com,"Port Jeffereyside",45,1991-09-23
"Dr. Dave Lakin",taya.corkery@example.org,"South Jordon",74,1990-01-24
"Ms. Vena Waelchi",glindgren@example.org,"Lake Jordyland",18,1970-08-22
"Mrs. Heaven Toy",barrows.makenna@example.org,Sauerport,43,1981-01-31
"Prof. Louvenia Johnston",leanna.mante@example.org,Johnsfurt,67,2001-06-13
"Mrs. Lilian Tremblay IV",freynolds@example.com,"Port Ebbashire",18,1974-03-12
"Prof. Vaughn Goldner",theaney@example.net,"Lake Keely",49,1987-01-27
"Dr. Anissa Shanahan V",rbauch@example.net,"West Melody",84,2024-07-03
"Doug Hahn",keshawn.marvin@example.net,"Lake Henrytown",40,2016-07-18
"Ciara Schneider",waldo.dubuque@example.com,"Port Lorenzaberg",53,1975-12-04
"Ms. Beulah Kuhlman MD",garret.konopelski@example.com,Hesselmouth,31,2012-04-19
"Ramona Feeney III",jkuhlman@example.net,"West Golda",65,2017-05-22
"Odie Senger",lang.demetrius@example.net,"West Jamar",29,1987-02-09
"Prof. Mateo Veum",virgie.satterfield@example.com,Margaretteborough,59,2009-02-10
"Junius Krajcik",stracke.marcellus@example.com,"East Deshauntown",57,1989-01-05
"Madisyn Windler",maud.kovacek@example.net,Torpport,69,2016-12-12
"Kirstin Heller",tyrell.greenholt@example.com,"Port Shanelleshire",36,2005-08-21
"Glenda Wisoky",sydnee05@example.org,"New Carsonton",56,1978-07-05
"Jerel Gerlach",krystal82@example.com,"Lake Jacynthefort",82,2012-03-13
"Prof. Warren Bernier DVM",mortimer85@example.org,Moenside,35,2015-10-22
"Benny Gorczany",amertz@example.com,"North Diego",62,2001-08-09
"Prof. Sage Wolff Sr.",travon56@example.com,Rheamouth,71,2013-08-22
"Mrs. Tania Yost",funk.kari@example.com,"Port Braxtonchester",80,2019-07-28
"Prof. Alessandro Cole DVM",gardner25@example.com,"South Valentinfurt",20,1984-11-25
"Annalise Kemmer Jr.",weston.moen@example.com,Berniecetown,35,1980-07-09
"Prof. Maryse Gutkowski I",cornell52@example.com,"South Kade",85,1979-07-07
"Prof. Rahsaan Kuhn III",juwan.doyle@example.net,Grahamburgh,78,1980-08-19
"Carrie Pfeffer Sr.",ipurdy@example.org,Welchtown,27,1997-05-05
"Kelsi Champlin",stracke.adelia@example.com,"Lake Bennettstad",74,1976-10-15
"Dr. Richmond Gleason IV",stroman.chadrick@example.org,"Lake Alizaside",28,2004-07-04
"Brionna Spinka DVM",denesik.micaela@example.net,"South Delpha",68,1990-12-06
"Mr. Prince Pouros PhD",bwiza@example.com,"North Claire",35,1977-06-04
"Felipa Bruen",abby.carroll@example.com,"East Kristopherhaven",34,2020-06-23
"Mrs. Aliyah Rogahn",hintz.demetrius@example.com,"Port Marcelinoport",53,2015-07-24
"Russ Volkman III",gdach@example.org,"East Lura",67,2006-06-03
"Ms. Selena Schamberger",rogahn.waylon@example.net,"West Deltahaven",82,2006-06-18
"Eloy Skiles",kaufderhar@example.net,"East Makenziechester",50,2003-06-24
"Camden Jacobs",oran97@example.org,Bettiemouth,84,2017-12-08
"Fannie Beier",mkoch@example.org,Kossborough,50,2007-10-23
"Nelson Littel II",zemlak.lora@example.com,"West Candidaberg",61,1993-01-21
"Fay Leannon",heller.keaton@example.com,Bernhardchester,68,2003-01-30
"Marcella Terry",qpaucek@example.org,Littelberg,75,1986-08-17
"Prof. Stanford Schultz",rrunte@example.net,"West Adelehaven",82,1987-10-01
"Katelynn Ryan",hschiller@example.com,Alifurt,23,1972-12-06
"Tod Thiel",daphnee.price@example.com,"East Kenyon",55,2010-12-08
"Dr. Rosalind McCullough V",mgleichner@example.org,"New Jaedenshire",26,1985-07-28
"Dr. Emie Jacobi",sydnie34@example.org,Joaquinborough,59,2002-05-10
"Miss Winnifred Wehner Sr.",koss.marielle@example.com,Jaysonmouth,62,2005-04-24
"Katrina Sauer",nward@example.com,"East Eldonside",75,1978-01-04
"Prof. Janessa Wolff",alexanne.sporer@example.net,"East Alan",70,1972-05-09
"Mrs. Addison Baumbach",darien.murray@example.org,"North Kassandra",47,2001-09-30
"Prof. Magdalena Vandervort",mccullough.keith@example.org,Conradchester,61,2004-08-25
"Emmett Botsford",rutherford.mckayla@example.com,"New Karleyberg",80,1973-03-27
"Prof. Allan Hodkiewicz DDS",pgorczany@example.net,McGlynnmouth,55,1981-09-06
"Dr. Shayne Heidenreich",qsauer@example.org,Mathiaston,60,2012-11-11
"Prof. Winifred Prosacco",alberta.murphy@example.net,"Lake Matilda",34,1979-04-07
"Althea Kuhic",huels.mario@example.com,"Lake Meggie",57,2005-09-14
"Mrs. Estel Abernathy",darrin14@example.com,"New Celine",58,1993-11-23
"Mason Cruickshank",jefferey.stokes@example.com,Caspertown,19,2018-12-31
"Friedrich Walker I",abshire.khalid@example.com,Nobleville,42,1981-02-12
"Carolina Legros",pagac.nyah@example.net,"North Elzamouth",64,2022-03-01
"Dr. Rodger Rippin MD",rachelle08@example.net,Dibbertshire,19,2022-02-22
"Janessa Weissnat",anderson.gay@example.com,"New Myrna",46,2003-05-24
"Carlee Bednar",ebony.rolfson@example.net,DuBuquechester,42,1990-03-23
"Malcolm Senger",nader.edwina@example.com,Westonmouth,83,1971-09-11
"Elody Huel",egerhold@example.com,Hyattmouth,21,2013-11-09
"Felipa Schinner V",eleazar59@example.com,Tremblaystad,69,1998-12-31
"Dr. Herta Kreiger",pierre.johns@example.org,Torpfort,82,2006-10-27
"Cecelia Runte",hmoen@example.com,Ferrybury,32,1978-10-14
"Muriel Pagac",nmccullough@example.net,"New Lowell",47,1985-09-26
"Leann Metz II",amy32@example.net,"East Rosalee",23,1984-03-29
"Americo Denesik",theresa00@example.net,Susannabury,82,1977-04-12
"Nathanial Ernser DDS",dario.vandervort@example.com,Dietrichton,38,2005-06-05
"Dr. Zelma Haley",cbauch@example.com,Maryseland,83,2007-08-23
"Mr. Orval Batz",lola56@example.net,"East Timothy",83,1990-11-18
"Florencio Harris",teagan.bartoletti@example.org,Xavierfort,67,1994-06-03
"Mr. Frederick Beahan II",jameson79@example.net,"North Jadeport",72,1971-06-20
"Georgiana Friesen",tierra.moore@example.org,"North Daija",20,2006-12-10
"Mr. Layne Treutel",cristal74@example.net,"New Montefurt",67,2019-02-15
"Cedrick Spencer",ivory59@example.net,"East Nathanielbury",71,1971-10-02
"Russel Shields",emurazik@example.org,"East Justine",62,2015-05-22
"Sabrina Nader",rhett.kirlin@example.com,"South Meggie",23,1985-01-07
"Laverna Bogisich",zack06@example.com,Everettport,75,2008-03-30
"Herta Glover",devonte51@example.com,Rippinmouth,57,1987-03-27
"Mrs. Rafaela Morissette",sincere.konopelski@example.com,Cartwrightborough,50,1996-02-21
"Myra Pouros",gschulist@example.com,Schoentown,58,1992-11-26
"Prof. Brice Schaden",jettie.lowe@example.net,Cristopherborough,28,2013-04-21
"Felicita Larkin",dock.bernier@example.org,Gildafort,51,1981-06-02
"Murl Boyer",zack.ledner@example.com,"North Murielburgh",28,1991-05-15
"Davonte Nikolaus",amalia27@example.com,"North Enola",27,1994-04-10
"Miss Holly Pfannerstill",eichmann.dolly@example.net,Kuphalmouth,34,1987-01-11
"Vincent Lowe",heidenreich.rebeka@example.com,Jazminbury,63,1980-08-11
"Amelia Bayer III",lkohler@example.org,"New Silas",50,1973-04-11
"Ellen Mueller",flowe@example.org,Harrishaven,79,2001-10-30
"Ms. Juliana O'Conner PhD",zbednar@example.org,"West Maiya",48,2019-11-06
"Saige Hills",vernice13@example.org,Diamondmouth,60,1991-01-11
"Mikayla Schroeder",hveum@example.com,"South Jennie",22,1992-02-14
"Dr. Joesph Roberts II",jacobson.sam@example.com,"South Aleen",70,2018-06-22
"Dr. Bella Mohr IV",wilkinson.cielo@example.net,Windlerville,49,2021-11-26
"Pasquale Glover",froberts@example.org,"East Doraview",82,2009-07-26
"Dr. Jessy Feest",gutkowski.juliet@example.com,Keelyborough,57,1992-05-28
"Ozella Johnston",cschroeder@example.com,"North Macieton",82,1991-05-18
"Sterling Mosciski",therzog@example.org,"South Eliza",74,2013-01-18
"Kenyatta Doyle",melba39@example.net,"New Jose",31,1998-07-08
"Elaina Gerhold",dorothy34@example.com,Bergnaumchester,32,2012-06-08
"Mallie Langworth IV",zbraun@example.net,Wainofort,71,2013-03-11
"Ima Ratke",helmer.mante@example.net,"East Kelvinmouth",67,2000-02-13
"Naomie Kutch",angelita20@example.com,Jerodmouth,22,2007-04-09
"Prof. Bennie Johnston",eleonore01@example.net,Haneberg,76,1997-11-04
"Madisen Morar",orn.yolanda@example.org,"North Royalmouth",37,1977-02-10
"Ulices Larson",ncartwright@example.com,Angelinashire,56,1975-12-27
"Garfield Jenkins",stefan.klein@example.com,"North Wallacebury",55,1998-08-15
"Dr. Shemar Renner",rdavis@example.net,"West Jabaribury",70,2009-06-02
"Dr. Dawson Moen Sr.",ankunding.patience@example.org,Susannafurt,78,1970-07-18
"Shaun Collins",toberbrunner@example.net,Sengermouth,35,1977-02-02
"Adella Russel",nelle25@example.net,"South Kyla",18,2014-05-16
"Terrell Ernser Sr.",mara08@example.com,"Port Ryanland",80,2000-10-14
"Vance Bosco",wilber.parker@example.com,"West Kennedi",46,1984-12-24
"Keely Pfeffer",dtowne@example.com,"Port Winifredview",18,2015-03-30
"Eloisa Jacobi",yzemlak@example.org,"Lake Graceport",76,1992-02-09
"Roger Lockman",vicenta.okuneva@example.org,Delberthaven,68,2012-01-08
"Nolan Armstrong II",della61@example.net,"South Andreanebury",34,2000-10-27
"Rosalyn Dickens II",spencer.zane@example.com,"Lake Bria",78,1998-12-14
"Emmalee Mueller",hazel.walter@example.org,"North Tatumburgh",55,2013-08-21
"Alysha Stark",cristina.gleason@example.org,Klockoville,44,1971-02-19
"Dr. Valentina Mayer",murazik.cielo@example.com,Wisozkport,38,2019-12-16
"Mikayla Rempel",peter.jacobson@example.net,"East Mandy",58,2009-02-12
"Prof. Olin Champlin",kris.darlene@example.com,"East Ceasarstad",68,2007-04-19
"Claudia Zulauf",eveum@example.com,Loytown,27,1994-06-16
"Jimmie Witting",janelle85@example.com,"West Adalberto",47,2017-12-01
"Ruben Hand",reese99@example.net,"South Trent",74,1991-04-23
"Dee Welch",dschuppe@example.net,Osinskibury,55,2016-03-01
"Nellie Schowalter",ghudson@example.com,"East Kip",53,1971-08-06
"Mr. Kade Wintheiser II",germaine63@example.com,"New Crystelshire",25,1993-01-26
"Ms. Josefina Wunsch",juwan.block@example.org,McDermottchester,23,2015-03-30
"Audra Reichert Jr.",antwan57@example.com,Terryton,43,2003-04-24
"Cloyd DuBuque",ebrekke@example.com,Curtfort,72,2008-07-03
"Makenna Rice",mhoeger@example.org,"South Antoneside",79,2000-02-29
"Prof. Florida Shanahan",ahmed.pacocha@example.org,Stammmouth,39,2019-05-01
"Dr. Deon Kuhic",rgulgowski@example.net,"North Laurianne",45,1982-03-22
"Layla Crist",rodrick30@example.com,Pacochafort,48,2001-11-12
"Prof. Sheldon Lesch I",chris.rohan@example.com,"West Pearliehaven",21,2007-09-02
"Mr. Juston Fisher II",quitzon.theresia@example.net,Lulastad,72,1991-02-24
"Dr. Liliana Bradtke",jarred.gutmann@example.net,"Port Gracie",64,2000-05-20
"Miss Skyla Welch MD",marjolaine82@example.net,"South Abdulton",21,1973-03-22
"Evalyn Green",josianne.beatty@example.org,Astridberg,75,1996-10-19
"Jacinthe Bayer",albina.greenfelder@example.org,Abshirefort,40,1985-04-05
"Dr. Armand Roob",moen.annamae@example.org,"Lake Trudie",71,2005-01-07
"Vito Bartoletti",katlynn19@example.com,Herzogbury,37,1985-06-30
"Keshaun Collins",vromaguera@example.org,"Port Elroyhaven",43,1991-10-17
"Mr. Pablo Hudson",cora.mante@example.net,"New Estefaniaview",24,1976-01-30
"Berry Rowe",travis.vonrueden@example.org,"South Felicita",53,2003-05-01
"Marianna Collier",hane.jessie@example.com,"South Harold",62,1980-08-16
"Mrs. Justina Vandervort MD",lorenza47@example.com,Lavernaport,74,2001-10-20
"Katheryn Emmerich",wuckert.bonnie@example.com,O'Connerville,29,2000-02-08
"Rahsaan Graham",dickinson.arielle@example.net,"East Letitia",60,1973-11-28
"Prof. Darron Braun",miracle.bergnaum@example.org,"Port Mireille",52,2019-02-05
"Eva Hackett III",betsy87@example.net,"Lake Theodora",83,2005-06-25
"Emery Streich",lbechtelar@example.com,Fayemouth,25,2002-02-08
"Bill Pollich",nick.hessel@example.net,"South Gaylordport",70,1997-10-20
"Jayce Kiehn IV",dessie.stanton@example.org,Bruenview,40,2011-12-21
"Prof. Jerome Cummings",novella84@example.org,"South Talon",82,1991-10-04
"Miss Delfina Kutch",elnora86@example.com,Michaelland,55,1998-06-19
"Kaden Skiles",lina63@example.org,"South Nellaport",23,1979-09-27
"Arely O'Conner",heidi18@example.com,"South Laney",55,2004-11-15
"Emery Mertz",alexander.leffler@example.org,Jettview,35,2017-01-28
"Solon Okuneva",anderson.mafalda@example.net,Rhiannahaven,55,2002-07-11
"Zoey Crist",dach.lurline@example.com,"Lake Noemyshire",39,2024-05-10
"Josephine Koss",gislason.clifton@example.com,Markschester,74,2012-05-05
"Jessyca Witting",myundt@example.com,Wunschberg,34,1990-09-23
"Dr. Fredrick Lemke",robel.jermaine@example.org,Shainatown,77,1988-10-13
"Mya Kuhic",percy75@example.org,Corbinhaven,74,2015-07-06
"Loyal Baumbach",adell09@example.net,Schinnerville,75,2016-04-29
"Prof. Kristian Dickens IV",armstrong.cielo@example.com,Shaniaton,28,2003-12-30
"Prof. Miller Monahan I",bernhard.ruth@example.org,Ratkeside,32,2001-06-26
"Priscilla Miller Jr.",emcdermott@example.org,Cummeratastad,24,1978-08-21
"Ricardo Gutmann DVM",magnus48@example.net,Westtown,36,2021-08-03
"Scot Blanda",zoe.emmerich@example.net,"North Wellingtonshire",44,2018-10-05
"Miss Mia Ratke",larkin.kory@example.org,"East Antonietta",66,2011-05-24
"Kellen Harvey",tkiehn@example.com,Saigeshire,47,2019-12-08
"Neva West",elinor.batz@example.org,Jayceeshire,68,2022-08-19
"Dr. Carlos Collins",dorthy.beatty@example.com,"West Lola",62,1996-02-07
"Ima Lubowitz",xfadel@example.org,"Port Aliya",63,2002-05-28
"Cruz Senger",gkiehn@example.net,Spencerborough,24,1988-08-13
"Giovanny Bosco DDS",maryam77@example.net,"North Johannahaven",66,2004-08-24
"Samanta Bergstrom",kevin.kuhlman@example.com,"Port Gladys",79,1988-04-26
"Deion O'Reilly",schmitt.myah@example.net,"West Kassandrahaven",75,2002-11-19
"Jennie Will V",hmohr@example.net,"Lake Jackieshire",55,2011-10-27
"Miss Alda Koss",destinee.bauch@example.net,"East Rosalynhaven",51,1994-05-04
"Cortez Bernhard",maida.tromp@example.org,"Lake Keenan",74,2012-07-11
"Josh Wilkinson",keon.kunze@example.net,"Port Freedaside",82,1987-05-11
"Ms. Ruthie West",barbara91@example.com,"East Stephany",50,2005-06-06
"Miss Annie Rath DDS",ankunding.georgiana@example.net,Leilaton,68,2008-10-02
"Janet Gislason",meredith88@example.org,"Port Colefurt",58,2010-03-28
"Taylor Swift",nkoch@example.org,"East Murielport",45,1977-12-14
"Destiny Weber",adibbert@example.org,"North Jermain",63,1981-10-14
"Laverne Schumm",manley.spencer@example.org,Gottliebville,70,1995-07-16
"Janis Cartwright",antonetta06@example.com,"North Dudleyshire",66,2011-06-23
"Mr. Rosendo Gorczany",kellie57@example.com,"South Franktown",34,1994-06-17
"George Schuster",art.rohan@example.com,"West Lizzie",44,2007-07-08
"Tamara Lehner",dicki.justus@example.com,Titofort,31,1971-11-08
"Osvaldo Brown",herminio27@example.com,"Port Kristinastad",28,1971-02-17
"Wendell Funk",wilford.lang@example.net,"Port Kathrynland",25,1996-11-22
"Gunner Schamberger",dakota.moore@example.com,Addisonport,84,1974-10-29
"River Koelpin",casandra45@example.net,Bartellshire,47,1993-03-09
"Prof. Salvador Rowe",einar.white@example.com,"South Urielfurt",21,2014-05-16
"D'angelo Kuhlman",marquardt.maybell@example.org,Naomistad,61,2021-12-22
"Korbin Ebert",mtorphy@example.net,Kristytown,56,1990-11-03
"Isaias Herman MD",swift.carter@example.org,Geraldinetown,63,2021-09-03
"Mrs. Yasmine Russel",vonrueden.marquise@example.net,Harrisonbury,19,1988-05-23
"Dean Kuhlman",lee.windler@example.net,"West Nels",23,2008-12-13
"Arianna Price",laury.jacobson@example.com,Lynchstad,33,1982-05-23
"Mr. Monroe Rosenbaum II",fzboncak@example.org,Stanfordfort,56,2000-10-26
"Santiago Weissnat PhD",xavier01@example.net,"New Jonathon",31,2010-06-27
"Oceane Windler",johnson.reinger@example.org,"Port Irwinville",43,1989-03-18
"Bonita Dooley",bonnie92@example.net,Prosaccoburgh,45,2006-06-16
"May Gusikowski",othiel@example.net,Summerburgh,31,2015-12-25
"Graham Medhurst",funk.wiley@example.org,Reynoldsbury,75,2013-03-08
"Orion Mayert",qlehner@example.net,"East Deshaunland",85,1988-12-02
"Amos Carter",efrain.ferry@example.net,Stammberg,69,1989-02-07
"Salma Boyer",yundt.valentin@example.net,"South Aric",62,1997-11-19
"Joanny Effertz",carrie36@example.org,Nadermouth,19,1978-09-14
"Talia Hessel",vweissnat@example.net,"Port Jamil",38,1999-02-11
"Carmela Quigley",caterina.mcclure@example.net,Mayerstad,46,1974-05-24
"Kay Stamm",joelle.goldner@example.net,"Port Brucestad",66,1991-05-03
"Prof. Claude Stanton",fmayer@example.net,"New Edwinside",63,2001-02-25
"Eloisa Stamm",elmer.lockman@example.net,Haagfort,20,1982-03-02
"Prof. Dulce Smitham PhD",cyril.yundt@example.org,"North Jacquelynborough",59,1990-01-03
"Caleb Dach",shaylee29@example.net,Leathaview,80,2017-01-02
"Ewell Howell",raegan.little@example.org,Pfefferview,41,2009-12-11
"Shana McLaughlin",vkreiger@example.net,Gleichnerborough,50,2000-12-21
"Leonardo Jacobi",dexter62@example.net,"East Allanfort",34,1993-03-20
"Cameron Cole",eleuschke@example.com,"East Mervinton",36,1997-10-14
"Veronica Flatley II",christiana52@example.net,Nashmouth,62,2014-04-17
"Ms. Lilla Kihn",nshields@example.org,"Lake Sydniborough",30,1974-02-23
"Myra O'Reilly",camille.klein@example.net,Montyton,79,1978-02-03
"Dr. Nicklaus Reynolds PhD",meghan06@example.com,"East Kirk",53,1994-03-03
"Miss Brenna Ledner",xziemann@example.org,"New Patricia",56,1993-10-04
"Idella Becker PhD",stroman.maurice@example.net,Balistreriport,69,2016-04-18
"Iva Pagac",tyson19@example.org,Shakirastad,78,2017-06-15
"Enos Nikolaus II",loreilly@example.com,"West Abbigailfort",40,1971-03-22
"Grover Osinski",ystreich@example.com,Dellatown,83,2022-11-25
"Melisa Kuhlman IV",mraz.margot@example.org,"Lake Aaliyahfort",18,2021-12-17
"Therese Kemmer",gibson.emilia@example.com,Ebertview,62,1988-06-29
"Jordon Zboncak",leonor.marquardt@example.com,"East Edmond",42,2020-03-15
"Kendrick King",xupton@example.net,Lilyanmouth,59,2022-04-22
"Paolo Hilpert",rosalia64@example.net,"East Jakaylastad",57,2006-06-06
"Shea Nikolaus",ward.neil@example.com,Tristonmouth,32,2022-09-25
"Christine Mohr",mallory47@example.com,"North Lorenland",53,1987-09-17
"Kianna Schuppe",lebsack.miguel@example.com,Schmittchester,64,1972-01-28
"Peter Monahan",moen.rossie@example.net,"South Jeromy",30,1992-04-16
"Liza Ruecker",watsica.dangelo@example.com,"Lake Wyattton",64,2010-08-29
"Dr. Kali Lubowitz Jr.",abner.zboncak@example.org,Tiamouth,25,1971-07-05
"Laurel McGlynn",hickle.miracle@example.net,Lurlinehaven,76,2016-11-09
"Dr. Abdullah Boyer MD",cecile55@example.com,"Port Ofelia",74,1985-07-14
"Delfina Schuster",franz08@example.org,Blockchester,68,1992-01-18
"Jordy Shanahan",vkemmer@example.org,"East Dallasberg",53,1994-11-18
"Ettie Bednar",dpurdy@example.net,"West Virginieburgh",22,2005-01-17
"Elwyn Dooley",znolan@example.com,"North Bennett",42,1986-05-27
"Philip Donnelly",rhammes@example.org,"Lake Kieranburgh",64,2013-02-20
"Rosalind Schuster",eleanore45@example.com,Lennyshire,35,1989-09-07
"Prof. Cletus Kulas",serenity49@example.net,"Lake Niko",81,1982-08-01
"Prof. August Yundt I",schuppe.ben@example.com,"Port Bella",68,2024-02-18
"Darby Yost Sr.",bahringer.vincenza@example.net,"North Hipolitotown",20,2019-12-26
"Rhett Hammes IV",wanda97@example.net,"South Laceyport",75,1990-11-10
"Una Huels I",rchristiansen@example.com,"North Kalifurt",49,2010-01-26
"Fritz Hane III",kihn.edyth@example.com,"Lake Callieside",63,2008-11-06
"Jayden Cremin",aurelie58@example.net,Reneebury,43,1970-09-20
"Rogelio Boyer",augustine61@example.com,"New Greta",61,2011-11-05
"Miss Eldora Doyle",idavis@example.com,"Port Skylar",48,1980-12-24
"Jermey VonRueden DDS",schroeder.ana@example.org,Ratkefurt,42,2020-03-01
"Dr. Warren Franecki",mustafa41@example.net,Eulaliatown,70,2001-12-22
"Ansley Greenholt",buckridge.kade@example.org,"East Leatown",62,1974-07-06
"Elmira Hettinger PhD",antonia.white@example.net,"New Novellaland",46,1982-05-17
"Euna Williamson III",tprice@example.com,Georgianastad,46,1978-12-18
"Mr. Andrew Ebert V",bstamm@example.com,"Lake Robbie",82,1980-04-14
"Alysson Stiedemann",homenick.sonia@example.com,Connberg,40,1993-05-18
"Carmelo Lueilwitz Jr.",agustina84@example.net,"Lake Hilbertshire",56,2000-10-21
"Billy Hickle",agustina.herzog@example.com,Kundeview,56,2003-12-09
"Bert Satterfield",rogahn.cooper@example.net,Thompsonberg,48,1988-07-29
"Jalon Nader IV",cayla06@example.org,Geoside,43,2008-04-14
"Kyla Ondricka",pprice@example.com,Elenorafurt,20,1998-04-04
"Lila Parker V",bruen.virginia@example.com,"East Alexandrineville",84,1999-08-26
"Earnestine Gerlach",swehner@example.org,"New Marlen",65,1974-07-17
"Jan Anderson",konopelski.leilani@example.org,"Lake Camron",38,2024-04-21
"Wilfrid Ondricka",jordi80@example.net,Jeniferfurt,46,1976-05-07
"Bella Nolan",eli80@example.com,Schummshire,66,1975-09-08
"Manuela Kshlerin I",nmorar@example.org,"Lake Darenview",63,1999-02-09
"Cynthia Predovic",dean.kuhn@example.com,Gerholdport,62,1976-01-18
"Casey Durgan",reagan.volkman@example.org,"North Caseymouth",52,2013-06-02
"Elna Dickinson",helene17@example.com,Serenaport,35,1978-02-13
"Miss Kattie Hyatt III",gust.pagac@example.org,"New Clairetown",66,2005-01-24
"Emely Murray",tremayne91@example.com,"West Blake",68,1972-01-04
"Cortney Barrows PhD",zbednar@example.com,"North Estherton",52,2020-12-18
"Lacy Schmeler",harley.upton@example.org,"Port Spencer",64,1991-04-27
"Alivia Witting",spencer.leonora@example.net,"East Ferminhaven",38,1977-04-27
"Prof. Jalon Brown MD",damon02@example.net,Willafurt,79,2012-12-21
"Prof. Sarina Schuster",kbayer@example.net,"West Marie",64,2018-04-12
"Prof. Karine Koelpin",edwina56@example.com,"New Felicityshire",21,1993-10-31
"Mr. Evert Powlowski III",trent.kuhlman@example.org,Vallieville,36,2007-07-25
"Anne Gleichner II",wayne.considine@example.com,Mayeside,21,2008-07-13
"Mellie Cruickshank",dario34@example.net,"Lake Cierratown",59,1975-03-07
"Mr. Jalen Gerlach",janice77@example.org,"Port Karolann",53,1982-07-08
"Vickie Bode",alisha65@example.org,"East Brianaview",35,2020-01-14
"Mr. Joaquin Roob Jr.",lafayette.hintz@example.net,"South Taureanfort",43,1979-11-27
"Lucious Mosciski",towne.mae@example.com,Skilesshire,43,1984-04-03
"Prof. Cordell Legros",xmorar@example.com,Trompstad,59,2022-11-28
"Una Krajcik",delmer.hintz@example.net,"East Abdiel",26,2018-02-08
"Corine Bartell V",faustino33@example.net,Floydhaven,80,2008-09-14
"Jaeden Prosacco",elwyn.homenick@example.com,"West Tressa",44,1996-08-18
"Emery O'Connell",harrison75@example.com,"West Elwyn",43,2024-03-16
"Nick Gleichner",beaulah64@example.net,Baumbachland,67,2016-11-18
"Dr. Minnie Bernier II",jules21@example.org,"Port Karleestad",53,1979-06-21
"Dina Turcotte",walsh.maximilian@example.net,"North Delbert",62,2018-05-11
"Mr. Eldred Barton DVM",adams.napoleon@example.org,Bergeton,32,1996-01-05
"Leola Kuhlman",itrantow@example.org,Pagacview,25,1990-07-09
"Ricardo Welch II",ugrady@example.com,"New Randi",42,1992-12-07
"Prof. Donnell Maggio Sr.",truecker@example.com,"East Benedict",26,1983-03-01
"Clinton Kautzer",reilly.eloise@example.org,"West Magdalena",52,1972-02-01
"Stanley Olson PhD",aglae.abbott@example.net,"West Loraine",79,2009-09-11
"Giovanna Grant",tod.batz@example.org,"Port Sarah",71,1995-03-13
"Nikko D'Amore DVM",ngrant@example.org,Berniershire,62,2010-02-19
"Prof. Dulce Hansen V",paucek.jamison@example.org,"New Chester",29,1988-01-18
"Lavon Stamm IV",trunolfsson@example.com,O'Connellmouth,52,2020-01-08
"Dr. Lesly Barrows",nitzsche.john@example.org,"New Raemouth",57,2009-12-23
"Tressie Weissnat",mitchell.naomie@example.org,"North Kimmouth",24,2011-05-05
"Emilio Frami",percival.dicki@example.net,"North Florencio",22,1989-07-30
"Rickey Wisoky",pacocha.alexander@example.com,"North Emilie",65,2021-06-03
"Marcos Welch DVM",helen97@example.org,Cassinberg,68,2000-07-23
"Priscilla Hoppe IV",angie68@example.com,Rudyton,49,1973-05-27
"Rory Douglas",yconsidine@example.com,"South Gwen",19,2001-05-18
"Mr. Dane Beahan",xschuster@example.net,Alizastad,56,2007-03-24
"Celestino Ritchie",ted12@example.net,Yazminchester,38,2022-07-10
"Louvenia Feeney Sr.",tcorkery@example.net,"Lake Nick",68,2003-08-24
"Prof. Melisa Pfannerstill I",holden72@example.org,"North Reeceville",18,2020-08-17
"Kim Schimmel",ekautzer@example.net,"East Lawsonberg",72,2000-07-27
"Loyal Dickens",ywolf@example.net,O'Haraberg,69,2024-08-01
"Stanford Green",myra.thompson@example.org,"Lake Nevaborough",78,2016-09-05
"Janick Herzog",madie61@example.net,Arvillabury,80,1999-11-29
"Marilou Brakus",pgoldner@example.org,Jamarmouth,78,1999-03-09
"Prof. Berneice Hermann Jr.",creinger@example.org,"West Katlynn",46,1978-01-11
"Jalyn Huel",quitzon.retha@example.net,Michealtown,40,2001-10-08
"Eleanora Pagac II",alexandre.spencer@example.org,"Lake Blancheview",58,2024-04-01
"Dr. Korey Grady DVM",bogan.ceasar@example.net,Welchshire,66,2021-07-29
"Charity Towne",rwaters@example.net,Goldnerburgh,59,2010-09-27
"Gordon Wiza",gboyle@example.net,"New Ginomouth",26,2023-05-21
"Benjamin Ernser",rebekah.breitenberg@example.com,Mertzmouth,63,2005-04-14
"Shirley Crist",stanton48@example.com,Katrinabury,70,2021-03-27
"Jensen Ullrich",ignatius.steuber@example.net,Fosterview,35,1981-09-30
"Mrs. Shanna Hansen",moen.grant@example.com,Rosemariechester,78,1979-08-27
"Margarett Hintz",jeromy.heaney@example.net,Alizefurt,27,2000-03-13
"Mr. Trevor Nitzsche III",lesch.willow@example.net,Swiftport,24,2001-09-11
"Breanna Buckridge",pfeffer.armand@example.com,"North Louvenia",59,1991-01-26
"Ms. Damaris O'Kon III",xzavier83@example.net,"New Karianne",64,2022-11-21
"Bernard Stehr",finn80@example.net,Lednerstad,45,1984-08-21
"Gussie Greenholt",glover.enrico@example.com,"Port Dollyland",58,2018-02-13
"Prof. Margarita Hermiston DDS",genevieve80@example.org,Hayeschester,72,2009-09-15
"Mrs. Shany Lueilwitz MD",roxane.lang@example.com,Corbinhaven,51,1979-09-21
"Prof. Matilda Williamson V",samanta40@example.org,Cormierberg,52,1998-08-15
"Dr. Hallie Kilback",ila14@example.org,"South Matilde",84,2006-01-03
"Lacey Schneider",wjacobi@example.com,Ceciliaburgh,46,1986-07-20
"Prof. Estella Spinka PhD",whammes@example.net,Isobelport,48,2020-05-24
"Troy Carroll",alfredo53@example.net,"New Sharon",74,1975-05-15
"Lemuel Walter",robin16@example.com,Graysonhaven,30,1981-05-10
"Dr. Ole Parisian V",pbechtelar@example.com,"North Marcus",83,1970-11-28
"Brandt O'Kon",remington98@example.org,"Lake Jarenview",29,1971-11-25
"Miss Kailey Pagac I",keshaun.bednar@example.net,"East Jeanette",40,1971-11-26
"Prof. Tanner Balistreri",qhilpert@example.net,"Port Carolynebury",42,1998-06-16
"Reymundo Cole",egerhold@example.net,"West Timmy",85,1979-03-01
"Rosemary Conn",bradford.gislason@example.net,"Lake Brandohaven",25,2013-07-12
"Rollin McDermott",kamren81@example.com,"North Ephraimmouth",76,2005-12-04
"Javon Fahey",hkeeling@example.com,"Lake Kennith",56,1988-12-22
"Dedrick Hudson",hettinger.garnet@example.org,"South Zola",32,2021-10-27
"Janessa Okuneva DDS",anibal88@example.org,Ritchietown,48,2020-08-13
"Giovanna Erdman",dheaney@example.com,"North Garrison",49,2016-10-05
"Prof. Damian Hahn",tommie.schamberger@example.net,"West Jaidaport",61,1982-07-26
"Dixie Ernser",afritsch@example.com,"Lake Gustaveshire",41,2009-12-13
"Percival Cruickshank",lebsack.wilfred@example.net,"Lake Nigelside",83,1987-01-14
"Krystal Lehner",gerhard.pacocha@example.net,Ceciliachester,58,2007-08-08
"Bethel Schroeder",hubert84@example.com,"Port Velvashire",76,2006-01-20
"Jazmin Schiller",dpaucek@example.org,Cedrickstad,50,1997-09-08
"Michele Zboncak",joshuah95@example.com,Thielview,41,2014-05-25
"Buster Davis I",irving49@example.net,Paulamouth,62,2003-06-03
"Emmett Rosenbaum",yost.heath@example.org,"North Jakaylatown",76,1984-01-21
"Breanne McClure",ziemann.chris@example.org,"East Leannville",22,2022-02-20
"Miss Camilla Klein",brady.feeney@example.org,Floridashire,45,1992-12-14
"Delphine Ernser",tyreek.haley@example.com,Beatriceberg,85,2002-08-09
"Jensen Hudson",adella17@example.net,Turnerchester,73,2022-05-12
"Mac Quitzon",sunny19@example.net,"North Lorenzafurt",39,2007-10-06
"Prof. Larue Lang",josie.bechtelar@example.org,Kingville,83,1994-08-13
"Prof. Ara Wisozk III",ndoyle@example.org,"New Olinfort",66,1979-04-04
"Ilene Kub",ohara.keira@example.com,Wizaville,36,1975-02-06
"Ms. Ashtyn Metz",bulah98@example.com,Vandervortburgh,66,1971-11-23
"Lamar Nikolaus",sabina.gulgowski@example.org,Manleyberg,55,2013-05-12
"Miss Rosina Gibson",beer.ray@example.net,Hoppefort,31,1996-12-08
"Gayle Stroman",una.kozey@example.org,Bauchview,30,2005-05-23
"Libby Sauer",ecole@example.org,"East Lily",81,1994-09-26
"Candace Lind",bernhard.henderson@example.net,Labadiemouth,53,1976-03-19
"Norma Pfannerstill",pbeer@example.net,Anyamouth,68,2004-07-13
"Dr. Amir Rolfson DVM",skohler@example.net,"New Angelicahaven",26,1982-12-20
"Cassandra Kshlerin",dabernathy@example.net,Tarynchester,71,2006-08-10
"Loren Wisoky",erwin.larson@example.com,"North Jaylanstad",76,1970-01-09
"Meredith Hill",mante.jermain@example.com,Conroychester,65,2001-03-14
"Bailee Wisoky III",ruth.cronin@example.org,Yundtmouth,40,1972-05-04
"Ulices Sanford",deion.oberbrunner@example.org,"North Magdalena",41,2004-10-29
"Hellen Welch III",rheaney@example.org,Welchhaven,39,2002-08-12
"Prof. Jayson Hermiston",bonnie16@example.org,"North Ivory",35,1976-07-16
"Mr. Eladio Hoeger PhD",emard.sidney@example.net,Brielleton,74,1984-11-21
"Prof. Reed Quigley V",dare.betsy@example.org,"New Serenachester",64,2013-09-13
"Prof. Ibrahim Towne",lorenz81@example.com,"South Nedland",34,2000-04-04
"Prof. Merl Bogisich DVM",eldon.stokes@example.org,"North Miracleport",80,2008-02-18
"Yoshiko Maggio",hohara@example.net,Monahanburgh,83,2019-11-03
"Reagan Wyman",german51@example.com,"North Aubrey",35,1978-02-23
"Kariane Brekke",lillie22@example.org,"New Timmyfurt",30,2000-04-10
"William Torp V",idonnelly@example.net,Moseville,32,2006-02-20
"Markus Bernhard I",idell40@example.com,Schmelerborough,36,1976-10-04
"Providenci Kertzmann",oreilly.alycia@example.net,Scottieport,53,1975-04-26
"Dr. Macy Hickle",melyna88@example.net,"New Lulu",75,2012-08-18
"Billie Sipes",sabernathy@example.com,"Port Erick",34,1977-04-11
"Dr. Grady Parisian MD",lblanda@example.org,Charlenefurt,23,2005-01-26
"Athena Hegmann IV",wintheiser.luciano@example.org,"West Emilstad",63,1976-06-30
"Meaghan Spencer",madalyn94@example.com,"New Monteview",44,1985-10-09
"Mr. Tanner Kessler",camylle.homenick@example.com,Cassandrachester,55,1972-03-11
"Maximo Sawayn",oren.veum@example.net,"Lake Rosalynshire",54,1996-06-30
"Tommie Hagenes",rflatley@example.com,Kozeymouth,27,2013-03-09
"Dr. Madison Conn DVM",tabitha35@example.net,Boscohaven,30,2003-02-07
"Vernice Larkin",lesly.brakus@example.com,"New Carlotta",52,2006-12-11
"Dawson Reichert IV",kari.rutherford@example.net,Pfeffertown,73,1971-07-12
"Ezequiel Anderson",loyal.schuster@example.net,Stehrborough,47,1975-11-27
"Edna Mayert",dina82@example.org,"South Brisatown",64,2024-04-06
"Prof. Jadon Haley DDS",flavie.tremblay@example.net,Kearaton,77,1991-05-08
"Deondre Kling",salvatore08@example.net,"Lake Serenityport",62,1986-02-28
"Modesto Thompson",mbogan@example.org,Assuntamouth,26,1979-02-20
"Mrs. Emelie Gottlieb DVM",dessie10@example.org,"New Kieranville",70,2000-08-25
"Gerard Abbott",lthompson@example.org,Heaneyfurt,71,2023-08-23
"Neha Altenwerth I",may44@example.org,"South Chloeberg",18,1979-08-16
"Dr. Tony King PhD",zcruickshank@example.org,Lesleyville,63,2014-11-06
"Dr. Mozelle Kessler",sofia.green@example.org,"South Gabrielle",19,1999-11-21
"Mya Harris",delbert82@example.net,Lamberthaven,61,1985-04-20
"Prof. Fletcher Fisher DDS",maria00@example.com,"North Jovannyberg",64,2012-01-27
"Dr. Immanuel Weimann",jconn@example.org,Brownview,79,1993-01-13
"Bryon Miller",obrekke@example.net,Burleyfurt,81,2002-06-02
"Miss Susanna Sipes II",mhartmann@example.org,"New Montana",19,2010-04-26
"Mr. Coby Runte",makayla.schaefer@example.org,Adellechester,72,1981-05-31
"Prof. Valentina Satterfield",parisian.zula@example.com,"North Loraine",26,1971-10-17
"Rogers Grant",cathryn87@example.net,"New Alysonland",39,2017-03-30
"Dr. Nathanael Armstrong",gmurphy@example.net,"East Catharineland",33,1987-11-09
"Prof. Candace Nienow I",kuvalis.beryl@example.com,Ernsershire,22,1987-10-28
"Jolie Kling",fjenkins@example.net,Mittieview,56,2007-06-16
"Adeline Grady II",lframi@example.net,"West Burley",43,2003-08-13
"Sydnie Ziemann",timothy77@example.org,Gulgowskiside,25,2004-07-18
"Mr. Edwin Fisher IV",shanelle38@example.com,Julianaport,84,2003-11-04
"Webster Greenfelder",hconroy@example.com,Josephinefurt,49,1992-05-05
"Floy Anderson",welch.jonathan@example.net,"Port Letaport",80,1987-05-20
"Ima Runolfsdottir",orval43@example.com,Wintheisermouth,37,2016-02-10
"Coralie Davis",giovanna50@example.com,"North Jadynton",48,1978-03-09
"Lew Pfannerstill",sanford.winnifred@example.com,"North Eryntown",80,1982-05-12
"Cayla Smith DVM",pfeffer.giovani@example.com,"North Matildafort",37,2009-08-10
"Ms. Elinor Kuhlman I",schneider.germaine@example.com,"Port Gabrielville",78,2006-08-14
"Miss Rachel Carter I",kwunsch@example.org,"New Ahmedville",59,2019-08-22
"Prof. Jeff Krajcik",kutch.leonie@example.org,Elmobury,76,1992-04-14
"Luther Bayer",pnitzsche@example.org,VonRuedenside,46,2017-06-20
"Idella Hermiston",brooklyn21@example.net,"Port Vancefurt",81,2003-03-07
"Stephanie Ward",lucile59@example.com,Kobeland,68,2022-08-20
"Jarret Maggio",miller.lauretta@example.org,"Lake Coy",35,2015-10-16
"Prof. Hollis Dietrich V",bdoyle@example.org,"Lake Esta",58,2009-12-27
"Dr. Hans D'Amore",dietrich.jarret@example.org,Deondreburgh,79,2007-11-09
"Prof. Earlene Mueller",curtis69@example.net,"Lake Lorenzahaven",72,1972-04-22
"Savion Metz",dlittle@example.com,Ceasarmouth,25,2020-08-11
"Mrs. Phoebe Pollich IV",armand32@example.org,"West Christinehaven",54,2007-08-29
"Kacey O'Conner PhD",mprosacco@example.com,Hettingerport,38,2019-12-01
"Marielle Rempel DVM",alexanne82@example.net,Metztown,55,1998-01-08
"Lisandro Kemmer",cornell06@example.org,Creminborough,79,1987-05-24
"Jeanne Schroeder PhD",stephen.cremin@example.org,Mellieburgh,30,2021-05-16
"Eladio Volkman",dwill@example.org,Talonview,77,1973-06-11
"Dave Gottlieb III",buster72@example.net,"East Asia",22,1998-06-03
"Oral DuBuque Jr.",paige.shanahan@example.com,"North Manleyside",73,2015-06-26
"Rod Reichert",alayna61@example.com,Lednerland,61,1986-11-28
"Prof. Chanel Bashirian V",jovany.gleichner@example.com,Peytontown,64,2006-03-10
"Jean VonRueden",nolan.willard@example.net,Aidanstad,44,1970-08-26
"General Lang",tmertz@example.com,Smithberg,83,1977-02-20
"Dr. Alberta Reilly III",teagan58@example.com,Sanfordhaven,73,1999-11-25
"Jesse Schuppe PhD",ena42@example.com,Deckowbury,36,2017-06-01
"Gene Blick",aabbott@example.org,Efrenland,38,2004-10-26
"Mrs. Ava Metz I",farrell.alison@example.net,"South Rosettaview",18,2016-02-10
"Stan Kassulke DDS",gracie83@example.com,Aronchester,73,2001-09-13
"Jade Howell",murazik.edyth@example.net,Powlowskibury,67,1975-12-09
"Kian Moore III",anna.schultz@example.net,Jenkinshaven,63,2004-07-31
"Abagail Grady DDS",eyundt@example.org,"New August",36,2011-07-25
"Nettie Johnston III",elwyn99@example.com,"South Madalyntown",46,1998-02-06
"Karianne Conroy",rath.abelardo@example.org,"East Margaretestad",61,1970-07-25
"Mrs. Madelyn Fadel Jr.",evan.gutkowski@example.org,Dickinsonshire,64,1991-07-24
"Lon Dach",quentin.dicki@example.net,Robertoview,75,2008-03-05
"Prof. Eriberto Medhurst II",rodrick.brekke@example.org,"Lake Mohammad",60,1987-05-01
"Dr. Arjun Nienow I",ndavis@example.com,Freemanville,65,2000-10-02
"Rick Wilkinson",hand.dolly@example.com,Jordynchester,52,1990-10-30
"Javonte Wyman",mschneider@example.com,"Lake Ruperttown",29,1994-12-11
"Linwood Treutel",abernathy.vivianne@example.org,Pasqualeside,68,1992-05-07
"Tito Dibbert",georgiana64@example.net,Labadietown,85,1991-12-12
"Carolina Wolf",dicki.gay@example.net,"New Ramiro",46,2019-01-14
"Dr. Enrico Reilly",dibbert.maribel@example.net,"North Ritatown",38,2017-08-19
"Santino Kohler",rubye87@example.net,"East Caterina",40,1977-07-29
"Mr. Luigi Huels",khoeger@example.net,"East Charles",65,1989-10-02
"Mateo Buckridge",sheila15@example.net,Hartmannton,77,2019-03-30
"Melba Gaylord III",bergnaum.jadon@example.com,"New Ettieton",32,2012-11-21
"Prof. Ruben Heaney II",brice54@example.com,Terrillborough,69,1990-06-10
"Ms. Suzanne Feil MD",trisha44@example.org,"North Alannachester",24,2011-04-03
"Mr. Judah Volkman PhD",qtremblay@example.net,"East Autumn",72,2012-05-13
"Agustin Waters",macy90@example.org,"North Tyra",67,1971-11-07
"Dr. Edna Jacobi Jr.",sophie.jerde@example.com,"West Percivalside",26,2005-03-10
"Joanny Mertz",esteban42@example.net,Eltaville,27,1994-03-01
"Brendan Ullrich",maurice.block@example.net,"North Ardith",73,1982-07-16
"Lysanne Schaden",torphy.gavin@example.org,Patriciachester,42,1995-12-18
"Favian Fritsch",vmccullough@example.org,Gonzalostad,60,1995-07-31
"Tanner Wunsch",pjacobson@example.org,Enricoside,73,2008-12-31
"Miguel Macejkovic",larson.clarabelle@example.net,Aydenmouth,76,1985-01-07
"Joaquin Kemmer",lesch.omari@example.com,"Port Malinda",51,2021-07-10
"Ila Hodkiewicz",dixie92@example.org,"East Albafort",30,2001-08-07
"Myriam Padberg",yweber@example.net,Morarfort,49,1982-08-09
"Hillard Nader",walker.wellington@example.net,"Lake Gwendolynberg",57,1993-08-11
"Napoleon Renner",brigitte94@example.com,Braedenfurt,58,1972-03-06
"Hudson Dicki",lilliana73@example.com,"Lake Maudeborough",60,2019-04-03
"Cassie Hudson Sr.",fatima.schulist@example.com,"East Stellabury",42,1974-12-22
"Mrs. Arlie Bogan",lucas.lind@example.net,Tomasaport,64,2014-02-05
"Mr. Philip Schinner III",aiden.ernser@example.org,Dewaynemouth,42,2016-02-05
"Zula Denesik",hartmann.braden@example.net,Goyettebury,31,2002-09-24
"Mr. Bo Schmidt II",beatty.cicero@example.com,Hopemouth,31,1978-03-13
"Katarina Pagac",rowena93@example.com,Carlottafort,84,1995-01-05
"Alexandrea Ruecker",smitham.mozell@example.com,Eddburgh,71,2013-08-26
"Skyla Schoen",morissette.antonietta@example.com,"East Kaya",44,1986-02-25
"Kaela Toy",klein.neoma@example.org,"North Retha",65,2020-09-15
"Ulises West",lcruickshank@example.com,Sauerton,29,2003-12-12
"Jayme Rempel",laverne.ruecker@example.com,"South Tonyville",31,2003-09-14
"Lisa Kulas",bart53@example.com,Marksside,60,2004-10-09
"Lilliana Reinger II",heidi79@example.com,Dickensport,55,1996-06-05
"Prof. Jabari Schroeder I",pmuller@example.com,Clementinamouth,82,2005-07-18
"Asia Rolfson",shields.myles@example.org,"South Dena",66,2023-08-15
"Mrs. Alison Harris DDS",saige67@example.net,"Port Titoton",74,1974-06-14
"Baylee Kilback",bauer@example.net,"West Buck",57,1994-08-27
"Emilia Green",adrien34@example.org,Salmaborough,22,2024-10-27
"Jamel Klein",danielle82@example.net,"North Esther",80,2005-08-03
"Mia Reynolds",jarod88@example.net,"New Conor",57,1976-07-31
"Kieran Gutkowski",emard.rachael@example.org,Joesphview,23,1976-09-04
"Trey Langworth",bhauck@example.net,Keeblerborough,53,1987-03-30
"Mrs. Earline Hansen PhD",jayce12@example.net,"East Katelynborough",61,1996-01-06
"Dr. Heath O'Kon Jr.",assunta.altenwerth@example.com,"West Doylemouth",61,1976-08-05
"Ashton Jast",irwin85@example.com,"South Leopoldchester",79,1992-08-05
"Francesco Klein",yfranecki@example.com,"West Israelland",73,2024-05-05
"Suzanne Schinner",wisozk.obie@example.org,"New Assunta",25,1981-12-02
"Mandy Hegmann",alene12@example.org,"West Othostad",29,2010-08-24
"Estelle Price",cshanahan@example.org,"North Braxtonshire",35,2010-10-25
"Sonya Beer",lernser@example.org,Marvinchester,20,1977-08-08
"Ms. Nicole Kuhlman DDS",brendon.batz@example.net,"North Raphaelle",48,1978-04-22
"Ethelyn Champlin DDS",pouros.jamar@example.net,"West Alberta",78,1973-06-28
"Godfrey Bradtke",strosin.tremaine@example.com,"North Crystal",21,2018-04-15
"Anne Heathcote",linnea.smitham@example.com,"East Michaela",71,2002-04-04
"Walker Collins",ebert.anastacio@example.net,Mitchellborough,73,2003-03-16
"Jesse Haley IV",arno18@example.com,Ernestineburgh,44,2017-10-04
"Ms. Victoria Lubowitz",alfonzo44@example.com,Kuhicport,85,2016-03-22
"Ms. Nola Pacocha DVM",welch.cornell@example.org,"South Roberta",45,1983-05-25
"Paul Kuhlman",bruen.natalie@example.com,Kilbackbury,50,2022-06-27
"Jazlyn Denesik",vpagac@example.net,Buckridgefort,38,2005-09-09
"Prof. Mohamed Deckow DDS",moen.justen@example.com,"North Rosarioborough",37,2012-04-29
"Gonzalo Abshire",qraynor@example.com,"West Curt",26,1996-03-04
"Shanon Streich",okon.garrett@example.net,"New Shayne",61,1973-11-18
"Izaiah Gibson",lbahringer@example.com,"Port Lesleymouth",47,1991-11-26
"Dr. Felix Schoen MD",cristina.mcdermott@example.com,"East Janiyabury",60,1997-01-19
"Imogene Rempel DDS",feest.michaela@example.net,Steubertown,45,1986-02-06
"Katelynn Zboncak",jazmin06@example.com,Billiebury,41,1998-07-14
"Joshua Lakin",abe91@example.com,Auerborough,74,1983-01-22
"Dr. Brook Carroll",shanny40@example.net,Mireyaborough,21,1971-09-01
"Jermain Hudson",osinski.kennedi@example.org,Millerchester,68,2021-05-01
"Judd Powlowski",kathleen.olson@example.org,"West Delilahberg",42,2003-09-09
"Prof. Gloria Wintheiser Sr.",leonora.lueilwitz@example.com,Vonstad,65,2010-09-03
"Ellen Yundt",turcotte.alberto@example.net,"North Jovanborough",57,2024-06-14
"Dalton Treutel",genesis68@example.com,Mullerfurt,30,2009-04-03
"Dr. Adrain Parker",khalil.lemke@example.com,"Lake Zolaville",81,1976-04-16
"Monserrat Stanton",kurt36@example.net,Dickensstad,34,1974-05-21
"Miss Christine Volkman",delaney.dach@example.com,Doloresside,55,1972-08-10
"Mekhi Ledner",skiles.loraine@example.com,"East Ottilie",69,2008-09-02
"Dr. Amelie Okuneva",christian.stehr@example.net,Hegmannmouth,55,1975-10-19
"Manuel Gibson Sr.",kian73@example.com,Friedrichborough,32,1970-03-12
"Hershel Stamm",zrice@example.org,Gleasonland,49,1993-11-15
"Kenyatta Reichert Sr.",zvon@example.com,"East Krystalport",30,1976-11-04
"Dr. Maryjane Mraz",howe.sherwood@example.com,Janellefurt,41,1989-01-20
"Dr. Henri Effertz",vweber@example.com,Sigmundside,44,1993-10-03
"Harrison Wolff",althea00@example.com,Emmerichview,18,1993-07-26
"Laura King",janae87@example.com,"New Karlie",42,2024-05-04
"Shania Roberts",denesik.annabelle@example.org,"Port Rosie",41,1975-02-08
"Dr. Hellen Beer MD",elmer.tillman@example.org,"Port Santiago",36,2000-04-30
"Trevor Borer",zstrosin@example.org,"Lake Cheyenneland",79,2018-12-02
"Prof. Elwyn Satterfield",noemie44@example.net,"West Robbtown",50,1977-11-14
"Ava Nitzsche",ekozey@example.net,"Port Gerrychester",24,2011-12-07
"Violet Russel",immanuel28@example.com,"South Alvenachester",50,1982-02-11
"Annabelle Boehm MD",ken82@example.net,Oceaneburgh,36,1992-06-20
"Al Lowe",breitenberg.marcus@example.com,Morarview,61,1977-03-04
"Nella Beier",cale53@example.com,"West Jeniferborough",73,1995-05-01
"Jabari Stanton",freda.corwin@example.net,Rosalindastad,78,1976-10-01
"Mack Dickinson",lhahn@example.net,"West Jermey",32,2011-08-01
"Shawn Bartell",connelly.tyra@example.net,Connellyside,46,1981-02-17
"Annamarie D'Amore Jr.",zhuels@example.net,"Port Robertashire",64,1998-12-21
"Ms. Minnie Bechtelar",dickinson.rhoda@example.org,"North Isom",36,1987-11-02
"Cara Weimann",stroman.ashton@example.com,"Lake Britney",47,1988-04-25
"Creola Spencer",khammes@example.com,Piercefurt,81,2012-03-20
"Dr. Emmalee Funk MD",kulas.alberto@example.net,"East Keanu",45,2019-07-19
"Kayla Rodriguez",charlotte.gutkowski@example.com,"West Maymie",37,1995-11-07
"Prof. Carolyn Dietrich DDS",mward@example.net,Zemlakbury,62,1998-11-21
"Lambert Kunze",mdickinson@example.com,"New Saigeland",47,1985-07-15
"Pietro Kassulke",trent.gusikowski@example.net,Rogahntown,49,1984-12-20
"Favian Hodkiewicz II",tdubuque@example.net,"New Paytonborough",49,1979-03-11
"Mireille Williamson",hroberts@example.net,"West Catharinefurt",65,2002-01-24
"Alisa Kuhlman",cornelius.white@example.com,"Port Franciscachester",69,1995-11-07
"Krystel Konopelski",rmohr@example.com,Gerryfurt,64,1989-05-22
"Dr. Juvenal Terry",stark.lydia@example.com,Hirthechester,25,2009-05-20
"Johnathon Hermann",neil86@example.org,Mittiehaven,39,1995-12-21
"Dr. Hillard Dare DVM",jaylin.glover@example.net,Rodriguezburgh,20,1992-06-04
"Jany Purdy",mmarquardt@example.net,"Port Ottisberg",32,1980-07-30
"Prof. Gus Wisozk",ocorkery@example.com,Ortizhaven,70,1985-11-24
"Dr. Adolfo McClure",theodore.parker@example.net,"East Louisastad",39,1976-04-05
"Mr. Giovanny Simonis",nichole.kshlerin@example.org,"Lake Malcolmberg",84,1992-12-13
"Vita Witting",ahickle@example.com,Ashlyview,50,2016-03-25
"Mr. Christ Huels DDS",ubogan@example.net,Ursulachester,67,1972-07-24
"Lesly McClure Sr.",rosina.harber@example.org,"Port Jeanettestad",62,1998-09-10
"Emmalee Bashirian",aaliyah34@example.com,"New Genefort",24,1994-01-15
"Dahlia Reichel",vinnie39@example.net,Nobletown,76,1995-11-18
"Susan Berge Jr.",bernier.arnold@example.net,Michalehaven,44,1982-10-18
"Dr. Birdie Feest V",guadalupe.ward@example.com,"Lake Queenie",39,2012-05-27
"Deontae Wintheiser",obednar@example.org,Cassinshire,64,1995-06-18
"Brenda Wunsch",emelia20@example.net,Wehnerbury,38,1990-05-28
"Angelo Beer II",leuschke.jovani@example.com,Shayleebury,22,1980-06-15
"Urban Herzog Jr.",nia12@example.com,Margieton,84,1996-05-13
"Haskell Smitham",chris65@example.com,"East Jocelyn",37,1990-01-17
"Ocie Harvey PhD",uhartmann@example.net,"East Ken",39,1991-04-09
"Jamel Nicolas",rice.vernice@example.net,"North Susana",65,1984-04-28
"Mr. Drake Koelpin Sr.",bfisher@example.com,Corkeryhaven,63,2001-01-27
"Drake Nicolas",maegan.schroeder@example.org,"Port Alvera",39,2008-01-08
"Cecil Douglas",ricardo62@example.com,Imeldahaven,52,2014-07-12
"Stuart McLaughlin",christina64@example.org,Langworthfort,25,1971-11-23
"Robert Legros PhD",earl.berge@example.com,Magdalenbury,76,1977-02-09
"Ms. Burdette Lowe",percy.rau@example.com,Williamsonfort,82,2018-04-17
"Prof. Juanita Willms",edwardo.rempel@example.org,Carterport,45,1994-01-06
"Mr. Johnny Goodwin PhD",akihn@example.org,Desmondville,35,2006-06-15
"Dr. Jared Lehner Jr.",audie.pfeffer@example.org,Dibbertbury,49,1970-11-12
"Hadley McLaughlin",ohara.martina@example.org,Davisbury,61,1971-07-08
"Delphia Wiegand I",ohills@example.com,Wallaceland,23,2019-06-07
"Bennett Trantow",brooklyn44@example.com,"West Christellebury",76,2021-01-15
"Dr. Janis Erdman Sr.",leopoldo50@example.net,Beierport,41,2019-02-28
"Luis Fahey",mertz.carolyne@example.org,Cordiefort,80,1974-06-18
"River Daniel",enola29@example.com,Watersshire,60,2020-03-09
"Sandrine Wehner",gene66@example.com,"Port Andreanne",48,1986-05-24
"Lowell Monahan",bryon.gaylord@example.com,"West Maxie",27,2016-12-21
"Annette Gerlach",emmitt.lowe@example.net,Hilpertborough,73,1988-06-24
"Ansel Keeling",dicki.letitia@example.net,"South Robb",67,1976-09-30
"Carolanne Padberg",koch.herman@example.org,Arvelborough,25,1978-09-27
"Ferne Gutkowski",kolby.hagenes@example.com,"West Alexieborough",34,1980-04-25
"Mrs. Kitty Cartwright",xhammes@example.com,Kaileybury,56,2002-02-01
"Mrs. Mary Hayes",raleigh.cruickshank@example.org,Zemlakland,43,1983-01-18
"Ms. Ivah O'Reilly IV",kayli69@example.net,"East Careybury",39,1985-10-08
"Prof. Sheila Huel",magdalena.halvorson@example.com,Cronaton,65,1974-04-18
"Mr. Allan Marquardt",dashawn.walsh@example.org,"Port Clara",30,1998-04-28
"Kaleigh Cormier",jettie.breitenberg@example.net,Rauville,69,1991-09-10
"Brenna D'Amore",harris.adolphus@example.org,Muellerborough,81,2023-05-31
"Ayla Raynor",darryl89@example.org,Stiedemannburgh,78,1987-05-12
"Dr. King Mayert",crist.rosalyn@example.com,Quinnberg,79,1975-06-25
"Dr. Jocelyn Rowe",hbrakus@example.org,Beattyland,67,1998-02-13
"Kraig Schimmel",murray.sipes@example.net,"North Riley",80,2002-07-04
"Erin Collins V",rice.garry@example.net,"South Jevon",31,1986-08-12
"Devyn Wilkinson",cassin.reggie@example.net,Eldorabury,73,1989-07-21
"Emelie Nolan",elliott21@example.org,Boyerfort,46,1972-10-30
"Linnie Adams",hintz.susana@example.org,"New Felipa",75,2004-10-17
"Cathryn Runolfsson MD",zieme.lyric@example.com,"Port Peytonborough",20,2012-08-13
"Marlene Ruecker Jr.",qveum@example.net,Evanberg,82,2008-05-30
"Henderson Rau",demarco.tromp@example.org,O'Haraton,22,2016-03-19
"Kelly Berge",dare.ray@example.net,Gladysstad,47,1974-08-05
"Jada Bartoletti V",kozey.ervin@example.com,"West Bridgettestad",55,2004-08-23
"Reina Abbott DDS",nat63@example.net,Pfannerstillchester,47,2004-08-23
"Shanel Barrows",sheila.morissette@example.com,"North Shemar",21,2023-01-31
"Prof. Giovanni Quigley IV",pearl31@example.org,"North Kacie",62,2017-02-12
"Ms. Rebekah Spencer PhD",swaters@example.net,"New Kyleighland",44,1978-01-04
"Camylle Bode",newton51@example.com,"Port Marty",21,1999-07-25
"Otto Strosin",pmcglynn@example.org,Rachelberg,67,2020-03-20
"Yadira Lakin",frederic24@example.net,"New Julianaview",20,2015-11-25
"Bianka Brakus",pedro.zulauf@example.net,"South Brandt",35,2006-06-14
"Dr. Carlie Brakus",iklein@example.com,"West Enriquebury",22,2023-08-01
"Dr. Tessie Rutherford DDS",hester56@example.org,"North Elmostad",48,1989-12-20
"Mr. Oliver Wilderman",qbartoletti@example.com,"South Reneeside",52,1991-11-14
"Dr. Sasha Dach II",gertrude29@example.com,"East Nedfort",36,2023-06-15
"Sid Stroman",henry55@example.net,Champlinchester,24,1985-05-09
"Mr. Quinten Russel MD",meagan.cummings@example.com,"East Niaborough",71,2010-02-11
"Mr. Jessy Larkin",yhowe@example.net,Thelmahaven,23,2010-12-29
"Karlie Keeling",hartmann.astrid@example.com,Langville,83,2022-12-08
"Demetrius Flatley",reyna.mann@example.org,"East Enosbury",40,1975-09-24
"Mr. Roderick Prosacco",solon87@example.com,Wisokybury,50,2019-08-01
"Emerald Mann Jr.",rolfson.octavia@example.org,"New Clinton",21,1985-10-16
"Glenda Schowalter",walsh.carmen@example.net,"Port Flossie",52,2011-06-25
"Enola Casper",grady.drew@example.org,"South Moriah",24,1972-02-02
"Cletus Hermiston",laverne.friesen@example.com,Hillton,34,2006-09-15
"Dr. Hortense Schuster DDS",johnathon.homenick@example.com,Juddmouth,38,2006-11-05
"Liliane Gislason",gaston13@example.org,Lawsonview,70,1996-05-18
"Alia Franecki",leanne61@example.net,Donnellport,66,1980-01-08
"Ms. Isabella Mann I",hyatt.destiny@example.net,Dewayneview,21,2019-07-13
"Judson Mante",conroy.destinee@example.org,"North Olaf",78,1998-06-20
"Dr. Kayden Jenkins III",tyrique.gerhold@example.net,Oberbrunnerfort,79,1983-02-20
"Davonte Rowe",miller.little@example.net,Morarport,25,2015-12-31
"Elmira Zieme V",fidel69@example.net,"West Cyrus",39,2003-01-25
"Sabrina O'Connell",oerdman@example.com,"East Jackmouth",83,2011-01-30
"Mackenzie Fay",bweber@example.org,Toyland,20,1992-02-23
"Prof. Carmella Bechtelar",kutch.magnus@example.org,"North German",20,2005-12-31
"Trevion Moore MD",thaddeus41@example.com,"Lake Marcelino",50,1987-12-10
"Miss Eileen Hane Jr.",isobel28@example.com,Abigailmouth,45,1980-08-27
"Frances Muller",konopelski.amber@example.net,Kutchmouth,73,1988-08-21
"Ms. Lucy Mayert Jr.",qoreilly@example.com,"New Darrelville",59,2007-06-04
"Dr. Fredy Von",zoey92@example.net,Kristianmouth,83,2005-06-05
"Miss Savanah Adams",mfranecki@example.com,Kieramouth,67,1970-03-31
"Ms. Itzel Kunde DVM",claudine.hudson@example.com,Connhaven,84,1979-07-08
"Andre Mueller",stracke.eloisa@example.com,Eichmannchester,73,1996-11-13
"Xavier Gulgowski V",colten.okon@example.com,"North Patience",20,1980-10-22
"Prof. Joan O'Hara",king.anderson@example.com,"Lake Maximilliaside",36,2006-08-26
"Gordon Goyette",kelsie.metz@example.com,Bauchmouth,81,2010-11-11
"Maritza Corwin",nhoppe@example.com,"New Guadalupe",34,2005-12-18
"Prof. Ilene Abshire V",dahlia01@example.net,"Port Tierraland",50,1998-12-20
"Marley Treutel",lebsack.janessa@example.org,Moorefurt,32,2021-08-28
"Makenzie Lind",gideon43@example.com,"North King",76,1986-04-12
"Lane Torphy PhD",benton58@example.com,"North Jazmin",20,2020-03-12
"Demario Schultz PhD",beahan.ernesto@example.com,Stantonstad,27,1986-08-02
"Miracle Stark",pearlie68@example.org,"Port Kianna",67,2008-04-17
"Josefina Berge",gottlieb.allene@example.org,Billiemouth,54,2003-11-06
"Prof. Katelin Mosciski",yhahn@example.com,Velvaport,66,2011-01-22
"Foster Sporer",fatima55@example.com,Pfefferland,36,2023-08-21
"Ransom Thompson",ipurdy@example.net,Vivianneport,36,1978-04-30
"Axel Towne",donnelly.hyman@example.net,Micahfort,61,1979-07-05
"Hassan Jakubowski",hills.brandyn@example.org,"Lake Allen",31,2002-10-19
"Ms. Rebeka Farrell",gdicki@example.net,Daytonview,18,2023-06-01
"Dr. Sid Rau",renner.dagmar@example.com,Boscohaven,46,2000-01-19
"Laney Reichel III",ritchie.arden@example.com,"Lake Chelsey",68,2023-04-15
"Eddie Boyle",bfay@example.com,"New Bradyport",19,2001-04-05
"Miss Lavonne Runolfsson I",adella14@example.net,"East Reychester",31,2011-07-22
"Jasmin Murazik V",sstreich@example.net,Ryanton,80,1990-10-25
"Mr. Jett Ortiz",okessler@example.org,"East Josephine",52,2019-12-28
"Justus Klein Sr.",nathaniel12@example.net,"North Rachael",19,2006-10-16
"Ottis Reichert",elizabeth.rowe@example.com,"Lake Trycia",20,2005-05-31
"Prof. Deshawn Bahringer DVM",luigi.conroy@example.org,Kylaville,53,1982-04-02
"Carley Littel",elroy.zboncak@example.org,"Lake Jeramie",48,1992-05-20
"Dr. Hillard Rippin V",marguerite49@example.net,"West Rossie",18,1972-06-08
"Dr. Richmond Reichert V",koss.dorris@example.net,"Port Franciscahaven",40,1980-11-18
"Christophe Marks",thelma.bogisich@example.org,"North Orion",64,1988-04-18
"Keith Cormier",hritchie@example.org,"New Oral",50,2016-12-21
"Haley Stoltenberg MD",koss.claudine@example.net,Sauerberg,77,2002-08-29
"Desmond Stamm",miguel31@example.com,Shieldsland,28,2007-05-03
"Davion Witting",enid60@example.net,"North Maryjane",48,2020-05-31
"Enrico Kutch",grant.terence@example.net,Schadenfort,82,1981-04-23
"Alba Rice",goldner.madge@example.com,"South Damianton",55,2019-04-15
"Evans Hirthe",jaleel41@example.com,Dorcaston,82,2005-01-17
"Declan Hane IV",buck.hagenes@example.net,"South Mateotown",57,1976-11-22
"Prof. Joesph Langosh",kcarter@example.net,Mattieberg,76,2004-03-30
"Ocie O'Conner",carter.daniela@example.com,"East Marlon",50,2008-12-18
"Electa Hirthe",nader.levi@example.org,Marianeview,69,1983-03-03
"Everette Erdman",brenna61@example.com,"North Benjaminville",31,1979-01-15
"Moses Roberts",ernestina96@example.net,Whitefort,20,1977-08-21
"Weston Hoeger",karli08@example.com,"New Antoniaton",35,2009-12-04
"Katelin Williamson Sr.",pking@example.com,Wainotown,41,2023-11-07
"Monica Will",leannon.trycia@example.net,"Port Itzel",68,2010-11-23
"Brielle Bernhard",jbreitenberg@example.net,Rippinshire,57,1981-10-02
"Prof. Rickie O'Connell IV",nyasia.klocko@example.com,Lakinmouth,25,1990-08-04
"Clint Fay",stephen08@example.net,O'Connerchester,25,2000-08-28
"Prof. Ubaldo Effertz PhD",huels.jessie@example.com,Geoborough,73,2010-10-20
"Dr. Giovanny Greenfelder",rachael.altenwerth@example.org,Schummfurt,32,1988-05-14
"Antonetta Durgan DVM",jkerluke@example.org,"North Marlee",56,1983-06-24
"Gunnar Deckow V",cassin.frieda@example.net,"West Shad",54,1995-02-09
"Jennie Lehner",dashawn63@example.net,Schultzberg,45,2019-06-17
"Sibyl Mills",toy.maymie@example.org,Stromanview,69,1999-01-24
"Clifford Wuckert",willms.benjamin@example.com,"East Anastasia",64,2018-02-20
"Mozell Hand",garrison.cassin@example.com,"New Koryfort",19,2009-07-09
"Mr. Sammy Huel DDS",jeanne.ryan@example.net,"Lake Jaydaport",47,1999-03-06
"Berniece Grant MD",willy00@example.net,"Lake Scottymouth",46,2016-07-11
"Lesly Quitzon",hintz.barry@example.org,Madgetown,29,2012-06-20
"Josefina Huel",bode.penelope@example.net,Carterview,43,2002-09-28
"Paige Medhurst IV",erika.turcotte@example.org,Hellenburgh,67,1979-03-01
"Dr. Adah Frami",wcollins@example.org,"North Gia",69,1973-05-26
"Dr. Mustafa Prohaska",nils.schultz@example.net,Kadenville,43,1972-09-13
"Reagan Hermann DDS",mohamed.jast@example.org,"New Annettetown",71,1994-08-20
"Markus Murazik",ewald37@example.org,Alfonsoburgh,52,1988-01-20
"Lester Gulgowski III",pglover@example.com,"Port Justonhaven",74,1988-09-20
"Jade Fisher",armani.maggio@example.net,"West Hobartbury",66,1975-09-07
"Mckayla Jenkins",samara.quigley@example.net,Andrewport,59,1999-05-15
"Ms. Albertha Harber",ebony37@example.com,Prohaskaborough,64,2004-05-11
"Mr. Erling Dooley MD",dillon31@example.org,"South Thomasberg",35,1998-04-14
"Alf Tillman",gstark@example.org,Rosettafort,18,1975-07-20
"Vicky O'Conner",martina.cummings@example.org,Burleytown,21,1980-06-04
"Prof. Nelson Pfannerstill II",major.little@example.com,Missouriport,29,2017-09-05
"Augustine Ruecker",towne.jeffrey@example.net,"South Demetris",62,2004-03-18
"Nia Boehm",barrows.daniela@example.com,"West Adaline",33,1999-12-08
"Kirk Waelchi",dach.keenan@example.org,Davinhaven,23,2001-01-26
"Bessie Crooks",gordon39@example.net,"West Torrance",61,1991-01-19
"Prof. Richard Bechtelar Sr.",joelle.mertz@example.org,"North Kristopherberg",49,2012-01-23
"Ignatius Upton",marina.gulgowski@example.com,"Port Malvinaburgh",36,2004-09-24
"Mrs. Haylie Stiedemann III",marisol07@example.com,Tyreseside,77,1993-04-29
"Miss Rozella Quitzon DVM",elmo46@example.com,"North Delmerland",32,1989-01-02
"Deborah Powlowski",krajcik.emilio@example.com,Schmidtborough,42,1981-01-31
"Lewis Towne",schimmel.brett@example.net,"North Dinostad",61,2022-09-19
"Westley Emmerich II",gferry@example.com,"New Lewis",58,1991-11-15
"Ned Lemke",beatty.waldo@example.org,"East Jaspermouth",85,2002-11-05
"Ayla Moore",zoila.spinka@example.net,Ebertside,23,2022-10-04
"Dr. Ervin Lebsack DVM",huel.tara@example.net,Maiyastad,24,1988-11-12
"Jaquelin Fay DVM",frau@example.net,Robelview,38,2023-09-11
"Oliver Koepp",tmacejkovic@example.com,"Port Jonatan",28,2019-02-16
"Mrs. Daphney Ledner",keebler.wilburn@example.org,"New Eva",80,2022-03-11
"Ms. Ciara Parisian",wilburn22@example.com,Blairmouth,73,2000-12-26
"Reina Cronin",bmurphy@example.net,Collinsborough,79,1976-07-28
"Karolann Schmeler",ipfannerstill@example.com,Konopelskiburgh,61,1989-09-09
"Noel Gorczany",connelly.alexandre@example.org,"West Wadeville",58,2021-11-22
"Dr. Darryl Fritsch",wilkinson.dorothea@example.com,Wuckerthaven,25,2002-04-03
"Hal Homenick",mante.clinton@example.org,Kristofferburgh,40,1997-10-27
"Mark Kuphal",olga36@example.net,"New Trisha",76,2006-05-14
"Arielle Lang",ochristiansen@example.com,Mariellebury,41,1972-07-13
"Prof. Jordyn Hintz",franz.harris@example.com,Eldonport,24,1972-06-03
"Davonte Sporer",valentine72@example.net,Jettborough,43,1992-02-13
"Keagan Shanahan V",wunsch.estelle@example.org,"Port Jennieshire",79,1987-02-19
"Alford Hermann",beulah.homenick@example.net,Lubowitzville,83,1979-08-09
"Prof. Lennie Borer",pagac.sally@example.org,Monahanborough,30,1983-11-08
"Ms. Katrine McDermott",pchamplin@example.com,Heaneytown,70,2017-04-26
"Jazmyn Osinski",shanna.jenkins@example.com,Reidchester,72,1973-01-03
"Vallie Wilkinson",iwisoky@example.com,"South Hoytmouth",69,2003-12-09
"Geraldine Smitham Jr.",lindsey.berge@example.com,"West Palmatown",85,1975-04-22
"Maud Halvorson",hfisher@example.net,Gislasonfort,62,1990-11-19
"Augustine Koepp",hand.linwood@example.org,Denesikburgh,62,2006-07-04
"Dr. Elliot Block",altenwerth.jasmin@example.com,Rennerburgh,59,2008-05-06
"Darion Nicolas",rstanton@example.com,Kilbackburgh,44,1986-08-29
"Nikita Conroy",khalil.williamson@example.com,"South Ed",80,1981-02-10
"Mrs. Shyann Bode I",langworth.anthony@example.org,"Lake Grady",52,1975-02-15
"Elinore Trantow",ruecker.nils@example.org,"East Gisselle",64,1999-08-03
"Ariane Metz",mann.lysanne@example.com,Goldnerburgh,46,1977-11-17
"Ms. Mikayla Davis III",ybeatty@example.com,"South Zackarystad",78,1971-07-29
"Mrs. Ashtyn Emmerich",macy.gleichner@example.net,"West Kaneville",27,2004-10-03
"Prof. Adolfo Lemke PhD",barrows.ernie@example.net,Padbergborough,66,2002-08-19
"Kali Bogan",alford70@example.net,"South Cesarmouth",22,1989-10-28
"Levi Goodwin",trinity93@example.com,Jesseton,51,2020-09-07
"Mr. Orval Halvorson I",collins.minerva@example.org,"North Javonside",18,2002-03-17
"Jimmy Quigley",thompson.toy@example.org,"Lake Herminiotown",28,1997-03-25
"Miss Diana Jerde V",streich.lydia@example.com,"East Tristian",74,1994-12-28
"Terence Kuhlman",lstracke@example.org,"New Timmothy",53,2000-06-24
"Marcia Ankunding PhD",broderick40@example.com,"South Marjolaine",85,2004-05-16
"Nadia Hartmann",hector90@example.org,"North Augustborough",18,2013-06-02
"Christop Hermann",elinore32@example.org,"Lake Broderickstad",22,2007-06-05
"Moriah Keeling",marks.alfredo@example.com,McGlynnmouth,22,2017-09-25
"Lazaro Stanton III",hullrich@example.com,Milanshire,50,2019-01-23
"Hattie Goyette",terry.wyatt@example.com,"New Carson",26,1974-10-31
"Geovanny Zulauf",timmothy72@example.com,Rebekaborough,43,2010-06-17
"Josiah Brown",gtromp@example.com,"Port Winnifredhaven",84,1978-01-20
"Virginie Quitzon",ztorp@example.com,"New Lawsonborough",67,1986-04-26
"Prof. Shany Braun",brandyn69@example.com,"East Mona",19,2000-05-01
"Retha Daugherty",iwilliamson@example.com,"Port Enola",41,2019-01-26
"Eloy Wyman",ritchie.cicero@example.com,"South Dustin",30,2007-04-10
"Leanne Green",karlie25@example.net,Fayport,22,1985-10-03
"Dr. Alfred Strosin IV",gorczany.fredrick@example.org,"East Rosalia",24,2020-03-09
"Dustin Pollich",ratke.lilian@example.net,Kreigerton,47,1993-04-29
"Mrs. Catharine Flatley III",lelah99@example.com,Trevionchester,35,2009-02-08
"Dillon Hammes",gschultz@example.net,"Lake Eleonore",77,2014-03-31
"Gilda Hackett",libby26@example.org,"North Arelyburgh",76,2011-08-26
"Dean Jacobi",tryan@example.org,"Port Webster",42,2019-03-02
"Mrs. Nayeli Wiegand",marvin.ella@example.com,"North Wainoshire",77,1994-03-15
"Ms. Estrella Langosh",xemard@example.org,Pedroborough,56,2005-08-26
"Mr. Deondre Upton",ellie.keebler@example.com,Myriamtown,36,2010-05-30
"Lauriane Wintheiser",klein.lamont@example.org,"West Hector",30,1976-06-13
"Jayme Swaniawski",ebechtelar@example.net,Aliyaland,83,2014-01-10
"Rachelle Bogisich",emory.howell@example.com,Rohanview,39,1989-07-19
"Prof. Hazle Morissette V",fsmith@example.com,"West Aniyastad",36,2024-12-25
"Beryl Denesik",jaskolski.noemie@example.org,"East Michalechester",45,2006-01-28
"Mrs. Bettye Wisoky DDS",vwindler@example.com,"Port Earnestinehaven",25,1973-12-13
"Leann Koss",abbey10@example.com,Fannytown,34,1982-02-06
"Ethelyn Boehm",conrad45@example.org,"West Nels",34,2005-09-02
"Rosalee Gibson",willa82@example.com,"North Auroreberg",67,2012-08-18
"Alta Torphy",ibode@example.net,"North Hughhaven",43,2015-01-27
"Pamela Braun",lchristiansen@example.org,"Lake Nils",21,2014-01-08
"Elizabeth Lakin",mittie93@example.com,Mrazville,75,2007-02-23
"Abbey Gerhold",kaylah.leffler@example.net,Hyattchester,85,2006-07-09
"Prof. Barrett Blanda",wiza.lelah@example.net,"East Kody",52,1984-08-09
"Alaina Quitzon",vfranecki@example.com,"North Dario",36,1998-01-09
"Elinore Daugherty",linnie53@example.com,Batzville,41,1976-01-08
"Jaida Bednar",isabell.ritchie@example.com,"New Adolphuschester",41,1981-07-29
"Alisha Weissnat",osmith@example.net,"South Darrinbury",34,2017-06-24
"Katelynn Hackett",joey00@example.org,"New Katlynnport",32,2003-03-31
"Tristian Ledner",dina87@example.net,"New Thomasbury",26,1970-10-01
"Tamia Klocko",haylie.welch@example.org,Baumbachport,22,1992-07-03
"Mr. Stevie Bins Sr.",ruby54@example.org,"Port Arvel",46,2012-12-08
"Mallie Olson DVM",vida.schaden@example.com,"New Afton",29,1990-11-07
"Eliza Moore",ktrantow@example.net,Asahaven,77,1983-09-15
"Jerald Turcotte",fmraz@example.net,Meghanton,68,2004-08-03
"Moises Kozey",uemard@example.org,"West Monatown",37,1976-09-10
"Colleen Welch",vhoeger@example.org,"West Shaniyafort",52,1976-04-27
"Miss Antonette Larkin III",ewell38@example.com,Tryciafurt,73,2014-06-24
"Elsa Rohan",alize.okuneva@example.com,Jeramiemouth,41,2024-08-24
"Verda Hill Sr.",altenwerth.sister@example.org,"South Melisa",55,1997-01-07
"Mr. Timmy Osinski",haylee55@example.org,Bednarbury,53,1988-11-21
"Olga Aufderhar",beverly.hand@example.com,"West Reillyport",58,1984-03-05
"Jeffry Bosco",nswaniawski@example.net,Kendrastad,70,1985-12-31
"Wilbert Stehr IV",spollich@example.org,"East Sherwoodfort",48,1972-09-14
"Emilia Lynch",aiden.sanford@example.net,Tomasachester,20,1983-05-04
"Fay Ratke",sincere95@example.com,Kinghaven,83,2013-04-20
"Deja Olson",mac.beahan@example.net,"South Enriquefort",83,1984-09-25
"Mr. Franz Wisoky",laisha04@example.com,Grantborough,56,2019-04-05
"Milo Beatty",macy63@example.org,"Lake Kellyshire",36,1992-10-16
"Miss Rosemarie Mann",price12@example.com,Mertztown,60,2018-12-05
"Gregory O'Hara",xaufderhar@example.com,"Lake Jazmynehaven",73,2019-08-06
"Kurtis Emard",arlo23@example.com,Bartellville,63,2001-09-15
"Dr. Malachi Herzog",ulemke@example.org,Kentonfurt,60,2002-04-06
"Prof. Filiberto Macejkovic",francesco.bernier@example.com,Nikkishire,31,1982-04-04
"Colby Olson DDS",qbailey@example.com,Baumbachmouth,76,1976-01-22
"Gaetano Aufderhar MD",elda01@example.net,Hammesstad,32,1991-11-13
"Shaylee Will",qfahey@example.org,Marvinville,64,1998-03-16
"Mrs. Germaine Hauck III",mann.niko@example.org,Kayceehaven,72,1991-03-18
"Diamond Frami",lhuels@example.com,Connellyview,56,2017-03-26
"Warren Zieme",michele75@example.org,"Lake Mauricio",51,2004-07-09
"Triston Mraz",becker.seth@example.com,"East Enoch",50,1985-02-05
"Alisha Gusikowski",oreilly.doris@example.net,"South Larue",71,1975-05-24
"Albina Bode",ckoelpin@example.com,"North Karina",24,2000-09-29
"Alta Towne",sauer.chyna@example.net,Bernhardborough,62,2002-08-03
"Mrs. Eleonore Lynch",willy20@example.org,"Lake Sandy",70,2001-03-22
"Julien Brekke",randall20@example.net,"New Eveline",34,2021-03-23
"Prof. Reanna Jerde",gerhold.mona@example.com,Okeyberg,47,1978-02-23
"Mr. Unique Smitham Sr.",ztromp@example.net,Antonechester,81,2001-02-21
"Reuben Mann",dallas17@example.org,"North Karenton",69,2021-12-11
"Prof. Claire Osinski PhD",gavin16@example.com,"Lake Colleenhaven",48,2021-01-15
"Dedric Farrell II",schimmel.shanny@example.net,Kalebtown,47,2019-10-07
"Shawna Murray",emmerich.davon@example.net,"East Monty",78,1974-09-28
"Lucienne Luettgen",hessel.daren@example.net,"Port Vida",46,2003-05-19
"Dr. Delphine Turner V",yspinka@example.org,Londonton,22,2012-02-18
"Lauriane Weissnat",bartell.trycia@example.com,Breanaville,65,2003-03-24
"Danny Morar",jameson.stanton@example.org,"East Vivaville",72,2000-10-10
"Tianna Davis III",oabernathy@example.com,Quigleyview,26,1982-03-28
"Kelsi Fahey",jarod73@example.com,"Port Tiana",45,2022-10-02
"Freeda Waters",pietro.ledner@example.com,"West Marcoschester",66,2001-10-05
"Kayden Stokes",duncan.keebler@example.org,Connertown,65,2017-12-28
"Tamara Harber",vkulas@example.net,McDermottview,85,1997-03-18
"Guadalupe Hirthe",quinten.pollich@example.net,McCulloughland,27,1993-08-04
"Kenyatta Champlin",xrath@example.net,"Port Emmitthaven",63,2005-02-07
"Kaleb Ebert",sauer.maximillian@example.net,"West Claire",77,2002-09-10
"Mr. Norris Anderson",chaz70@example.com,"West Maureen",49,1979-10-02
"Valentin Mitchell",clemens.cormier@example.net,Dachborough,81,1977-09-01
"Rowan Cummerata",greenholt.emanuel@example.org,"North Trevor",70,1984-02-13
"Osbaldo Haag",dashawn.sporer@example.com,Wisokyport,53,1972-12-01
"Chyna Dooley",jackeline80@example.net,"New Stan",73,2017-08-10
"Mrs. Ayana Carter V",sandra.crooks@example.org,"New Johathanshire",26,2011-10-05
"Prof. Winston Donnelly DVM",enitzsche@example.com,"New Marjorie",78,1994-09-04
"Savanna Smitham IV",tiffany54@example.com,"Port Harmonfurt",79,1997-02-07
"Glenna Hegmann",mann.frida@example.net,Theresiafurt,31,1975-01-22
"Miss Ida Zboncak V",crodriguez@example.net,Hillsside,58,1994-04-05
"Prof. Martina Dietrich I",grimes.shany@example.net,Dickimouth,54,2019-05-03
"Rashad Kiehn",ernestine15@example.com,Harberland,83,1990-07-10
"Mr. Ignatius Douglas",zane.jaskolski@example.net,"West Reubenfurt",24,2014-02-25
"Claude Roberts",tgraham@example.com,Eunaberg,58,1982-11-08
"Else Cormier",lessie89@example.com,Aureliafurt,76,2021-12-15
"Delpha Goldner PhD",ggottlieb@example.org,"West Lewis",60,1980-05-12
"Prof. Nora Kreiger DDS",deshaun53@example.org,Walshmouth,84,1974-03-09
"Chesley Harber",arielle71@example.com,Margaretfort,49,1983-12-12
"Casey Volkman",rosenbaum.shaun@example.org,"East Melynaborough",84,2014-01-29
"Dr. Rickey Denesik",rosalyn.thiel@example.org,"New Myrtle",75,2019-08-27
"Ms. Maybell Schroeder",terrill93@example.net,"South Mabel",43,2022-09-16
"Winfield Kirlin",stephon.kutch@example.net,"Port Guiseppe",45,2007-09-15
"Madge Williamson PhD",tromp.timmothy@example.com,"South Maxiechester",44,2019-05-12
"Percival Steuber II",anika.pagac@example.com,"West Delphia",85,1980-10-30
"Kendall Kris IV",porter.prosacco@example.com,"West Anissa",53,2007-04-27
"Earlene Brakus",reichel.theo@example.org,Collierberg,34,1992-11-21
"Trace Littel",howell.noble@example.net,"Lake Jaedenmouth",34,2024-09-20
"Paris Welch",ofriesen@example.net,"West Deondremouth",79,2011-12-08
"Demarco Howell",cgreenholt@example.net,Feilton,50,1983-06-30
"Stanley Flatley",auer.nigel@example.net,Schmitthaven,28,1993-11-24
"Shirley Gutmann",franecki.miller@example.org,"South Damien",51,1985-02-12
"Frederick Littel",ruecker.clotilde@example.org,"Lake Godfreychester",46,1989-06-15
"Hulda Pacocha MD",elias.cremin@example.net,"West Joanieburgh",60,1984-11-14
"Alessandro Grady",mitchell.shakira@example.net,"New Wandamouth",36,2023-02-09
"Dr. Nicolette Mante",schiller.jaquelin@example.org,Janellestad,41,1976-04-08
"Amira Miller III",schaefer.crawford@example.net,Aracelystad,39,1973-07-16
"Natalia Wolff",denesik.jalon@example.org,"Port Alaynachester",39,1987-07-10
"Emma Heller",diamond55@example.org,"New Kademouth",50,2017-06-21
"Clementina Koch",tony55@example.net,"North Zoe",23,1995-04-16
"Dr. Pedro Heidenreich IV",williamson.yazmin@example.org,Hamillside,68,2005-07-06
"Hardy Corkery",birdie71@example.org,Susanshire,19,1996-12-16
"Orpha Kutch",mgerlach@example.net,"Port Greggfort",68,1989-01-26
"Cletus Stracke",quinten.kassulke@example.net,"Lake Laurelberg",34,1993-08-08
"Hettie Ritchie",elwyn.konopelski@example.org,"New Emmitt",72,1973-12-18
"Emilio O'Conner",elisabeth.little@example.org,Bechtelarshire,34,1998-09-18
"Prof. Jaquan Strosin",boyle.alfonso@example.org,"West Jaeden",54,1995-02-22
"Mrs. Elyse Donnelly",levi37@example.com,Margarettfurt,64,1994-12-17
"Roberta Buckridge III",antwan92@example.com,"Port Theresatown",79,2014-05-07
"Ima Auer",ggraham@example.net,Cormierton,51,1972-08-10
"Nickolas Bradtke",durward.tromp@example.com,"East Isidro",60,2024-06-10
"Mr. Russ Kautzer I",uroob@example.net,Maxineland,64,1983-04-09
"Mrs. Camilla Moore",klocko.javier@example.net,"New Blairport",18,2002-07-29
"Mrs. Beaulah Farrell III",gottlieb.mateo@example.com,"Lake Emanuelbury",49,1986-10-09
"Mr. Sage Considine Jr.",asa50@example.net,"South Zoemouth",48,1986-05-20
"Mya Streich DVM",okuphal@example.com,Darioport,74,1997-03-31
"Priscilla Crona DVM",alice40@example.net,Novellabury,59,1987-01-31
"Efrain Jacobson DDS",osborne76@example.net,Hoseabury,42,1971-08-23
"Michelle Friesen Sr.",elva62@example.net,"South Ashaview",38,1986-07-19
"Prof. Savannah Nienow",andrew07@example.com,"North Cynthiabury",42,1982-05-14
"Prof. Rae Kessler Jr.",pstrosin@example.org,Kuphaltown,66,2014-03-08
"Virgie Willms",broderick05@example.org,"West Era",65,1991-03-21
"Dr. Rubye Hayes",jeromy.adams@example.com,Kesslerport,18,1987-07-27
"Tiana Yundt",lvandervort@example.com,Maryjaneborough,68,2004-12-10
"Edwardo McKenzie DDS",windler.estefania@example.org,Svenville,57,1986-06-16
"Mrs. Jannie Reilly",jodie73@example.net,"North Donnie",43,1993-10-16
"Missouri Simonis",abauch@example.com,Schusterborough,18,1978-04-23
"Monica Fadel",hane.zechariah@example.net,Kleinshire,84,1986-11-15
"Prof. Cristina Hilpert Sr.",kristin.corkery@example.net,"East Nickolasbury",62,2004-12-11
"Alexandrine Stoltenberg",myrl.grant@example.com,"Port Nathanaelburgh",47,1978-10-31
"Mr. Reyes Farrell",ebert.lydia@example.com,Fayton,73,1999-01-02
"Joelle Grimes",paolo.erdman@example.com,Walshtown,62,1973-12-11
"Prof. Ima Balistreri",lou.pollich@example.org,"Port Tyrique",34,1999-03-17
"Jamison Kemmer",botsford.monty@example.net,"Port Johnathontown",74,1988-11-19
"Prof. Eladio Rowe",rowe.kane@example.com,Enricoville,78,1996-12-04
"Diamond Baumbach",xlemke@example.net,Denesikberg,70,1992-12-07
"Felicity Fadel",tyra.gutmann@example.org,Federicohaven,64,1971-09-15
"Eddie Adams PhD",clementine40@example.com,Ryanmouth,37,1996-03-09
"Cade Prohaska",eve.schoen@example.org,Rocioport,71,2010-07-25
"Cathy Dibbert",rashad43@example.org,Emiliomouth,46,1984-04-27
"Mortimer O'Keefe",carlie.rogahn@example.org,"East D'angelotown",26,2008-02-22
"Pauline Schimmel DDS",kristin.marquardt@example.net,"East Paigeton",60,1992-04-27
"Prof. Fred Koepp Jr.",nkoss@example.net,Wilkinsonshire,54,1979-07-21
"Prof. Hermina Klocko",green.junius@example.org,"Port Olestad",80,1990-04-18
"Coralie Goldner",marcella.hansen@example.net,"South Leslyside",68,1987-06-25
"Dakota Morissette",cruickshank.osvaldo@example.net,Willmsland,26,1997-05-02
"Josefina Maggio",dejah.bailey@example.com,Eulaliamouth,54,2013-12-15
"Isaac Thompson Sr.",swaters@example.org,Rippinport,52,1995-07-27
"Roxane Gislason Jr.",bhahn@example.com,Jesusland,41,1987-03-22
"Mr. Foster White DDS",keanu.mertz@example.net,Keenanbury,26,1992-03-12
"Mylene Champlin",bsenger@example.net,Garlandbury,69,1985-02-22
"Domingo Schowalter",jean.klocko@example.org,"Lake Mckaylamouth",66,1991-01-15
"Sigrid Sipes",davion.hills@example.org,Fayeburgh,76,1988-10-13
"Fidel Leannon",sienna.dare@example.net,Alyshaville,75,2017-05-06
"Prof. Felipe Moen",reynolds.cayla@example.net,"Lake Enola",79,2022-06-22
"Jeffry Schultz",sohara@example.org,Murazikborough,49,1987-01-29
"Soledad Hettinger",bernice.rippin@example.net,Hauckbury,44,1999-01-16
"Ericka Krajcik",igrimes@example.net,Marvinberg,39,1981-05-05
"Constance Funk",schuster.morgan@example.com,"Port Jonasland",72,2024-08-24
"Gudrun Hoeger",marks.wilfrid@example.com,Antoninastad,42,1974-01-19
"Ms. Gladyce Tromp",alexandro.bins@example.org,"South Keatonbury",29,1998-10-29
"Mary Okuneva DDS",pfannerstill.kara@example.org,"North Verliebury",77,2015-05-14
"Prof. Graham McDermott",francis.blick@example.com,"New Dixiebury",66,2006-08-09
"Adelbert Corwin",bettie43@example.com,Nitzscheside,61,1975-10-31
"Miss Zena Boehm DDS",reginald01@example.com,"Port Ryannmouth",54,2003-08-11
"Zechariah Schuster",kbarton@example.net,"South Clement",79,2006-02-14
"Mr. Obie Wolf Jr.",dora35@example.org,"Port Jeffport",61,2017-06-16
"Mr. Jonas Konopelski",kberge@example.com,"Port Madelynnstad",76,2018-05-13
"Gaylord Hickle",jenkins.danial@example.org,Orvalburgh,62,2002-09-19
"Fern Wiegand",sporer.noe@example.com,"Lake Berenice",27,1990-11-13
"Kamren Carter",julia19@example.com,Thielland,49,2016-01-08
"Ignacio Kerluke Jr.",zdicki@example.com,"South Jeramie",53,1981-12-14
"Gwendolyn McClure",ullrich.marcos@example.org,Kutchberg,29,2010-11-27
"Ben McLaughlin",ortiz.estell@example.com,Labadieview,29,2014-08-25
"Billy Stoltenberg",klocko.paolo@example.com,"West Jamesonport",35,1981-01-12
"Ambrose Miller",mgaylord@example.net,Vandervortmouth,76,2005-04-28
"Muriel Dicki",armstrong.adriel@example.org,Jedediahtown,32,2016-10-18
"Prof. Javonte Sipes",reichel.johnson@example.net,"South Shanellehaven",62,1991-12-26
"Osbaldo Haley",fkutch@example.com,Michelchester,50,2018-11-11
"Jasper Corwin",brian96@example.com,"North Warren",29,2010-06-28
"Evert Ankunding PhD",jerad05@example.net,Heathcoteburgh,78,1972-11-22
"Francisca Sipes",xwilliamson@example.com,Wendellville,84,1992-05-01
"Jerad Lebsack",clementine.parisian@example.net,Matteobury,72,1974-01-05
"Jamel Lebsack MD",ledner.darren@example.net,"North Jacqueschester",85,2014-12-12
"Alejandrin Kshlerin",kohler.sylvia@example.org,Reingermouth,66,1990-05-13
"Archibald Mitchell",bernhard.ludwig@example.net,Ryanchester,38,1973-03-18
"Jessy Moen",nconroy@example.net,Ashlyside,61,1994-11-19
"Liza Weissnat",bernita.glover@example.org,Kreigerfurt,82,1979-02-21
"Josue Hodkiewicz Jr.",nfarrell@example.com,Cassidyberg,39,1975-04-28
"Christiana Daugherty",fraynor@example.com,Torphyhaven,39,2020-06-08
"Isaias Luettgen",vwolf@example.net,"South Feliciaberg",85,2002-03-09
"Daren Effertz",herta03@example.com,"West Amiemouth",75,2000-07-25
"Candido Champlin",lcorwin@example.com,Davidmouth,54,2014-03-28
"Brando Smitham",greenfelder.jonathan@example.org,Bernhardberg,72,1975-09-08
"Josianne Hand",lueilwitz.aracely@example.net,Leschfort,53,2019-11-16
"Mose Trantow III",arlie.gutmann@example.com,"Port Ebony",29,2008-11-18
"Mr. Lawson Miller DDS",thompson.demarco@example.org,Jabarifort,55,1973-05-12
"Catharine Swaniawski",patsy62@example.net,"Lake Guy",22,2017-02-27
"Joan Heathcote",waylon.lubowitz@example.com,"South Carlotta",53,2022-06-18
"Dexter Hodkiewicz",jovan.murray@example.org,"East Vita",62,2003-10-30
"Mr. Dane Brown IV",jmetz@example.net,Vestaview,84,1994-10-17
"Serenity Senger I",emory.damore@example.com,Santaland,42,2019-05-08
"Sylvan Maggio MD",iwest@example.com,"North Harrison",82,2015-08-13
"Damaris D'Amore",jerrell.donnelly@example.net,"North Cortney",62,2005-11-24
"Treva Rath DDS",kim63@example.org,Markusborough,34,1982-02-21
"Andrew Grimes",durward.olson@example.com,Carlottatown,25,1971-05-29
"Pearline Dickens",freda.torp@example.com,"New Annabelburgh",45,1993-12-26
"Gaetano Wilkinson DVM",lnikolaus@example.com,"New Rahultown",68,1982-06-16
"Mr. Anibal Spencer",hrolfson@example.org,"South Lelah",70,2005-07-11
"Katrina Weissnat",hickle.andreane@example.com,"Port Garrick",73,1977-04-27
"Delfina Dietrich",meaghan.lowe@example.com,"South Aryannamouth",79,2017-11-23
"Dr. Wilburn Morissette",regan79@example.org,"South Colbyberg",22,2005-08-03
"Reese Legros",wehner.carolyne@example.net,Stanfordstad,63,1981-05-07
"Dr. Berenice Welch DDS",ali10@example.net,"North Darylstad",42,2007-04-02
"Rosemarie Fadel I",hal65@example.net,"South Ryan",46,1989-05-07
"Ms. Katelin Kris",cassie22@example.com,"South Vincenzo",25,1973-09-10
"Pat Rodriguez",cicero36@example.org,"Lake Corbin",71,1993-06-08
"Mr. Cristobal Walter",cassin.tiffany@example.org,"West Lowellshire",30,2003-02-23
"Rhett Jacobson",feest.darrion@example.com,Boyleland,50,2004-09-10
"Dr. Kristian Orn",nitzsche.annabelle@example.com,"West Rowena",45,1986-10-22
"Lacy Hodkiewicz",cassin.hanna@example.org,Ryanside,67,1972-12-17
"Mr. Brendon Torp PhD",dach.annabell@example.com,"Port Margeshire",55,2021-07-22
"Sigrid Flatley IV",william53@example.net,Chanelborough,38,1974-12-05
"Prof. Jerrell McGlynn DDS",dibbert.osvaldo@example.com,Dooleyberg,44,1997-12-01
"Rachael Auer",branson.cartwright@example.org,Pagacland,70,2004-06-19
"Tabitha Wyman DVM",travon26@example.net,Vergiechester,71,2007-01-13
"Ms. Concepcion Lemke",block.christiana@example.org,"West Ressie",76,1991-10-22
"Prof. Howard Rau",celia76@example.net,"New Abeberg",72,1982-09-14
"Vada O'Conner",jody.jacobs@example.net,Ferminbury,24,1995-03-01
"Donato Harvey",ostroman@example.net,"New Rickieside",52,2003-10-04
"Miss Ashleigh Ledner MD",wendy.kulas@example.net,Eugenehaven,18,1988-03-25
"Shad Muller",montana01@example.org,"West Helen",68,2006-11-05
"Kenneth Gaylord",von.guillermo@example.com,"Port Jesschester",66,1979-10-14
"Abagail Muller",rhansen@example.org,O'Harashire,71,1990-07-06
"Cierra Kerluke",deven25@example.net,"East Hillaryland",55,1999-03-25
"Ronaldo Lynch",sadye.zemlak@example.org,Abbottport,21,1976-04-26
"Emilia Vandervort",hoeger.alessandra@example.org,"North Alphonsofurt",59,1986-08-09
"Dr. Rosetta Aufderhar IV",cconn@example.net,"North Estefania",42,1990-10-26
"Mavis Koss",colt.johns@example.org,Randallshire,37,1970-04-15
"Lonie Connelly",nnitzsche@example.com,Johnsville,61,1982-10-25
"Ana Corkery",dkessler@example.org,Kertzmannberg,32,1988-04-29
"Mr. Thad Feeney III",domenico.schmitt@example.net,Rodgertown,41,1972-12-06
"Merlin Hackett",salvador36@example.com,"New Emerybury",28,1994-04-10
"Mr. Alexis Cremin II",chloe47@example.net,"New Berthaview",43,1982-09-21
"Jevon Stanton",bhauck@example.org,"South Felicitafurt",36,2023-10-17
"Ebba Parker",nmorissette@example.com,"Lake Anderson",85,1979-02-20
"Mr. Skylar Bailey PhD",gerhold.vena@example.net,"East Jammie",45,2015-04-01
"Alberto Abbott",clyde.bergstrom@example.com,Katlynnchester,41,1981-04-17
"Madelyn Torp",yasmeen.mueller@example.net,Schusterton,24,1990-04-06
"Loma Robel PhD",destini03@example.org,"Lake Chaya",60,1994-10-08
"Maxime Schoen",kreiger.bernita@example.org,"Lake Corytown",71,1993-07-31
"Mr. Patrick Schinner",german.mcclure@example.com,Jonesbury,20,1986-03-09
"Jenifer Rowe",jacobs.kurt@example.net,"North Kurtisberg",29,2016-03-03
"Ibrahim Runolfsson",koch.antonia@example.org,Delphaview,78,2000-07-25
"Montana Lemke",tpouros@example.com,Katlynhaven,67,2006-03-03
"Prof. Jarvis Herzog",davion.streich@example.com,Russelmouth,73,2010-01-04
"Emily Schinner",nikolaus.cleora@example.net,Myrtiestad,51,1992-11-23
"Magnolia Abbott",alek.stokes@example.org,Sawaynmouth,81,1972-07-05
"Curtis Lehner",zachery87@example.com,Grimesburgh,69,2023-08-24
"Malinda Heller",rdaniel@example.net,Laceyside,66,1980-09-28
"Mr. Jacey Gorczany",name49@example.com,"Lake Bennettborough",69,2013-01-30
"Jermey Mohr Jr.",ernesto76@example.org,"Port Sarah",29,1980-12-15
"Scottie Kshlerin V",timothy.rodriguez@example.org,Rogahnfort,39,1997-11-11
"Susie Koch",imcclure@example.net,"New Juanaborough",70,1979-12-01
"Stevie Bailey",beier.alejandrin@example.net,"West Onaborough",24,1972-06-27
"Bobbie Bode DVM",marjorie61@example.com,"East Khalidside",49,1994-12-28
"Hassie Beatty II",nya.nader@example.org,"Port Alyson",35,1994-08-28
"Adaline Block",rowe.chad@example.org,"East Brandy",66,1980-03-26
"Vivian Schaden",uleannon@example.com,Fadelchester,74,1990-12-23
"Dr. Bulah Ryan",mann.clare@example.com,"East Marley",76,2013-02-17
"Dr. Wilfrid Haag I",garrick.pagac@example.net,"New Selina",37,2012-05-22
"Lemuel Green",mraz.jackson@example.net,"South Boyd",27,2018-03-09
"Ben Gottlieb",vella.shanahan@example.com,"New Jordynmouth",19,2003-02-23
"Prof. Zackery Lindgren Jr.",eherman@example.org,"South Stuart",46,1999-10-06
"Frederique Mosciski Sr.",doyle71@example.net,"East Jalonville",43,2015-05-30
"Idella King",kihn.keara@example.org,Lewmouth,35,2023-01-09
"Virgil Ryan",jennifer.casper@example.net,"North Dejahchester",37,2016-04-11
"Gabrielle Hyatt",cyril.pacocha@example.net,Kulasmouth,39,2016-08-04
"Lempi Smitham",koby.ward@example.net,Larkinport,65,1996-04-07
"Jamal Cummings",schumm.theodora@example.net,Lednerfurt,75,1978-04-27
"Chet Roberts",kassulke.jaylin@example.net,Bethelmouth,18,1996-07-10
"Juwan Ullrich I",qhansen@example.org,"East Gordonchester",43,1978-10-13
"Prof. Garrett Mertz DDS",eli.jast@example.net,"South Shawnafort",76,1970-09-10
"Melisa Hintz IV",ywelch@example.net,"Port Harmon",66,1992-05-01
"Conner Grady",ronny.turcotte@example.com,Hettingerbury,66,2014-06-25
"Matilde Schumm",estell.okeefe@example.org,Kirstinland,35,2000-09-15
"Aliya Morar",mitchell.stehr@example.net,Langoshborough,21,1982-12-22
"Jeanne Glover DDS",flavio.blick@example.com,"West Blancaburgh",37,1998-06-25
"Dr. Santina Abshire DDS",stiedemann.franz@example.org,Emmetview,66,1989-10-10
"Lyda Roberts",gunnar36@example.net,"South Ethan",52,2022-07-06
"Gideon Pacocha",kwintheiser@example.net,Lockmanfort,78,1992-01-19
"Dr. Lysanne Daugherty",estella87@example.net,Corkeryborough,61,1995-04-06
"Amanda Durgan",sberge@example.com,"West Elsiemouth",84,2004-12-12
"Zelda Okuneva",swaniawski.estel@example.org,"North Malloryport",77,2002-07-29
"Mrs. Angela Goyette DVM",ryan.camilla@example.org,Nikolausport,49,1992-10-22
"Tania Koch",jeff.pfannerstill@example.org,"South Sydnie",65,2004-07-20
"Blake Bailey",pfannerstill.skyla@example.com,Torpland,48,1995-05-09
"Mrs. Odessa Kassulke",uwilkinson@example.com,"North Ray",78,1987-09-18
"Emil Labadie III",elarson@example.com,"New Lawrencechester",52,2018-12-31
"Terry O'Conner",vincenzo28@example.org,"North Bennettshire",37,2010-09-15
"Jamie Ferry",krodriguez@example.org,Cadeview,33,1976-09-27
"Prof. Ole Schmeler",evangeline.kilback@example.net,"Port Fletchershire",74,1991-08-29
"Mrs. Wava Langworth MD",elta88@example.com,Howellborough,83,2021-10-14
"Abdul Boyer",bethel54@example.org,"New Barneyburgh",61,1997-01-24
"Gordon Mertz III",stehr.angie@example.com,"Port Nicole",74,1991-01-30
"Bette McClure",bessie47@example.net,"Lake Jerel",37,1978-12-05
"Miss Shanon Miller",kallie.ortiz@example.net,Wilburnberg,82,1978-04-24
"Ms. Ana Shanahan",bechtelar.dorcas@example.org,Schambergermouth,72,1989-10-02
"Timmy Streich",maryam.ullrich@example.org,Loweburgh,75,2003-12-21
"Prof. Torey Rutherford",lamar.langworth@example.com,Koeppshire,76,1991-08-31
"Lourdes Robel",jackeline.tromp@example.org,"New Erling",62,1979-01-23
"Winnifred Koepp DDS",quinten57@example.com,"North Irmafort",57,1976-12-30
"Dr. Layne Carroll Sr.",reichert.orrin@example.org,Pinkfurt,48,1977-02-12
"Mauricio Runte",eunice04@example.org,"Port Adamouth",38,1977-04-09
"April Buckridge PhD",elsa.schiller@example.org,"Lake Jaylen",83,1974-01-28
"Jamie Effertz",nigel.green@example.net,Morissetteland,51,2010-05-03
"Keira Greenfelder",rmurphy@example.net,Juliastad,28,2011-01-13
"Lance Beier",jacobi.maximus@example.org,Sabinaview,71,2018-05-08
"Lilyan Rohan",emmanuelle.schultz@example.org,"New Lavinia",24,2013-10-18
"Jaiden Kessler V",cgoodwin@example.org,Nitzscheburgh,76,2001-01-13
"Santina Reichel",shanny.mertz@example.net,Kayleighland,28,1997-06-27
"Myrl Hermann DVM",brooklyn23@example.net,Hamillburgh,65,1995-06-17
"Johnnie Walter V",bbosco@example.com,"New Barton",65,1997-01-05
"Jonathan Halvorson",pgerlach@example.net,"Port Zelmaport",68,1988-02-12
"Shanon Trantow",watsica.glenna@example.net,"South Lydiaberg",65,1996-08-19
"Mr. Elian Vandervort",bergstrom.ulises@example.net,"Port Sheldonfurt",28,2002-05-04
"Annamae Jacobson",leuschke.marques@example.com,Reichertfurt,55,1991-09-14
"Prof. Preston Haley",friesen.ethyl@example.com,Zboncakbury,57,2012-11-01
"Santino Walter",tkautzer@example.net,Heavenville,68,1992-07-14
"Ubaldo Nolan",maryjane54@example.com,"New Darius",32,1993-04-04
"Christop Carroll",hosea.fahey@example.org,Corrineview,33,1977-02-09
"Miss Priscilla Gorczany II",ccrist@example.org,Westfurt,18,2017-02-28
"Montana Maggio III",oleannon@example.com,McKenzieside,74,1972-10-19
"Ms. Amalia Stamm DVM",eusebio.rath@example.net,Reichelside,72,2019-09-07
"Dorcas Kunze",nlebsack@example.com,"Lake Gregory",24,2009-05-08
"Maybell Weber",altenwerth.fausto@example.com,Corwinside,54,1979-01-03
"Devan Schumm",kcarroll@example.com,Opalborough,39,2018-05-21
"Ella Kub",eunice06@example.net,"East Vestaton",82,1985-03-29
"Louie Bergstrom",emarvin@example.org,"East Garnettfort",77,2008-03-18
"Dr. Karina Wuckert DVM",johnny.ryan@example.org,"North Danyka",34,2022-06-24
"Rickey Jacobs DVM",srunolfsdottir@example.net,"West Tre",41,2006-04-11
"Janick Smith",issac63@example.com,Loyalberg,67,1997-09-21
"Dr. Vincenza Nienow",fmarquardt@example.org,Elroymouth,33,2019-09-20
"Elliot Connelly",rvonrueden@example.org,Lyricside,81,2009-08-12
"Nona McCullough",okuneva.carter@example.net,"East Freeda",46,1996-05-14
"Abdullah Ryan",witting.terence@example.net,Dollyberg,71,1995-06-08
"Zackary Senger",pwunsch@example.com,Ashleemouth,81,1984-03-27
"Prof. Kenny Simonis",gayle59@example.com,"East Winonaberg",69,1997-08-28
"Mrs. Nakia Bechtelar",london.hauck@example.net,Generalberg,42,2003-07-10
"Aryanna Hill Jr.",ofay@example.com,Beerchester,66,2023-08-16
"Jamison Von",dallas04@example.org,"New Eloise",30,2015-09-27
"Pamela Pfannerstill",sgraham@example.org,Jastport,52,1985-01-25
"Ms. Heather Buckridge",monahan.samara@example.com,"New Rosalinda",84,2014-10-25
"Ulices Bogisich",morar.diego@example.org,"East Jermey",18,1983-05-26
"Mr. Gregory Marks IV",emelie71@example.org,Rennerton,38,1972-10-14
"Mrs. Danika Hoeger Sr.",vondricka@example.net,Madonnatown,36,2009-05-15
"Dr. Joan Gulgowski",colin75@example.com,Wardborough,35,1978-03-13
"Mrs. Cynthia Schimmel",braun.ida@example.org,"West Vanview",51,1978-06-07
"Mr. Reilly Gerlach DDS",pledner@example.com,Nienowberg,80,2004-06-06
"Ressie Kutch MD",lucile72@example.com,"South Lina",29,1996-03-26
"Miss Katrina Schultz IV",bernhard.haley@example.com,McCulloughview,35,2019-05-10
"Treva Willms Jr.",alexys.turcotte@example.org,Antoninaview,45,2018-12-01
"Lukas Stamm",dschiller@example.com,"Port Lavernafurt",41,1976-11-27
"Mrs. Piper Hoppe",sonya.oconnell@example.com,Gerholdbury,24,2021-08-24
"Heber Skiles",chance.wintheiser@example.org,"South Neoma",63,1974-11-05
"Dr. Willie Satterfield DVM",tillman.wehner@example.net,Keatonburgh,76,1983-11-07
"Marcelino Christiansen",jgulgowski@example.com,"West Dasiahaven",51,1970-04-28
"Mr. Kolby Beahan DDS",jaqueline.jast@example.com,"East Jan",36,1997-05-29
"Chanelle Will",troy.daugherty@example.net,Louieberg,75,2008-04-03
"Miss Ocie Hauck",ferry.rahul@example.com,"New Lavonland",39,1979-02-22
"Garrison O'Hara",jarvis.ernser@example.net,"South Elsie",68,1999-11-05
"Miss Emmanuelle Lebsack V",nitzsche.velva@example.org,"South Raulstad",19,1978-09-30
"Orin Kerluke",mariam.wilkinson@example.org,"South Winifred",46,2007-04-21
"Anissa Swaniawski",jacobi.terence@example.com,"North Crawford",46,2022-02-13
"Prof. Ruthie Wilderman",wconsidine@example.org,Schneidershire,62,2015-09-30
"Mathew Douglas",treva.kohler@example.org,Hoseafort,82,1985-05-10
"Sofia Weimann",yking@example.org,Wizaville,80,1981-11-27
"Dr. Mauricio Shields",ubraun@example.org,"South Gardner",24,1972-08-19
"Kayla Trantow",jewel42@example.org,Melissachester,47,2019-09-06
"April Johns",abernier@example.com,Mrazstad,41,2000-08-20
"Nikita Lind",klockman@example.net,Michelville,24,2008-12-01
"Ms. Anika Carter",lemuel73@example.org,"Lake Oceaneshire",39,2008-09-16
"Ezra Veum",bailey.melba@example.org,Hobartfort,81,1984-11-11
"Annie Bayer",arvel.lowe@example.com,"New Dennisland",21,1984-03-07
"Alexandria Gutkowski",padberg.vicky@example.org,"Lake Cordiabury",45,2020-11-20
"Wilhelmine Heller Sr.",ukuhlman@example.net,"Port Arielle",21,2020-09-15
"Jewell Hansen",sgrady@example.com,"New Johan",42,1992-10-07
"Mr. Wilhelm Kunze",okey.oreilly@example.org,"New Libby",46,1996-07-01
"Branson Torp",mlegros@example.net,Angelbury,57,1979-02-22
"Dr. Noel Spencer V",frederic21@example.com,"Lake Katrine",79,2017-06-24
"Ms. Destiny Collins Sr.",ashleigh88@example.org,"North Woodrowton",78,1980-11-26
"Dr. Helena Ortiz",johnson.schinner@example.com,Romanbury,43,2003-08-01
"Shyanne Donnelly",rosie.zemlak@example.net,"Lake Albina",19,2012-03-12
"Kimberly Gislason II",pauline17@example.org,"New Nikolaschester",46,2024-02-19
"Lynn Koch Sr.",batz.nickolas@example.com,Kautzertown,64,2004-05-07
"Colleen Wuckert",barrows.randal@example.com,"South Jaquelinestad",78,1987-05-07
"Katelynn Price",cummings.maymie@example.com,Wandabury,18,1992-10-06
"Gaston Bode",renner.ella@example.net,"Port Vilma",76,1983-10-05
"Dr. Carley Stokes Jr.",perry00@example.net,Joshuatown,18,1984-03-27
"Ottilie Boehm",gupton@example.com,"East Lexus",61,1997-07-30
"Randal Padberg",fannie.hettinger@example.net,Kaleighfort,37,2023-04-06
"Ethel Baumbach",letha.reynolds@example.com,"Lake Angieton",36,2010-07-18
"Dr. Jonathan Stroman",hyman46@example.org,"West Osvaldoburgh",25,1970-03-14
"Gust McDermott DVM",wdonnelly@example.org,"West Gerryview",33,1993-10-22
"Mr. Roscoe Bashirian PhD",ylindgren@example.org,"New Masonside",64,1989-07-28
"Miss Daisha Stracke",veum.ted@example.net,Hermantown,75,1985-03-07
"Major Hammes",gilda.brekke@example.net,Hassanstad,81,1971-09-13
"Garland Stracke",marlene68@example.org,"East Waylon",18,2020-08-18
"Mrs. Kavon Kub DDS",rippin.alvena@example.net,Jacobsview,33,2010-11-29
"Eliseo Yundt",keebler.elwin@example.org,"Lake Elwyn",23,2024-03-29
"Sally Harber V",mosciski.amelia@example.com,"West Ameliaberg",85,2016-02-25
"Prof. Magnus Lindgren",joy.stanton@example.net,Barrowsfort,58,2014-01-02
"Dr. Lurline Ziemann III",emmalee59@example.org,"West Myleneburgh",39,1989-04-19
"Jennyfer Larson",emmett23@example.net,Koeppstad,67,2014-05-05
"Miss Sarina Hill V",julio.rosenbaum@example.com,Heidenreichtown,49,1986-12-01
"Mrs. Cecile Christiansen DVM",rsauer@example.org,"Lake Coltberg",30,1986-02-22
"Mikel Kutch",willy.cruickshank@example.com,Genovevahaven,24,1990-02-19
"Edward Schroeder Sr.",leannon.pearl@example.net,McCulloughport,65,2013-07-19
"Sandrine Lindgren Jr.",santa.lesch@example.net,"South Price",74,1981-09-01
"Joanne Gerlach",delpha.harris@example.net,"Port Jameson",65,1970-11-03
"Henry Little",luettgen.lola@example.com,"East Adela",20,1988-02-13
"Wilhelm Kerluke",rroob@example.com,Christopherchester,23,2012-10-03
"Miss Juliet Bechtelar",yskiles@example.net,"Lake Christa",80,2001-03-01
"Kenna Kihn V",tkris@example.org,"West Lillyville",82,1984-06-08
"Jailyn Welch",reva.paucek@example.org,Tavaresview,52,2005-06-11
"Ms. Rosie Ferry",tessie17@example.org,Hollyland,79,2023-11-16
"Mark Rau",gbernier@example.com,"South Isaiah",71,1979-06-30
"Prof. Lourdes Rempel I",bria.larkin@example.net,Turcottefurt,30,1976-09-20
"Dax Denesik Jr.",bednar.jeffry@example.org,Anibalport,42,1986-12-12
"Ms. Brianne Huels",hill.lila@example.net,"East Ara",40,1986-11-05
"Oren Koelpin PhD",alfred.mertz@example.com,O'Konbury,69,2005-11-27
"Evan Stokes",pflatley@example.net,Rippinshire,56,1979-12-08
"Jay Rosenbaum MD",dax06@example.org,Schowaltertown,71,1978-11-07
"Rodrigo Brown V",henri.rippin@example.net,Sporerhaven,62,1992-08-10
"Maybell Walsh",ioberbrunner@example.net,"East Ignatiuschester",36,2007-08-29
"Guiseppe Gibson PhD",bogisich.stevie@example.net,Gislasonton,28,2011-12-09
"Jakayla Rodriguez",euna84@example.org,"North Harry",71,1995-06-27
"Madilyn Carter",gmoen@example.org,"East Katrine",30,2015-06-16
"Wiley Pacocha",jazmyne.toy@example.com,"South Chaz",37,1970-12-01
"Eileen Klocko III",vlindgren@example.org,"Port Charleneport",82,2019-03-25
"Jaeden Hermann",mueller.alessia@example.com,"South Ramonfurt",34,2021-09-20
"Lenore Harber",windler.warren@example.com,Bechtelarside,66,1995-08-14
"Mrs. Emily Lynch",sporer.vernie@example.net,Florianshire,62,1996-04-04
"Carmela Torphy",katlynn46@example.com,Bufordland,52,1970-08-02
"River Lemke",urutherford@example.net,Langoshbury,55,1997-12-21
"Vilma Pfannerstill",geovanny.dicki@example.com,"North Cieloview",23,2002-07-24
"Michael Rolfson",keely05@example.com,Zulaufstad,38,2016-08-03
"Nicklaus Hyatt I",julius92@example.com,Claudinechester,38,1992-03-23
"Dr. Baylee Price",champlin.effie@example.org,Predovicton,46,1977-02-07
"Bessie Raynor",pfannerstill.raymundo@example.net,"South Abraham",48,2009-11-15
"Leanna Ziemann",fkuhn@example.org,Joanniechester,79,2006-02-05
"Dr. Casper Stiedemann IV",loyal.cummerata@example.com,"South Rainamouth",70,1991-08-20
"Mrs. Chloe Lesch",raina.balistreri@example.org,Rolfsonstad,52,2018-04-23
"Flossie Botsford",jerod91@example.net,"West Peyton",77,2008-02-13
"Evelyn Ernser",kaci54@example.net,Hodkiewiczmouth,61,1996-01-07
"Dr. Isabella Breitenberg PhD",gusikowski.doyle@example.com,"East Dudley",52,2002-02-01
"Dr. Liliane Barton",wjacobs@example.com,Jaidaton,25,1981-06-22
"Dr. Alexanne Flatley",alanis71@example.net,Rosaleeton,82,2004-11-22
"Cory Raynor",padberg.friedrich@example.org,"South Jaylon",34,2009-06-29
"Haylee Buckridge",labadie.eve@example.org,Goodwinmouth,66,2020-12-10
"Noelia Leannon",marianne81@example.com,Adriennemouth,45,1976-12-16
"Hailey Klein V",eleanore.haley@example.net,"East Nedra",72,1971-08-21
"Prof. Silas Legros",zherman@example.org,"South Santinostad",84,1977-12-13
"Prof. Stevie Trantow Sr.",blick.gussie@example.net,Erastad,46,1987-11-10
"Prof. Justina Hartmann II",keebler.beatrice@example.org,Waterston,82,1985-01-31
"Mr. Nathen Wisoky Sr.",odickinson@example.com,Hettingerborough,38,1996-05-28
"Myah Wisozk",jamison.wiegand@example.org,Sebastianhaven,62,1995-01-14
"Fausto Lowe",lerdman@example.com,Kirastad,23,1978-08-08
"Era Runolfsdottir",ncollier@example.net,Schoenfort,42,2008-03-05
"Hazle Kovacek",leda.gislason@example.com,Stammhaven,59,1981-02-02
"Evalyn Brekke",flatley.rosalia@example.com,"New Trevershire",63,1999-03-29
"Miss Elsie Graham",bill.russel@example.net,"North Nicolas",62,1991-01-04
"Cathrine Trantow",brooklyn35@example.net,Huelschester,35,1977-12-25
"Mrs. Electa Hammes",lexi70@example.com,Barryside,75,2024-03-13
"Mrs. Suzanne Hudson",rogahn.jakayla@example.net,Hartmannview,74,1971-03-11
"Amira Crona",imills@example.com,Rowlandmouth,52,1998-09-09
"Jaydon Hayes",wunsch.adelbert@example.org,Warrenmouth,53,1979-07-04
"Johnathon Deckow",okuneva.melvin@example.com,"North Emie",27,2003-03-27
"Darryl Cassin",eula33@example.net,"Port Sammy",70,1971-08-10
"Enid Klocko",dora91@example.net,"Lake Arneshire",85,2016-04-22
"Kameron Davis",michale.renner@example.org,"Port Lomaberg",35,1979-12-05
"Mrs. Kaylin Lockman PhD",ckunde@example.org,"Port Lilytown",43,2006-11-08
"Caleigh Bruen MD",dasia.abshire@example.com,"New Anaisshire",75,1973-04-07
"Prof. Wilfredo Emard IV",bertram75@example.com,Darrylbury,66,1997-05-27
"Ms. Edythe Barrows DVM",mkris@example.net,"Lake Addie",33,1978-09-23
"Marley Reinger",tharber@example.org,Fionaberg,68,2023-04-22
"Arturo Kulas",hill.austyn@example.net,"Port Ed",57,2019-03-27
"Dr. Raven Trantow Sr.",yebert@example.net,"East Cordie",35,2004-06-17
"Dr. Dwight Dach",pasquale.schaden@example.com,"North Aracelyberg",63,1994-06-12
"Dr. Clifton Schuppe",oboyle@example.org,"East Gussie",70,1985-07-31
"Mr. Durward Crist II",nicholaus07@example.net,"West Edythmouth",84,1974-05-21
"Jermey Rutherford",ebert.russ@example.net,Oscarborough,27,1996-10-01
"Chaya Brekke",magdalena87@example.org,"East Hobartburgh",33,1975-05-27
"Zoe Larson",zberge@example.org,Laurynbury,44,1983-05-22
"Zakary Lowe",kellen46@example.org,"East Jenashire",57,2003-06-17
"Mrs. Delphine Kautzer III",nbatz@example.org,Hamillland,30,2018-01-06
"Keegan Block",jan34@example.org,Arvidfurt,33,1980-04-26
"Jasmin Homenick",akeeling@example.net,Danielton,51,2008-09-01
"Riley Bosco",regan.cummerata@example.org,Brendanfurt,54,1971-01-04
"Yolanda Morissette",dicki.karina@example.net,"South Kiley",79,1987-08-12
"Wanda Murphy",yleuschke@example.com,"New Claire",62,1977-08-19
"Mustafa Kub",emanuel62@example.com,Kochberg,62,1977-03-30
"Breanna Bahringer",qbergstrom@example.org,"North Miguelberg",59,2014-05-27
"Mr. Jaeden Hintz",baron.bergnaum@example.net,"East Noeliaborough",52,2017-06-04
"Lessie Gleichner",ledner.clark@example.org,"New Lillie",71,2012-02-08
"Rosario Rice",ismitham@example.com,"North Dallinshire",53,1996-08-10
"Agustin Metz",oswaldo.paucek@example.com,"Port Shaniyaberg",66,2005-09-11
"Prof. Darryl Brown V",maude.klocko@example.net,Rickyside,35,1987-01-01
"Markus Yost",charlene49@example.net,Nikolausland,35,1998-07-07
"Dr. Shaina Stracke DDS",bella.denesik@example.com,Tillmanland,43,1982-04-05
"Dr. Bell Rippin",bayer.brannon@example.org,"Lake Jamarcus",83,1978-12-03
"Jerel Luettgen",jake.wintheiser@example.org,"Port Hudson",20,1977-10-04
"Liza Bayer",olga17@example.org,Dellview,31,1987-07-26
"Mr. Grant Nicolas Sr.",westley02@example.com,Melanytown,54,1980-08-25
"Darian Goyette",oswaldo74@example.net,Gertrudemouth,46,2003-05-20
"Benton Yundt Jr.",mafalda.herman@example.org,Nathenchester,82,2018-04-19
"Akeem Denesik",qschroeder@example.net,Noemiefort,29,2009-12-03
"Dr. Kiara Pollich PhD",nicolas.estell@example.net,"West Rey",21,2022-12-19
"Prof. Reilly McClure MD",tmraz@example.org,Rosalynfurt,50,1995-03-09
"Leonie Welch",mledner@example.net,Yundtport,19,1975-09-09
"Russ Feil V",gutkowski.jovani@example.com,Jordonchester,41,2009-11-02
"Cecil Thiel",haley.horace@example.net,Heidenreichmouth,80,2018-10-09
"Stacey Hirthe",nedra.price@example.net,Connellyshire,42,1990-06-26
"Mrs. Ocie Sanford Jr.",jwhite@example.net,Furmanland,20,1985-07-27
"Kirstin Donnelly",ozieme@example.org,Tremblayberg,49,2012-05-03
"Mrs. Sydnee McKenzie",hamill.ryder@example.net,Feeneyville,40,1976-08-22
"Dr. Margret Strosin",lukas54@example.com,"West Imanimouth",18,1975-11-16
"Cayla Turcotte",dubuque.diana@example.com,"Port Jimmytown",47,1981-02-25
"Thad Harber",justyn.wisozk@example.com,"East Yadira",74,2005-02-03
"Aida Turner",minerva.altenwerth@example.org,Mayertberg,68,2017-09-28
"Savanna Ledner",rene.effertz@example.net,Weberburgh,55,2003-05-30
"Miss Emily Bednar DVM",sporer.fredy@example.net,"South Melyna",30,2003-03-03
"Michaela Sipes Jr.",dorian.williamson@example.org,Casperfort,52,2012-10-10
"Bethany Bechtelar",jayce66@example.net,"East Brendon",71,1989-06-22
"Gilbert Willms",steve.walsh@example.net,"Port Biankaville",31,1995-02-02
"Lennie Blanda",oswaldo.glover@example.org,Beckertown,24,1973-02-28
"Ursula Glover",hartmann.abbie@example.net,"East Carlo",84,2013-04-02
"Casper Dietrich",shakira09@example.net,Wizashire,83,1999-03-02
"Oliver Quigley",smitham.karlee@example.com,"Port Adelineberg",52,2003-12-12
"Kelli Thiel",walker.satterfield@example.com,"North Dorothy",29,1973-01-17
"Evangeline Howell",yschinner@example.net,"New Tyson",58,1975-08-03
"Mr. Stephon Bechtelar IV",ronaldo.cummerata@example.com,"Port Emmettview",30,2001-08-23
"Garland Armstrong",runte.audra@example.net,"West Kobefort",47,2021-05-23
"Anastasia Buckridge",nchristiansen@example.net,Joshuahbury,61,1976-04-02
"Shania Denesik",rex33@example.org,Neomamouth,72,1989-09-06
"Jett Prohaska",eric.gusikowski@example.com,"South Kristofferfurt",29,1990-03-04
"Velma Schroeder",brooke88@example.org,"East Lavern",37,2016-10-13
"Lynn Emmerich PhD",schultz.erwin@example.org,"Lake Parisland",47,1986-12-14
"Ramiro Torp",hoppe.breanna@example.net,"East Juvenaltown",31,1985-04-16
"Tyrique Renner",jackeline.dare@example.com,Daijaport,35,1986-02-24
"Bernie Robel",deion44@example.net,Domenicotown,72,1981-08-21
"Golden Quitzon",marian.mckenzie@example.org,Travischester,25,1995-12-10
"Constantin Heller IV",roman89@example.net,"West Floy",27,1976-12-06
"Miss Beaulah Rau",becker.richie@example.net,Lucianoshire,52,2022-10-09
"Miss Onie Goldner",stone56@example.net,Celiastad,69,2015-09-12
"Carrie Abbott",kuhic.dagmar@example.com,"East Lesleyton",25,1975-04-21
"Raquel Klein",dana28@example.org,"Port Herthafurt",43,2004-06-08
"Tabitha Bergnaum MD",shirley14@example.com,Halvorsonstad,70,2000-04-27
"Prof. Raleigh Donnelly III",xledner@example.org,"Lake Manuel",45,2000-09-20
"Sammie Carter",lilliana.padberg@example.org,Mannburgh,76,2016-07-12
"Allen Koch Jr.",ahowe@example.net,"West Oralborough",59,1976-06-21
"Lucie Howell",percival.fisher@example.net,Priceland,73,2024-01-16
"Mr. Enoch Kling V",arlo11@example.org,Paucekhaven,41,2006-01-30
"Prof. Merle Stokes Sr.",feil.hobart@example.com,"Port Jenifer",23,2009-07-08
"Caterina Keebler",theron.littel@example.com,Dickenschester,25,2024-11-05
"Waldo Kuhlman",znienow@example.org,Ryleystad,67,1979-07-25
"Darwin Kautzer",opaucek@example.com,"East Aleen",47,1971-01-23
"Dr. Diamond Becker DVM",hlangworth@example.net,"Port Ellie",77,2000-12-03
"Eulalia Terry",ykoelpin@example.com,"New Deonhaven",66,1981-05-18
"Ima Bogisich",treva.schroeder@example.net,"East Rene",39,2008-10-25
"Hector Mohr",sierra.douglas@example.org,"East Maxine",63,1976-08-05
"Charlotte Rohan",wgislason@example.org,Karinaburgh,18,2006-04-19
"Prof. Carley Toy",libby17@example.com,"North Dominicborough",41,2009-09-04
"Darwin Aufderhar",lynch.louie@example.com,Federicohaven,60,2005-06-12
"Stefanie Stanton",leon.fisher@example.com,Edmondmouth,38,1997-02-07
"Prof. Tyrique Bins",deanna.zemlak@example.net,Gorczanyville,47,2019-10-09
"Jeffry Swaniawski",margie.oconnell@example.org,"South Clark",33,2011-11-08
"Madalyn Paucek DDS",franz55@example.net,Candelariofort,38,1991-10-07
"Columbus Cruickshank",prohan@example.com,Fredville,28,1992-10-18
"Mollie Rosenbaum",herminia.auer@example.com,Weberburgh,35,1997-02-16
"Barrett Bartell V",pearlie28@example.org,Sabrinahaven,68,2002-12-10
"Dayna Daniel Jr.",dubuque.kavon@example.org,"East Celine",41,2019-09-10
"Dr. Paris Weissnat MD",dana48@example.org,Medhurstchester,31,2017-12-23
"Aletha Collier",mwyman@example.net,"North Grayson",34,1998-06-07
"Nellie Graham",cassin.thomas@example.net,Bernadineshire,72,1974-06-17
"Tressie Luettgen I",patience.ferry@example.org,"New Albina",73,1979-12-15
"Henry Lind",lempi.jerde@example.com,"North Izaiah",78,1996-06-08
"Glenda Kassulke",mtremblay@example.net,Piercebury,76,2020-11-01
"Dena Rippin",audie00@example.net,"New Efrenborough",54,1997-07-10
"Evangeline Satterfield",kohler.josie@example.net,Morarstad,71,1980-10-15
"Edgardo Mueller",mayert.samir@example.org,"West Brooksburgh",67,2005-11-07
"Mr. Lester Haag DVM",kunze.burnice@example.org,"Lake Alexandreaberg",67,2016-04-01
"Afton Kerluke IV",alysson32@example.org,Owenport,63,1983-12-31
"Nolan Corwin",dorian45@example.org,Elouisehaven,34,1975-01-05
"Constance Pfannerstill",xschmitt@example.net,Myahburgh,36,2004-04-09
"Austyn Mertz",heber.hand@example.net,"East Susanstad",25,2016-07-17
"Lola Funk",dewayne.runolfsdottir@example.org,"West Jade",83,1975-06-22
"Estrella Dibbert",tleannon@example.net,Susanaport,60,2009-07-27
"Elroy Murphy IV",lueilwitz.jodie@example.net,"New Damionstad",18,1981-05-15
"Damion Wyman",fgrant@example.com,"North Cindyside",44,1993-09-13
"Reyna Boehm",ybeahan@example.net,"East Marianahaven",34,1988-06-21
"Ernestine Schaefer",nrunolfsson@example.net,Smithamhaven,44,2003-10-01
"Piper Lubowitz",emely.hayes@example.org,"East Kaylaview",69,2023-08-20
"Mrs. Clementina Bartell",alayna35@example.com,"Lake Gardner",62,1993-09-09
"Madelynn Mueller",bonnie.sipes@example.org,"New Arno",83,1971-10-28
"Mr. Maverick Bosco",erich45@example.net,Jenniefurt,18,1971-01-16
"Prof. Robin Grady Jr.",alek00@example.com,"New Astridchester",39,2023-03-21
"Wanda Deckow",qking@example.net,"Lake Lorenzo",84,2007-04-25
"Miss Lela Aufderhar",ron74@example.net,Glendabury,83,1976-11-05
"Ignacio Murray",oritchie@example.net,"New Lucas",62,1977-11-07
"Mariana Bins",kuhic.esther@example.net,"New Chelsiefort",51,1980-06-02
"Collin Grant",ahirthe@example.org,Lakinchester,36,2015-02-16
"Jaqueline Buckridge",wisoky.cleveland@example.com,Doyleshire,39,1984-05-02
"Sister Fay II",sabryna.oreilly@example.net,Hellerstad,66,1979-07-21
"Berta Macejkovic",odie.dooley@example.com,Maryjaneburgh,38,2024-12-23
"Hettie Brown",connor.hill@example.com,Lebsackhaven,33,2022-10-18
"Christelle Bartoletti DDS",mabel.considine@example.com,"South Fern",76,1973-11-22
"Hayden Gottlieb",hansen.wilbert@example.org,O'Connertown,35,2002-10-20
"Dr. Kathleen Daugherty",bailey.isom@example.org,Rohanport,32,2012-10-16
"Leatha Considine",oliver83@example.org,Sigridfort,49,1986-10-19
"Ms. Aurelie Ondricka PhD",matteo34@example.com,Florinetown,18,1994-08-13
"Maybelle Keebler",green.faustino@example.com,Ivaland,34,1989-12-13
"Alanna Nicolas",chelsie.marks@example.com,"North Aubreytown",70,2012-08-07
"Geoffrey Parker",monique51@example.com,Haneville,78,2024-12-30
"Sheila Hansen",selina.abbott@example.org,"New Joseph",76,2002-05-28
"Leda Parker",walter.shields@example.org,"Lake Leonard",63,2018-09-23
"Mr. Zakary Braun",walker.queenie@example.org,Marcchester,68,2016-11-20
"Kathryn Graham IV",croob@example.net,"Lake Ressieberg",57,1991-01-28
"Miss Corine Ebert",gerlach.louie@example.net,Dustyville,35,2008-05-19
"Emanuel Lind DDS",roberta.senger@example.com,Ziemeport,29,1989-02-07
"Werner Howell V",aaliyah93@example.net,Ferminhaven,33,2006-01-06
"Cleve Carroll",alangosh@example.net,"New Beatriceshire",54,1992-04-08
"Rowan Hodkiewicz",davion.willms@example.org,Valentinefort,25,2018-12-09
"Lisette Boyle",anita50@example.net,"New Zionmouth",52,1974-12-28
"Mathilde Muller",angela06@example.com,Huelburgh,49,1971-08-19
"Name Fisher",crooks.santos@example.net,Stokeshaven,30,2014-01-16
"Ms. Autumn Dickens",crystel89@example.org,Kurtiston,40,1997-01-17
"Deion Gleichner",madeline.lang@example.org,Zoilatown,63,1984-10-30
"Reilly Mueller DDS",nelda.fay@example.org,Gilbertborough,38,2005-10-21
"Delbert Corwin DVM",doyle.shaina@example.com,Kulastown,45,1993-07-25
"Ted Brown",berniece50@example.com,Gaetanostad,70,2016-09-09
"Eric Wunsch I",carolina.macejkovic@example.org,Greenstad,65,1998-10-17
"Vincent Schultz",mmueller@example.org,"North Cecelia",39,2024-05-14
"Miss Aletha Ritchie DVM",reed.stoltenberg@example.net,Stromanburgh,53,2017-04-16
"Ms. Olga Ruecker I",thand@example.net,"Lake Monserrateland",37,2009-04-17
"Marisol Smith",hagenes.stephon@example.net,Spinkafurt,36,2020-05-03
"Mrs. Penelope Marks",grimes.trudie@example.org,Shermanfurt,62,2012-11-20
"Maya Greenholt",reese09@example.net,Quigleyville,69,1980-07-11
"Leila Franecki",angel90@example.net,"Lake Anastasialand",23,2021-07-02
"Dr. Rocky Ritchie III",earlene.wunsch@example.net,Satterfieldside,55,1990-01-06
"Lola Corwin",carmela.okeefe@example.org,Busterton,49,1986-10-18
"Delia Hamill",cathryn.lebsack@example.com,"Port Sammie",18,1982-06-28
"Dr. Bette McGlynn Sr.",djacobi@example.net,"West Isommouth",41,1982-03-20
"Minerva Champlin",wilkinson.buddy@example.org,"South Braeden",69,2002-12-16
"Eulalia Heaney",dwelch@example.com,"East Rodgerfort",27,2011-07-27
"Anahi Schimmel DVM",jdubuque@example.net,"Port Verlastad",69,1972-08-12
"Flavie Mitchell",kkohler@example.org,"South Cecile",47,1983-05-19
"Terence Robel",favian.bins@example.com,Connellyfurt,51,1985-12-03
"Cali Medhurst",brady.hirthe@example.net,"North Damionmouth",70,2002-12-20
"Miss Candace Wintheiser",imoore@example.org,Conradland,68,1989-09-29
"Keagan Kreiger",reba.rosenbaum@example.net,Cronatown,52,2019-07-24
"Brando Wisozk",cartwright.sadie@example.net,"Lake Jaylon",40,1977-06-14
"Elsie O'Hara",aileen93@example.net,Ignaciomouth,76,2023-12-02
"Roy Hagenes",blaze16@example.com,"South Alysha",50,1985-10-26
"Jamel Roberts",lyric73@example.net,Thaddeusside,36,1975-09-29
"Blaise Thompson PhD",monahan.nakia@example.com,"Lake Joaquinfort",76,2019-02-28
"Itzel Ernser",jwilliamson@example.com,"Port Lyda",63,1983-02-02
"Richard Schamberger",vada23@example.net,"Port Kraig",50,1981-11-06
"Dr. Andres Mosciski IV",tklein@example.net,Prosaccomouth,82,2006-01-11
"Gisselle Reichert",hollis.lind@example.com,Deontefort,28,1995-10-29
"Prof. Derek Kuhlman",drutherford@example.net,Hansenstad,73,1977-06-12
"Gerda Batz",wellington23@example.org,Hazelside,29,2014-03-31
"Gracie Reilly",grunolfsdottir@example.com,Seamusborough,23,1979-01-18
"Linda Labadie I",shields.van@example.net,Roxanneland,41,1982-10-19
"Freddie Rath",shanon26@example.com,Abshireberg,70,1978-03-08
"Cathryn Lemke",botsford.weldon@example.com,"Port Caleb",18,2008-09-25
"Albert Rutherford",claudie95@example.org,Grahammouth,80,2017-09-15
"Janae Dare",lera06@example.org,Wizahaven,49,1977-05-07
"Frida Blick",roob.edison@example.org,"South Brody",69,2004-07-25
"Ada Weissnat II",jerald.streich@example.com,Jarvismouth,57,2010-05-28
"Charley Botsford III",vprice@example.com,"North Daynastad",65,2010-05-14
"Marcelo Langworth",schiller.garry@example.org,Gertrudeton,35,1978-09-19
"Evangeline Quitzon",kraig91@example.net,"West Salmaland",71,1976-12-18
"Emily Zulauf",xcummings@example.org,"West Federicoborough",60,2008-02-15
"Abigayle Spencer",lyla.dach@example.com,"South Virginiahaven",60,1982-10-04
"Ms. Edwina McDermott PhD",zstreich@example.com,"East Erica",60,2001-07-11
"Dr. Myrna Heidenreich IV",eichmann.carmine@example.org,"Lake Kacichester",36,2001-07-01
"Luz Mante MD",wsauer@example.com,"Lake Tiffany",75,2009-10-25
"Scot Schumm",julius46@example.com,Kohlerport,43,1980-01-17
"Zane Homenick",wiley.ruecker@example.org,Lubowitzside,56,1985-11-06
"Madge Spencer",dax52@example.net,"West Clevebury",72,2009-05-26
"Mr. Torrey Ernser",ruecker.maximillian@example.com,"New Arvilla",64,2017-07-13
"Grant Franecki I",romaguera.zion@example.net,"West Elody",39,1983-03-06
"Mr. Benny Hamill",lucienne43@example.net,Kaleyfurt,40,1978-02-23
"Norwood Price",bergnaum.maiya@example.com,Howeton,67,2001-07-01
"Prof. Jonas Ernser III",bsporer@example.org,"South Trey",23,1987-08-25
"Anthony Ledner DDS",lemmerich@example.org,"North Domenico",43,2018-10-01
"Lexus Zemlak",krista.blanda@example.org,"East Janet",83,1976-07-06
"Mariano Marquardt",ekulas@example.com,Mozellshire,27,1972-03-31
"Dr. Bruce Gerlach V",ima08@example.com,Rutherfordmouth,77,2007-01-24
"Alicia Hand",boyle.kendall@example.net,Imeldaville,72,2005-10-22
"Dr. Kristian Wisozk PhD",osbaldo.mueller@example.net,"East Aronborough",45,2006-12-14
"Janessa Moen",kameron63@example.net,Rosenbaummouth,38,1982-03-11
"Eliane Langosh",brigitte73@example.net,Sanfordside,82,2010-10-17
"Dr. Domenick Schuster",ozella65@example.org,Kipchester,57,2010-06-27
"Mallory Kunde",keebler.lucas@example.com,"East Eloisashire",72,1986-04-13
"Larissa Nitzsche",fidel46@example.com,"South Maureenside",19,2018-02-10
"Paxton Wiegand",owuckert@example.org,Gradyside,22,1994-01-07
"Myles Kiehn",xhermiston@example.net,"North Jeromeport",27,1977-10-18
"Sherman Cartwright II",hane.mac@example.com,"East Marielleberg",74,1981-03-31
"Cade Hyatt I",jarred.pagac@example.org,"East Raina",74,1999-12-25
"Diego Tillman",cturcotte@example.com,Christinaborough,52,2015-05-05
"Ms. Rhianna Romaguera",akshlerin@example.com,"Lake Rozella",68,1991-08-12
"Abbigail Sipes",vmorissette@example.com,Dominiquebury,75,1975-08-05
"Cleve Prohaska",alene.schiller@example.net,Ernsermouth,20,1988-10-11
"Nestor Gutkowski V",kadin50@example.net,Ricemouth,38,1994-06-10
"Abe Gislason",xkihn@example.com,"East Aracelitown",41,2021-09-24
"Marilou Kunde",ehettinger@example.org,Haagview,62,2007-12-12
"Antonietta Dach Sr.",runolfsson.tressie@example.com,"South Evalyntown",19,1989-09-12
"Mrs. Dorothy Walter DDS",harley85@example.com,"East Johan",42,2014-11-07
"Kelsie McClure",scot96@example.com,Shanahanland,76,1978-08-20
"Ms. Katlynn Eichmann",alek78@example.org,"South Candice",33,1996-05-14
"Dr. Jaeden Upton",lynch.vincent@example.org,Lynchchester,22,2014-06-16
"Christy Cormier",ycorwin@example.net,"South Lelah",42,2016-09-08
"Miss Marisa Doyle DVM",annamae.wiza@example.com,Marquardtshire,43,2023-11-24
"Wilson Bogan",maegan73@example.org,"Port Carolinehaven",25,2022-04-30
"Adam Marquardt",gschamberger@example.org,"North Robin",36,2021-11-12
"Karina Turner",devante.mohr@example.com,Macieberg,43,2000-11-26
"Prof. Rosetta Feeney MD",viva.frami@example.org,Farrellton,70,1970-11-21
"Dedric Barrows",vernie62@example.org,"New Jazmin",44,1979-11-05
"Tito Waelchi",watsica.courtney@example.com,"New Cecil",39,2003-03-22
"Prof. Davonte Prosacco DVM",andres.cruickshank@example.net,Mauriciofort,37,1982-10-17
"Rosanna Miller",lindgren.evert@example.org,"North Clare",64,1992-12-16
"Ceasar Mayer",friesen.nedra@example.net,"East Carlo",28,1976-07-06
"Dayna Heathcote",arjun.volkman@example.com,Huelhaven,81,1999-03-06
"Isabel Mante",wilhelm96@example.net,"Lake Lawrence",60,1984-02-09
"Nathanial Swift",hlebsack@example.com,Schuylerside,59,1977-01-19
"Anahi DuBuque",walter.declan@example.com,Wolfberg,36,2010-07-21
"Calista Watsica",ova.barrows@example.org,Gerdahaven,81,1970-02-23
"Chase Kilback",ocie.koepp@example.net,"New Prudence",19,2007-01-09
"Ms. Zoe Abshire",mcdermott.george@example.net,Julesland,52,1994-11-24
"Dr. Robyn Pacocha I",beulah.bartell@example.com,"Lake Nolaville",61,1973-12-08
"Dr. Ava Pagac",sipes.ashlee@example.com,"Lake Destinee",82,2004-04-08
"Prof. Hilma Rice",ctorphy@example.com,"New Brockton",66,2020-01-11
"Mrs. Laila Johns II",abdiel46@example.net,Jeremieborough,34,1998-08-12
"Mayra Rolfson",arnaldo.kovacek@example.com,Dareside,77,1973-02-19
"Angela Sporer III",will.theodore@example.com,"East Pollyhaven",55,2016-12-18
"Dr. Tiffany Daugherty",walsh.verdie@example.org,"Lake Javierfort",79,1988-05-18
"Shyann Hill",gleichner.luna@example.org,"New Angelotown",43,2004-11-14
"Dr. Esteban Feeney",baron.pfeffer@example.org,"North Jaydenview",54,2012-01-01
"Adelle Tillman II",durgan.emmitt@example.net,"Lake Eloy",49,1976-12-06
"Liza Bogisich",shakira48@example.org,"North Cassidyshire",50,1993-09-03
"Dr. Modesta Kiehn",leatha.welch@example.com,Sheldonfort,41,1993-03-11
"Patience Hoeger",fletcher.franecki@example.com,Murlshire,69,1990-10-21
"Mr. Derek Huels V",isac.bashirian@example.org,"East Maryamside",31,2000-10-09
"Gene Wintheiser MD",betty02@example.net,"South Presley",76,2008-04-12
"Chase O'Kon",madie46@example.org,"North Daltonhaven",36,1977-03-18
"Braden Bashirian",luettgen.devonte@example.net,Antonettashire,76,1998-07-02
"Muriel Flatley",krajcik.koby@example.net,"Lake Betsyton",82,2022-12-16
"Prof. Stewart McLaughlin",esther.bosco@example.net,"South Virginiaburgh",45,2012-01-02
"Maeve Osinski V",bruen.scot@example.org,Parkerberg,28,1996-03-04
"Miss Jacynthe Konopelski",gkuhic@example.net,"Lake Jaren",20,2021-01-04
"Buddy Koch",yreichel@example.com,Ritchieborough,81,1985-12-22
"Oda Kuphal",nya.lakin@example.org,"Lake Haylie",65,2000-04-19
"Francis Goodwin",swift.jaida@example.org,"North Kyleigh",58,2017-11-09
"Everette Cartwright",ora.gislason@example.com,"South Zolaport",62,2020-08-20
"Allene Braun",nsenger@example.net,"South Margaritabury",79,1987-01-15
"Evert Bartell",hoyt30@example.net,Rowenaview,27,2006-11-13
"Greta Aufderhar",lucio79@example.org,Lunamouth,69,1990-06-22
"Prof. Maya Reichert",tianna15@example.org,"West Beaulahton",60,1994-02-07
"Mr. Garett Schoen DVM",ozella.feil@example.net,Schummbury,47,2015-10-06
"Jayce Funk III",nellie45@example.com,"West Beatriceton",58,1985-03-30
"Destinee Cole",ondricka.kale@example.com,Lowellburgh,50,2019-08-23
"Prof. Arvid Kuhlman MD",rhett81@example.com,"Port Barton",56,2001-02-13
"Dr. Frankie O'Kon",abdul.wuckert@example.com,Howellport,56,1985-03-05
"Dr. Cristopher Hill",merl03@example.com,Kirkshire,64,1993-11-20
"Taurean Stamm MD",xeichmann@example.org,Eloyland,50,2023-07-03
"Marie Volkman",kuphal.unique@example.net,Faychester,22,2017-02-05
"Providenci Hudson",jefferey.witting@example.net,"Port Janis",56,1993-08-03
"Marcos Kling",ilueilwitz@example.net,"South Judahborough",41,1970-11-17
"Georgianna Hansen",augusta49@example.net,VonRuedenmouth,80,1993-07-23
"Micah Nikolaus",fjohnston@example.net,Boscoville,39,2005-09-20
"Elta Crist",uhomenick@example.org,Augustineshire,28,1992-10-19
"Ashton Stracke",yoreilly@example.net,Pollichtown,66,2006-01-22
"Miss Freida Heller",hiram44@example.net,"South Bernadetteport",50,2016-11-08
"Sage Raynor",runolfsdottir.jason@example.net,"South Maurine",70,1975-04-06
"Dewayne Lakin DVM",xrodriguez@example.org,"South Jaceyton",64,2010-09-18
"Brenden Streich",doyle.ima@example.com,Flatleyborough,52,2013-05-05
"Natasha Deckow",corene.schultz@example.net,Jerodhaven,48,2004-05-06
"Norval Kling",erice@example.com,Loriborough,62,2024-12-20
"Ella Crist",felicity.trantow@example.net,Thielville,55,1997-08-24
"Marlin Harvey",josiah50@example.org,"West Nadiaview",68,2002-11-18
"Boris Stracke",casper.deshawn@example.net,"New Albertborough",85,1974-06-06
"Jon Gorczany",hickle.carlee@example.net,Douglasbury,76,2006-08-14
"Miss Stefanie Wehner",crohan@example.net,"South Torrance",21,1991-10-19
"Winifred Kihn",brooks.bode@example.com,Smithamfort,39,1972-11-01
"Keith Will",josue33@example.com,"New Tony",50,1994-06-28
"Prof. Esther Reichel",xheaney@example.com,Mullerfort,20,1977-11-23
"Savanna Little",lcummerata@example.org,"North Anabelle",64,2002-03-18
"Keshaun Leffler Jr.",von.audie@example.com,Darienport,57,2008-03-17
"Prof. Adan Hansen III",quinn.okuneva@example.org,Considineshire,26,1970-11-08
"Eliza Parker",schuppe.shirley@example.org,"Port Janaview",48,2000-08-13
"Dawson Rath MD",qtoy@example.org,Altenwerthberg,30,2023-04-01
"Arlene Feest II",dusty15@example.com,"West Naomiemouth",46,2019-03-08
"Hailie Hayes PhD",botsford.diana@example.com,"Port Elian",32,2007-01-05
"Kenyatta Will MD",quigley.anahi@example.net,Jaceyview,29,1986-01-19
"Estella Adams V",rosanna18@example.com,"North Katlyn",75,2000-01-06
"Lon Daniel",vturcotte@example.com,"Lake Leone",83,1987-04-13
"Dr. Junior Gottlieb I",yasmine.baumbach@example.org,Howemouth,67,1983-04-18
"Maximus Grimes",uullrich@example.net,Feeneyhaven,84,2018-06-02
"Mr. Nicholaus Daugherty DDS",collins.shyanne@example.net,Sedrickhaven,43,2014-05-10
"Marta Streich",jtillman@example.net,"East Alysastad",30,1996-01-23
"Jeramie Eichmann",cfunk@example.com,Darefort,69,1999-07-03
"Mariana Lehner",pasquale.heller@example.net,"East Breannefurt",84,1999-07-13
"Mr. Solon Heidenreich DDS",geoffrey77@example.net,"West Violet",55,2003-10-17
"Lester Jenkins",awunsch@example.com,"Lake Napoleonton",61,1990-02-27
"Miss Amelie Stoltenberg",jess.graham@example.com,"Port Siennaville",77,2023-11-28
"Lucius Senger II",doyle.wilma@example.com,Hilltown,81,2012-03-19
"Bertrand Hegmann",mueller.jaclyn@example.org,"North Joantown",37,2001-02-18
"Brandyn Connelly",hubert87@example.net,Towneview,84,1984-03-07
"Maurine Rosenbaum",nprohaska@example.net,"North Jolie",49,1970-03-05
"Dr. Marcos Trantow PhD",cole.haylee@example.com,"South Armani",85,1974-12-29
"Miss Jennifer Corwin",bettie.orn@example.com,"New Eudora",36,1995-06-12
"Mr. Jensen Keebler III",robert.kessler@example.net,"Lake Louvenia",62,2000-12-07
"Eryn Heaney Sr.",ifeeney@example.com,"Port Raegan",18,1978-12-30
"Chelsey Rempel II",sigmund.barrows@example.org,Dominiquemouth,57,1979-07-27
"Patricia Rice",rebeka68@example.org,Walkerhaven,35,1983-08-22
"Hillary Kassulke",bell.herman@example.net,Joanieborough,24,2003-08-23
"Johnnie Rice",uwalsh@example.net,"South Toneyfort",67,1987-11-06
"Jolie Barton",cassin.rebekah@example.org,"South Sophietown",36,2016-11-30
"Lavonne King",kertzmann.margarete@example.com,Ginoborough,61,2021-12-05
"Orrin Thiel",reichert.dustin@example.net,"Port Destineymouth",81,2002-01-29
"Hayley Hintz",ibode@example.com,Turcotteburgh,75,1987-04-02
"Ashlynn Nolan",jovan.lakin@example.org,"New Isabelleberg",77,2022-05-17
"Prof. Felicia Yundt PhD",satterfield.isabelle@example.com,"East Cary",37,2006-04-13
"Norris Jakubowski",opal17@example.net,Burleyland,84,1983-11-15
"Kristy West",christiana95@example.org,Miloborough,53,1970-03-14
"Winnifred Skiles",rtorphy@example.com,"South Archibald",66,1996-12-12
"Ms. Reina Hilpert",wreichert@example.com,Karinetown,73,2009-02-23
"Hilbert Bergnaum",stracke.irma@example.net,"Port Cortneybury",77,2007-05-14
"Vergie Gutkowski Jr.",bsimonis@example.org,Rebeccamouth,78,1973-06-24
"Deborah Bayer",rice.maci@example.net,"West Clare",28,2011-05-27
"Mrs. Jaquelin Brekke",imani01@example.com,Delfinafurt,80,1973-12-14
"Adah Witting DDS",smitham.ken@example.com,"East Josianneville",61,1996-01-02
"Prof. Keara Klocko MD",mafalda.dach@example.net,"New Ilaburgh",31,2010-04-14
"Prof. Kayleigh Johns",zsawayn@example.net,"West Ova",32,2014-07-21
"Estrella Konopelski",zelda05@example.net,"East Vivianneton",83,2017-04-26
"Mr. Frederick Russel DDS",brando18@example.net,Torphyside,36,1998-05-05
"Dr. August Weimann",hodkiewicz.nayeli@example.org,Abernathyhaven,29,2022-09-04
"Colton Kuhlman",cassandre.nader@example.net,Antonioborough,55,1970-03-12
"Garry Heller",natasha42@example.com,"West Stephany",83,2003-07-27
"Sincere West",lesley.block@example.com,Terrancemouth,25,1998-02-28
"Adele Ruecker",lyla09@example.com,Boganbury,79,2001-07-25
"Lori Balistreri",ashton.buckridge@example.org,Olsonmouth,62,2024-05-07
"Miss Meredith Dare",rose50@example.net,"Port Werner",42,1992-02-28
"Fredy Gleichner",leffler.raymundo@example.com,"South Zacharychester",80,2003-12-07
"Dr. Tremaine Koelpin",vsipes@example.net,"New Mario",33,2022-11-04
"Trystan Pagac",laisha.schaefer@example.com,Fostermouth,82,1982-06-05
"Isobel Parisian",esmeralda.thiel@example.net,"West Gerardomouth",54,1983-02-12
"Mr. Ismael Jacobson III",boehm.kianna@example.com,Darlenechester,54,1994-05-26
"Gerardo Eichmann",nelda.johnson@example.org,"Port Abagailtown",52,2007-06-17
"Ramon Wiegand",ted35@example.org,"New Camronborough",77,1983-02-22
"Quinten Mante",tanya54@example.org,Streichborough,53,2017-07-26
"Danny Bruen",beer.brendan@example.org,Marksburgh,75,1975-06-05
"Bobby Champlin",bartoletti.jade@example.net,"Port Cleoraland",31,1995-08-29
"Bulah Renner",marlen.balistreri@example.org,"South Bennettmouth",63,1984-12-26
"Prof. Mae Labadie DDS",michel69@example.com,Jaylenmouth,56,2005-06-14
"Jaeden Kirlin",maymie.smitham@example.net,"North Kristofferfort",34,2013-12-27
"Lonzo Dietrich",wilfrid24@example.org,Strosinton,59,1974-02-06
"Brennon Casper",lschimmel@example.net,"Lake Margaritamouth",40,1996-10-01
"Allan Hartmann III",noemie.deckow@example.org,Rodgerberg,32,2024-06-23
"Rosanna Bergnaum",boehm.bret@example.org,Goyettemouth,56,2022-04-15
"Gust Fisher",block.yessenia@example.org,"South Carter",70,2007-01-31
"Dr. Sally Koss DDS",monahan.rene@example.net,Wendyshire,67,1971-01-31
"Malinda Watsica",frank01@example.com,"East Elfrieda",32,2012-12-31
"Ms. Mazie Koch",pacocha.jaquelin@example.net,"Lake Zachariahborough",25,1979-01-08
"Hannah Wuckert",dooley.greta@example.org,Uptonhaven,30,2012-03-05
"Clara Graham",janae.dooley@example.com,"East Bradleyberg",22,2001-08-29
"Amara Trantow",bernita.langosh@example.net,"East Gene",21,1986-08-29
"Rachael Ledner",bwelch@example.com,"West Sammieborough",63,2023-12-28
"Patrick Corkery",estevan.armstrong@example.org,Beahanmouth,76,2011-06-08
"Enrico Medhurst",tracey36@example.org,Schuppeville,63,2009-04-15
"Aric Bergstrom",cgoyette@example.com,"Port Octavia",53,1988-07-07
"Rocio Deckow",scronin@example.net,"East Brandybury",25,1981-08-17
"Mr. Robbie Gorczany",braun.timmy@example.org,Effertzland,20,1991-06-14
"Helene Corwin",deshaun.boehm@example.net,"Port Darlene",57,1970-08-26
"Novella Mertz",ihackett@example.org,Hartmannport,66,1989-09-17
"Ms. Abagail Rice",rowe.willie@example.net,Blockstad,39,2024-05-06
"Mr. Brett Douglas",barton.peyton@example.com,"West Everettmouth",62,1987-05-24
"Kara Walker",anna.bergstrom@example.com,"South Dawnburgh",19,2015-04-29
"Winona Mohr",reichert.ward@example.com,"New Dudley",40,2009-06-29
"Nyasia Stokes",aoberbrunner@example.com,"West Kobybury",80,1970-07-11
"Bennie Predovic",katheryn63@example.org,"New Theresa",49,1990-06-02
"Shanny Wunsch",cmaggio@example.net,"East Dovie",49,2004-01-06
"Dana Orn",cierra.hessel@example.org,Maxton,69,2013-12-08
"Hanna Schoen",jana83@example.org,"North Emmy",70,1970-02-18
"Efren Larkin",hackett.keon@example.org,Diannafurt,80,2019-06-24
"Mrs. Eldora Langworth II",kailee.terry@example.net,Cartwrightburgh,30,2007-12-04
"Dr. Theresa Smith",katelin63@example.com,Marcelofort,58,1985-06-17
"Gwendolyn Schaden",qturner@example.net,Townechester,36,1972-07-15
"Prof. Lauretta Abernathy",llangosh@example.com,"West Jodie",84,1994-12-25
"Thea Bernhard",cleo30@example.net,"North Emmetstad",45,1975-01-25
"Zechariah Conn Jr.",ibreitenberg@example.com,"West Tatumchester",41,1988-03-04
"Mr. Ibrahim Rutherford",qyost@example.org,"Port Adan",75,1994-01-02
"Ms. Velva Ferry",ortiz.karolann@example.org,"West Florencio",56,1995-06-22
"Alessandra Hintz",cassie30@example.net,"North Vilma",29,1992-12-16
"Mr. Randi Schmeler III",herta25@example.net,"East Maxieland",40,1984-12-29
"Prof. Philip Stamm II",gerhold.bertha@example.org,"Port Macey",54,1974-10-14
"Tracy Collins",sfay@example.com,Homenickfort,25,2001-05-31
"Dr. Gregorio Moore",reynold27@example.net,Anyafort,38,1989-01-21
"Clarabelle Frami",gleason.agnes@example.org,"South Buddytown",53,2012-01-02
"Ransom Welch",mabelle.aufderhar@example.net,"West Victorialand",44,1995-10-03
"Yasmeen Durgan",iwhite@example.com,"New Vergie",68,1982-10-05
"Karlie Mertz",hessel.jackie@example.com,"West Naomiland",39,1982-03-25
"Trace Champlin I",winnifred.sporer@example.com,Emmyborough,44,1976-07-07
"Kaci Marquardt Jr.",gmaggio@example.net,Roderickstad,60,2012-12-02
"Margot Borer",will.antonetta@example.org,Crooksville,26,1993-02-27
"Mrs. Kiana Hintz Jr.",oberbrunner.tristin@example.com,"Lake Vanessaville",56,1972-06-18
"Pierre Larson",robel.jada@example.org,Jaceytown,44,2012-09-09
"Sydni Rohan",maximus.lowe@example.org,Flavietown,77,2005-03-13
"Aaliyah Predovic",mhessel@example.com,"Port Joshland",42,1993-12-29
"Mr. Lamar Runolfsson",emmalee.mueller@example.com,Mooreton,84,1975-02-07
"Kay Barrows",eugene.murphy@example.com,Shannonmouth,33,1971-11-28
"Prof. Louisa Gulgowski Jr.",vleannon@example.net,Cartwrightport,27,2008-04-27
"Jerry Mertz",edward.okeefe@example.com,"North Wendellborough",38,1998-10-27
"Mrs. Skyla Mertz Jr.",mayer.sabina@example.org,"East Neilmouth",78,2006-03-28
"Jesus Hane",hanna.zemlak@example.com,Kennithberg,71,2023-06-20
"Daryl Weissnat Jr.",alan.bernhard@example.com,"West Hans",56,1976-10-17
"Mr. Orville Konopelski",rau.jaylon@example.com,Hillbury,85,2022-03-11
"Dr. Juanita Orn",scarlett17@example.net,Trompshire,38,2006-07-02
"Prof. Camille Crist II",durgan.keshaun@example.com,Denesikville,38,1970-10-17
"Dr. Elwin Schumm",heathcote.russ@example.net,Emardberg,27,2008-03-24
"Jaunita McClure II",sauer.name@example.org,"Port Mylene",43,2010-06-25
"Dr. Kenya McKenzie",schuppe.breanna@example.com,"Port Adrian",84,2009-11-22
"Janiya Bernier",fabian.witting@example.com,"East Lydiafort",18,2024-03-07
"Arely Considine",josefina43@example.org,"West Trevion",77,1987-08-02
"Prof. Dedrick Pollich",tillman.lakin@example.net,Vandervortfurt,66,1982-06-09
"Dino Hodkiewicz",hillard28@example.org,"North Jacestad",18,1992-09-04
"Dean Rath",jaron35@example.com,"South Jasmin",18,2000-04-18
"Shanny Vandervort",bertrand.marvin@example.net,"Port Nikkoside",83,1995-08-18
"Mr. Roger Crooks II",newton.hermann@example.org,"Port Lizzieberg",49,2005-06-29
"Prof. Noel Ernser Sr.",candace.pollich@example.com,Kiarraburgh,37,1980-08-31
"Bessie Jakubowski Jr.",breanne22@example.com,"East Madalyn",74,2003-04-26
"Daisy Beer",zswaniawski@example.org,"New Anibalshire",49,2004-09-21
"Tracey Murphy",fmills@example.com,"West Rubentown",27,1996-10-17
"Fabiola Dare",kling.dario@example.com,Laurianneland,76,1974-10-29
"Matilda Schinner",cschulist@example.net,Goldnertown,22,1975-07-10
"Prof. Anthony Baumbach IV",larkin.eddie@example.com,Fletaville,84,2009-09-01
"Mr. Nicolas Mayert DDS",cruickshank.rico@example.org,Delaneyfurt,56,2011-03-11
"Randall Ondricka",mkerluke@example.org,Ariannaview,57,2008-11-30
"Hester Fisher",tcrist@example.net,Johnnyview,46,1993-03-01
"Tyler Stoltenberg",clement38@example.net,Alfredfurt,85,2006-12-05
"Prof. Werner Padberg",ksipes@example.net,"West Laruemouth",26,2015-07-01
"Dandre Davis",hbalistreri@example.net,Aufderharshire,37,1984-08-27
"Winona Bradtke",fcole@example.com,Ezekielberg,64,2023-10-07
"Calista Feeney",rgleason@example.org,"South Mauricioburgh",24,2008-12-26
"Herminia Dare",ressie00@example.org,Helenburgh,45,2022-10-26
"River Wolff",hadley55@example.com,Turnerberg,39,1979-11-15
"Moriah Ortiz",bdickens@example.net,Paolostad,44,1985-10-18
"William Davis",gulgowski.cameron@example.com,"Lake Gunner",19,1973-07-17
"Evelyn Hirthe I",heathcote.citlalli@example.com,"South Waylonchester",74,1991-11-19
"Tatum Wisozk",ekuhlman@example.net,Cooperberg,21,2002-09-12
"Stefanie Dicki",reilly.jakob@example.net,Smithhaven,64,2006-09-17
"Kaylah Pacocha",chanel52@example.net,Geovannymouth,73,1983-08-31
"Tatyana Klein",pyundt@example.org,"New Talia",78,2009-01-18
"Mack Legros",okuneva.patsy@example.org,"New Imeldaberg",59,1984-04-28
"Mrs. Holly Hayes",kuvalis.daniela@example.net,"Lake Aditya",58,2023-12-21
"Alison Gaylord",funk.judy@example.com,Marvinstad,84,1971-01-27
"Matilda Schaefer",velva.bogisich@example.org,"West Immanuel",35,1986-07-24
"Rosalia Walker",klein.mac@example.org,"North Merl",83,1975-03-30
"Vicente Sanford",marcelina.berge@example.com,"East Kirstinside",30,1991-12-25
"Pinkie Muller",selmer.hoeger@example.net,"North Hyman",29,1971-01-22
"Dejon Kerluke",bpollich@example.com,"Port Bud",23,1978-05-31
"Gilda Little",kbrown@example.net,"West Shadmouth",43,1982-04-15
"Bernita Schoen",hoppe.samara@example.org,Trystanborough,41,1989-06-24
"Nathanial Cremin",jenifer.feil@example.org,Corwinbury,45,2023-07-28
"Elizabeth Sporer",schiller.nayeli@example.com,"South Gennaro",57,1986-08-31
"Katrina Klocko",ubaldo.kunde@example.net,Tyreektown,73,1989-07-02
"Marianna Dach",torrey.bashirian@example.org,Leschmouth,46,1999-06-21
"Miss Lempi Harvey I",dameon29@example.com,"North Mohammadbury",43,1987-02-22
"Miss Lacy Krajcik",iheathcote@example.org,"Port Gust",49,2016-10-09
"Alexandrea Little",eichmann.peyton@example.org,"North Derick",70,1973-11-25
"Armani Metz",zdavis@example.com,"North Armanihaven",23,1984-07-20
"Jana Hills",moriah31@example.net,Hertaville,34,1987-04-21
"Mr. Clifton Collier",adell12@example.com,"West Ellsworthchester",80,2018-06-07
"Tianna Hyatt",rbogan@example.net,"New Rosario",72,2011-04-27
"Prof. Herman Ebert",dorothy69@example.com,Andersonside,29,2000-08-22
"Matteo Runte I",juana.legros@example.com,Cummerataberg,63,2014-03-24
"Alejandrin Sipes",afarrell@example.org,"Lake Emilyport",39,1975-10-18
"Prof. Dallin Bechtelar",louisa73@example.net,Webermouth,81,1985-07-27
"Prof. Camron Jaskolski",acrona@example.org,"West Urban",68,1970-07-09
"Dr. Minerva Beer III",hspencer@example.com,Turcottechester,38,2021-04-21
"Litzy Runolfsdottir",wuckert.abbey@example.com,Micaelashire,81,1994-10-06
"Dr. Lester Kihn",tillman.charles@example.org,"Lake Deontetown",61,2009-07-22
"Dina Lowe",schowalter.hailie@example.net,"Lake Newellport",29,2019-06-09
"Miss Destiny Schmidt",kulas.ashleigh@example.com,"South Romaineburgh",19,2022-09-06
"Dr. Tony Bauch DVM",sboyle@example.com,"North Jewell",20,1976-01-22
"Naomi Osinski",gianni.aufderhar@example.org,"Port Burleyberg",61,2016-06-18
"Declan Rippin",kharvey@example.com,"Port Jakayla",80,2014-05-24
"Harry Beer",nicolas.cheyenne@example.com,Purdybury,52,2008-12-07
"Gudrun Kunze",jaycee18@example.org,"Lake Daron",22,2003-03-28
"Gerald Bashirian",zboncak.herminio@example.com,Maribelshire,30,2007-07-31
"Fanny Ferry",sammie51@example.net,Hoppechester,35,1970-05-11
"Aurore Grady",kaia.stanton@example.net,Marksfort,36,2002-07-24
"Miss Aubree Shields",hhalvorson@example.org,Deborahshire,34,1970-01-29
"Deshawn Mertz",hodkiewicz.melyssa@example.com,"South Sisterville",19,2002-03-30
"Ms. Jade Lueilwitz",myrtie.lehner@example.org,Emardshire,85,1990-05-30
"Virgil Heathcote",federico.mante@example.net,Florineberg,81,2021-04-04
"Jade Beer Sr.",gwehner@example.net,"North Darrelshire",76,2015-12-25
"Mrs. Bridgette Spinka",luella69@example.net,"Lake Flossiechester",50,1977-03-08
"Amir Mraz",marks.hadley@example.com,"North Kylie",28,2003-08-12
"Sadye Lakin",alf45@example.com,"Lake Eldred",54,2003-11-10
"Prof. Nicklaus Dooley",lydia.carroll@example.com,Demondmouth,61,1997-06-23
"Jacey Hessel",smitham.sylvester@example.net,"Port Mohammadchester",81,2018-12-18
"Ms. Natalia Schmitt V",npagac@example.net,Johnsonville,81,2009-07-24
"Cyrus Waters",alisa.kuvalis@example.net,"West Doyleport",35,2000-02-15
"Serenity Lowe",homenick.ella@example.net,Gerardmouth,19,2022-08-09
"Chaz Heathcote",rashad.nitzsche@example.net,Raystad,63,2011-01-21
"Dr. Kayleigh Waelchi",bosinski@example.org,Izabellabury,28,2001-01-02
"Lexi Ritchie",hayes.delbert@example.org,"East Meaghan",85,2019-12-20
"Malika Moen",ykunze@example.org,Dereckfurt,20,1998-09-28
"Victor Lebsack",shane79@example.com,Kautzershire,21,1981-07-18
"Prof. John Feeney",maye.gutkowski@example.net,"South Scottie",51,1976-11-12
"Mr. Gunnar Turner",lmoen@example.net,"Port Garlandfurt",85,1985-01-12
"Prof. Angelita Kling",wolf.hortense@example.com,Deborahmouth,42,1975-12-10
"Cole Lynch",lhand@example.com,Landenview,43,1982-10-01
"Johnson Lesch",laurence.bernhard@example.net,"South Lavernafort",78,1988-05-26
"Edd Pollich Jr.",fredrick68@example.com,"East Roscoefurt",63,1974-01-14
"Prof. Imogene Davis",annetta.beer@example.org,"South Cierra",65,1990-03-14
"Ms. Marietta King",tyrique.jacobs@example.org,"New Wainoside",74,1986-12-01
"Xzavier Robel",rosalee.shanahan@example.org,"West Kailyn",72,2009-05-10
"Rasheed McKenzie",krystel.johnson@example.net,"Port Joesph",72,1990-02-02
"Ivy Swift",jhoeger@example.com,"West Dawnborough",33,2006-03-18
"Chris Torp",pacocha.weston@example.net,Howardport,18,1983-02-06
"Prof. Hershel Reinger",terrance33@example.net,"West Mitchellland",54,1995-08-23
"Dr. Trycia Kuhic Jr.",hodkiewicz.tom@example.org,Julienfurt,24,1982-01-25
"Bridie Pollich",goldner.novella@example.com,Mohrton,60,1993-05-24
"Estelle Grant",jessie98@example.net,Kihnhaven,65,2007-11-18
"Kattie Flatley",jacobs.isobel@example.org,"West Ora",52,1997-07-25
"Chelsie Hoeger",greenholt.hattie@example.com,Thaliashire,38,1988-07-19
"Ewell Von",jcollins@example.org,"West Borisstad",83,1987-10-15
"Mrs. Eliane O'Conner",kovacek.wyatt@example.net,"Lake Nicolabury",23,1981-03-29
"Dax Dietrich",rdamore@example.com,"Port Fleta",46,1988-07-19
"Mrs. Carlie Feeney",mskiles@example.org,"South Jermain",36,2021-01-28
"Mrs. Leonie Kutch DDS",kelly56@example.org,Koeppton,46,2014-09-14
"Katelyn Flatley",zskiles@example.org,Susieberg,43,2020-09-09
"Tierra Bruen",rmclaughlin@example.org,Otiliafurt,58,1979-12-17
"Ian Erdman",ashleigh.fahey@example.org,"New Myrtis",35,2001-11-29
"Raegan Herzog",balistreri.pamela@example.com,"West Davin",26,2013-03-29
"Dr. Delpha Marquardt Jr.",aniyah.metz@example.org,Hyattfort,22,1984-09-25
"Montana Thompson",bogisich.darby@example.com,"North Antoneside",23,2020-12-13
"Karianne Lowe",concepcion22@example.com,"North Duncanside",54,1975-05-24
"Rusty Langworth",brenden18@example.net,Karlieville,63,1983-10-17
"Dr. Mossie Schimmel",roy.spencer@example.org,Marinaland,68,2000-05-30
"Gregg Harvey",tanderson@example.org,Williamsonfurt,80,1971-01-11
"General Kuphal",abbott.daphne@example.net,"North Kendrick",48,2009-06-25
"Mr. Christop McLaughlin",emerson79@example.com,McClurestad,85,1982-02-20
"Chance Boyle",gianni.hand@example.com,"Port Shannaburgh",52,1975-07-12
"Dr. Mario Cremin V",ryder81@example.org,"West Tedtown",85,2020-08-05
"Myrtle Wuckert",qcronin@example.com,Willmsmouth,30,1990-05-01
"Miss Jazmyn Lehner IV",kelly.tremblay@example.org,"West Sadye",42,1984-12-28
"Scarlett Kertzmann DVM",csmith@example.net,Reingertown,47,1978-05-09
"Prof. Isac Rippin MD",aschmitt@example.com,"East Pasqualefurt",70,1975-08-14
"Elsa Bashirian",mcdermott.donato@example.net,"North Garfield",19,1990-09-02
"Isadore Wisozk III",lindsey93@example.org,Kubmouth,38,1978-06-08
"Name Langworth",feil.aric@example.com,Genevieveport,20,2001-07-25
"Mrs. Ottilie Skiles Sr.",danny.weissnat@example.net,"North Gustberg",71,2012-12-28
"Glenna Koelpin",ray.gottlieb@example.com,"South Amparo",70,1977-10-11
"Mr. Cooper Trantow IV",earnest.waters@example.org,"West Garnettbury",60,1993-09-13
"Tania Nienow",jazmin33@example.org,Hermannton,76,1982-12-11
"Mrs. Carolyn Wuckert",huel.woodrow@example.com,Dickensburgh,39,1983-03-22
"Dejah Koepp",emarks@example.org,"New Torey",77,1986-04-22
"Dimitri Konopelski",jtorphy@example.com,"Lake Theoville",83,2004-05-11
"Kyler Shanahan",ursula.kshlerin@example.com,Purdyfurt,60,2019-07-05
"Dr. Rogelio Price II",raul13@example.net,"North Estefania",59,1985-11-23
"Hazel Schaefer",shana.nolan@example.net,"East Johanna",62,1986-12-05
"Clarabelle Mayert",waters.dino@example.org,Turcottestad,47,1987-04-18
"Arlie Douglas",howard72@example.org,"North Cliffordchester",56,1974-04-26
"Nestor Aufderhar",lindgren.hope@example.net,Brooksbury,74,2016-12-07
"Charles Feeney",lafayette.walter@example.org,"South Ethelyn",67,1984-07-08
"Ms. Aliyah Kunze",karen.beier@example.net,"Port Karineport",66,2000-04-20
"Dr. Kayleigh Gorczany PhD",lou86@example.net,Zackberg,73,1990-04-29
"Prof. Osvaldo Stokes DVM",kautzer.ottis@example.net,Krystelmouth,64,1970-07-24
"Johanna Lubowitz DDS",reilly.abigayle@example.org,Mayertborough,18,2000-04-21
"Beatrice Shanahan",mziemann@example.org,Binsbury,65,2019-03-22
"Brandy Kohler",zdibbert@example.org,Efrainland,22,2021-09-06
"Perry Brekke",erussel@example.com,Barrowsberg,82,1997-04-11
"Carli Jones",jayce.bauch@example.com,"North Montana",81,1986-06-10
"Dr. Kendrick Ryan MD",gleason.frances@example.com,McClureport,18,1993-11-12
"Dr. Jacinto Cronin",zaria76@example.net,Lyricville,41,1981-09-24
"Eugene Robel",zola33@example.com,"Port Sedrickview",85,2006-04-05
"Bert Lynch",cwunsch@example.org,"East Ervin",65,2003-07-06
"Ruby Zieme",wendy41@example.com,Sengertown,54,1973-10-29
"Rachael Koch III",beer.ned@example.net,Thompsonport,73,1977-03-28
"Hailee Dach",crystel.dietrich@example.com,"East Leonora",53,2001-02-19
"Miss Wilma Streich DDS",derrick90@example.net,Breitenbergchester,82,1988-09-20
"Enrique Kautzer",brown.concepcion@example.net,Kittychester,58,1995-01-27
"Ms. Magnolia Swaniawski Jr.",ternser@example.com,"South Antonetta",62,1999-05-16
"Mariane Hessel",sally.walker@example.net,Larsonside,79,2001-02-19
"Kyle Williamson",hermiston.xzavier@example.org,Lazaroport,32,1988-03-02
"Prof. Emanuel Rohan",dolly88@example.com,Gradyfurt,32,2022-01-04
"Cleveland Schinner",kutch.meggie@example.net,"Lake Mafaldatown",52,1976-12-24
"Erling Torphy IV",oral.harvey@example.com,"West Vincenza",60,1970-10-15
"Prof. Roscoe Nienow",frami.meagan@example.net,"North Arnoberg",30,1982-08-18
"Maddison Daugherty",walter.cassandre@example.org,"Port Christophe",24,2010-08-15
"Lorena Marvin MD",charlie87@example.org,Yostburgh,80,2015-05-21
"Clemmie Gutkowski",margarete16@example.org,Kochborough,63,2005-03-02
"Dr. Karli Rempel",calista.emmerich@example.com,"West Kaylin",24,1989-09-19
"Myles Collins",hill.bria@example.net,"West Andrew",73,2017-06-18
"Eldora Kozey II",meghan.gaylord@example.org,Ernserborough,28,2009-02-22
"Norene Franecki",rosenbaum.devyn@example.org,Anabelfurt,84,1995-03-14
"Octavia Schuster Sr.",rosemary.beer@example.com,"Port Tianaport",76,1984-03-29
"Casimer Wiza",hkirlin@example.net,Lolitaton,77,1970-09-21
"Dr. Khalid Gutmann DDS",ggleason@example.net,Vivianmouth,31,1979-10-27
"Margaret Deckow",jordon30@example.org,Krisfurt,59,1971-03-31
"Dr. Newell Ward DVM",simeon.medhurst@example.net,Mckenziestad,69,1976-10-04
"Mr. Wellington Daniel",wthiel@example.com,"Port Moisesmouth",33,1988-06-08
"Rocky Kreiger",strosin.jaleel@example.net,Harveyberg,83,1974-07-15
"Claudia Mohr",jerod.ondricka@example.net,Fionamouth,48,2023-02-06
"Catalina Pfeffer",lilla.balistreri@example.com,Jacynthechester,77,1979-06-19
"Prof. Frances Fritsch MD",karen87@example.com,Alexandrinestad,43,1999-02-19
"Mrs. Gail Schmitt III",titus36@example.org,"Lake Monicaport",37,1973-03-06
"Kadin Ullrich Sr.",ybruen@example.net,Russelbury,82,1989-11-17
"Sean Batz",keebler.ellen@example.com,"Lake Zoila",47,1975-08-25
"Cecilia Windler",jenkins.ana@example.net,Luellatown,58,1973-09-08
"Corrine Christiansen",parisian.vesta@example.com,"North Garrett",52,1992-10-26
"Prof. Isom Kris",anibal.smitham@example.com,Katelynberg,80,2005-09-27
"Skyla Donnelly",sammy.stoltenberg@example.com,Nicoberg,24,1987-06-28
"Mandy Lang",chanelle.nitzsche@example.net,"South Jeanettehaven",65,1987-05-19
"Harvey Dicki",coconner@example.com,"West Jevonberg",44,1992-11-18
"Yasmin Haley",theo13@example.org,"Lake Zaneland",43,1973-03-11
"Alexanne Osinski",farrell.gaylord@example.org,"New Agnesberg",31,1971-11-16
"Donavon Bradtke",nlarson@example.org,"West Frank",56,2004-09-18
"Paul Doyle MD",sally.kilback@example.net,Terryton,27,2009-01-16
"Emmett Mosciski",charlie.strosin@example.org,"South Nayelihaven",32,2019-05-01
"Mitchel Gutmann Jr.",willa.toy@example.org,"North Randy",36,2017-08-23
"Kane Cole DVM",nya97@example.net,"Lake Winston",66,1999-01-21
"Elijah O'Conner",slangworth@example.com,"Port Alfredabury",40,2001-09-23
"Mrs. Lucie Rowe",pzieme@example.net,"Port Aiden",67,1984-01-06
"Mr. Judson Kuvalis",torp.sarina@example.com,"North Abelardoborough",36,2021-02-13
"Sean Anderson",little.camron@example.org,"Lake Josianne",75,1978-07-23
"Estel Klocko",abel05@example.org,Brigitteshire,67,1989-07-19
"Dr. Albertha Stiedemann",paucek.forrest@example.net,Jaskolskiland,59,1978-05-18
"Van Kirlin",reinger.prince@example.com,"West Codyview",62,2016-04-08
"Prof. Marcel Friesen",grover12@example.com,Tremblayfurt,70,1997-11-24
"Melba Dach",cordia.howell@example.com,"Lake Geofort",74,1989-08-09
"Anna O'Kon II",rex20@example.org,"South Joanton",59,2013-02-25
"Kathleen Donnelly",kiarra18@example.net,Vitomouth,40,1981-05-16
"Neha Roob",kiley.hickle@example.com,"South Makaylaborough",70,2003-05-25
"Miss Elyse Buckridge",sammy63@example.org,"West Lazaro",73,2014-02-15
"Brenna Bergnaum DVM",yberge@example.com,"South Garnett",84,1978-04-08
"Kristy Bernhard",borer.odessa@example.net,"East Fosterborough",73,2005-04-23
"Prof. Felton Reichert Sr.",liza.gleason@example.com,Armstrongtown,46,1994-08-24
"Mrs. Kaitlyn Krajcik",hubert47@example.net,Mitchellstad,61,1970-11-10
"Dr. Matt Mante II",velma.lueilwitz@example.org,"South Margaretta",50,1992-09-15
"Alena Rohan",jpacocha@example.org,"Port Brycefurt",59,1995-08-30
"Sigrid Weimann V",tracy.durgan@example.net,"East Maribelview",85,2024-07-12
"Eudora Boyer",schulist.eino@example.net,Amieview,80,2017-10-03
"Jedediah Walter",mariah.wiegand@example.com,"Port Nicholaschester",69,1972-11-09
"Emanuel Koch",connelly.cameron@example.net,Leannonville,72,2016-01-07
"Amalia Lockman II",marjorie.hills@example.com,Emmerichberg,66,2003-06-20
"Karley Torp",kaden36@example.net,"Lake Wilmerhaven",29,2010-02-20
"Roosevelt Witting",llang@example.net,Carolynmouth,24,2012-10-27
"Ms. Pansy Considine PhD",harber.earnest@example.com,"Port Virginia",23,1972-12-05
"Frank Considine",langworth.ward@example.net,Auerfurt,25,1986-11-25
"Eulah Bosco",cabshire@example.org,"South Hosea",21,2007-03-08
"Vincenza Sipes DVM",foster29@example.org,"West Anna",34,1998-01-11
"Maybelle Dickens",kacie21@example.com,"East Susanna",71,2015-07-13
"Gust Rohan",vgaylord@example.org,Travisport,60,1998-12-28
"Mr. Emmett McDermott",zkoepp@example.net,"North Floyshire",21,1970-03-17
"Maci Abernathy",becker.myrtice@example.net,Zackaryhaven,79,1980-11-15
"Edmund Dare",cole.thalia@example.org,Lamarland,35,2021-12-01
"Jessika Hackett",stanton.johnston@example.net,Gleasonborough,28,1972-02-11
"Randal Denesik",wayne07@example.net,"East Jany",38,2019-12-11
"Prof. Geo Zemlak DVM",fjacobi@example.net,"West Nola",31,1971-04-17
"Jedidiah Abbott",pkozey@example.com,Carterbury,28,1997-09-26
"Monserrat Harris",xhoppe@example.net,"Port Heloise",31,2011-03-18
"Madelyn Schmeler",iolson@example.net,Weimannside,42,1991-09-30
"Chadd Doyle I",mitchell.douglas@example.com,Boganhaven,34,1978-08-11
"Mrs. Laurie Deckow V",stephen42@example.net,"Lake Alene",69,1999-12-06
"Mr. Morris Pollich Jr.",stark.jadyn@example.com,Maureenborough,68,2014-06-05
"Selmer Kovacek",gregorio06@example.org,"North Annaliseport",30,2004-06-20
"Helmer Hayes I",melany89@example.com,Justinemouth,36,1974-08-20
"Daron Wisoky V",hill.lindsey@example.org,"East Aniya",56,2024-03-02
"Mrs. Aditya Goldner IV",qrath@example.com,Robinmouth,48,2005-11-30
"Easter Collier",shields.noelia@example.org,"East Kellieshire",48,2002-01-14
"Dr. Joanny Dickens",cyril.bins@example.net,Schimmelfurt,54,1990-04-13
"Sidney Barrows",otha36@example.com,"West Virgil",41,1990-10-31
"Max Howe",vstoltenberg@example.org,Quitzonport,60,2015-06-09
"Buck Pacocha",daphne49@example.com,"North Bette",69,2001-02-27
"Leonie Dickens",wwillms@example.org,"West Horacioland",75,1995-04-22
"Nicklaus Gerlach",dianna04@example.org,"East Providencichester",22,1985-12-28
"Felicia Corwin",isom86@example.com,Swaniawskiside,74,1998-04-17
"Ruth Bahringer II",herzog.cassandre@example.net,Helmerfurt,85,1994-05-03
"Kacie Gutmann",ebradtke@example.net,Crawfordborough,57,2003-04-01
"Myrna Kohler V",mose.rempel@example.com,"South Charlotte",42,1988-08-04
"Prof. Maxwell Metz",jazmin.lakin@example.org,Schambergerbury,74,1997-11-03
"Dr. Kyleigh Trantow II",derek05@example.org,Binsborough,40,2003-03-17
"Deondre Quitzon",von.randy@example.org,Kirlinland,20,2002-09-07
"Adrain Hamill",boehm.karine@example.org,Herbertfort,32,1993-12-23
"Tate Gerhold",mills.arnold@example.com,"West Rosebury",71,2022-05-03
"Mike Lubowitz",cronin.jamel@example.org,"North Brockfort",57,2005-04-01
"Anita Kunze",hhessel@example.org,Beattyhaven,41,1982-04-21
"Wilfrid Boyle",jreichert@example.net,"North Dusty",29,1991-08-03
"Rickie McKenzie",monte12@example.com,"South Desmondstad",48,1992-07-04
"Bethel Crona PhD",will.cielo@example.com,Hansbury,72,1980-08-26
"Johan Kiehn",davion.sipes@example.org,Marcoston,57,1988-11-07
"Arjun Abshire",bwhite@example.net,"Port Logan",46,2024-12-25
"Giovanna Donnelly MD",skulas@example.com,"Lake Vivaburgh",73,1987-11-21
"Lolita Walsh",ayden.mckenzie@example.com,Laishafurt,77,2010-04-12
"Annabell Nienow",ralph45@example.net,"Lake Ocie",23,1989-08-15
"Samir Haley",hans11@example.com,Gardnertown,19,1971-05-24
"Russ Bahringer",sgleichner@example.com,"East Oda",82,2018-08-10
"Elvis Grady",lamont.mayert@example.net,Minnieburgh,49,1998-06-20
"Mr. Deshaun Reynolds",bthompson@example.org,"East Rosalee",64,2010-02-23
"Adell Mante",jean03@example.org,"Lake Darron",41,2002-01-09
"Jordi Robel",stamm.arlie@example.com,Adamsstad,62,1981-04-29
"Robbie Jakubowski",jrohan@example.org,"North Hailey",75,2001-02-03
"Micah Casper",runolfsdottir.leda@example.com,Lucymouth,48,2021-03-11
"Arjun Jast",roberts.verona@example.net,Milliechester,77,1986-02-27
"Ulises Veum",janiya15@example.org,"New Joanne",62,2023-10-13
"Prof. Zachariah Hickle",weimann.nedra@example.org,Lueilwitzbury,76,1991-12-26
"Prof. Christop Schinner V",fabian57@example.net,"Port Benedictborough",69,1970-09-11
"Mrs. Lily Franecki",heber65@example.org,"East Alphonsoland",23,2022-05-29
"Prof. River Treutel DDS",grady71@example.net,"East Albertville",66,1992-08-06
"Ms. Josefa Gorczany",koepp.rebeka@example.com,Fletcherside,21,1982-09-20
"Gaetano Lemke",shayna.hansen@example.net,"West Kathleen",71,1970-12-25
"Kaitlin Wehner",christy.homenick@example.org,Samirfurt,18,1978-01-27
"Kenyon Schneider Sr.",preynolds@example.org,"Lake Savannamouth",53,1982-03-04
"Betty Schaden",cullrich@example.com,"Lake Alessiafurt",68,1990-03-17
"Clint Fisher IV",goldner.lourdes@example.net,Oberbrunnermouth,68,1983-06-29
"Lavonne McGlynn",keeling.daniella@example.com,Wilkinsonview,82,2017-11-10
"Rocio Kertzmann DVM",gkonopelski@example.org,Bergeport,79,1989-10-29
"Liliane Senger",zprice@example.net,"North Shemar",31,1991-11-18
"Melisa Lind",clay.marks@example.org,"Lake Broderickborough",61,1976-12-04
"April Daniel",leffler.brianne@example.org,"Lake Ulicesberg",75,1999-07-25
"Mya Heaney",ransom.simonis@example.com,Aracelyville,53,2005-01-06
"Prof. Richie Smith DDS",ckling@example.org,"East Nicolette",23,2010-10-07
"Arjun Reynolds PhD",monroe10@example.com,"New Meagan",56,1977-07-22
"Ms. Pearlie Hoppe",baby97@example.org,"Lake Dorris",84,2012-07-19
"Liana Murray",albina20@example.org,"New Aubrey",45,1985-10-16
"Roman Waters",bkemmer@example.org,"South Scotty",21,2018-10-10
"Ms. Dessie Marks V",botsford.lue@example.org,Lorenzaland,34,1985-12-12
"Abby Mante",eladio.lind@example.org,"North Mireya",54,1985-12-31
"Mrs. Jackie Gislason",cgutmann@example.com,"East Rosario",43,1996-08-17
"Ms. Cassandre White",mlockman@example.org,Kasandratown,40,1989-09-11
"Nakia Miller",victoria.bode@example.org,Binston,54,2000-09-17
"Zane Runolfsdottir",grimes.zack@example.net,Ubaldotown,76,1976-01-21
"Jamaal Rowe",vlesch@example.org,Hilpertside,47,1970-01-28
"Mr. Rashad Reichel",kbeier@example.net,Tiannaburgh,51,1995-08-29
"Janiya Langosh MD",maribel08@example.com,"Port Janelle",77,1994-11-24
"Rubye Pollich",vtoy@example.com,Jadaberg,62,1995-07-19
"Lonie Koepp",heathcote.roger@example.org,Kurttown,59,1986-11-30
"Ephraim Herzog",dkertzmann@example.net,Daltonmouth,18,1979-06-07
"Casimir Fritsch",jbatz@example.net,Hilmatown,42,1976-06-22
"Cheyenne Stracke",jennie.runolfsson@example.org,Isobelshire,71,2019-10-25
"Louie Altenwerth",thad53@example.org,Humbertomouth,27,1998-11-19
"Prof. Elvis Wisoky I",jamaal93@example.net,Padbergborough,34,1974-09-29
"Abagail Keeling",alisa.huel@example.net,"South Cathy",77,1982-01-29
"Allen Runolfsson",kamryn55@example.com,"New Jacquestown",41,2005-07-26
"Destany Tremblay DDS",mathias98@example.net,"Lake Joan",83,1989-03-17
"Alexander Bogisich",lilian55@example.com,"Lake Jackie",30,1973-02-25
"Roel Pacocha",gertrude20@example.net,Jarrodview,62,2016-07-11
"Miss Mabel Larson Jr.",teagan.hoeger@example.org,"South Blake",85,1982-01-18
"Tyrese Schaden Jr.",morissette.raymundo@example.net,Alyshaberg,42,2002-01-19
"Dr. Peter Fahey",corine79@example.org,"South Rosemarie",80,1992-01-14
"Hayden Kunde",reynolds.genesis@example.net,Franeckiburgh,40,1984-11-29
"Gertrude Oberbrunner",uherzog@example.net,"South Myrticeton",60,2015-07-20
"Prof. Telly Thiel IV",jan71@example.net,"South Kaiachester",73,1979-03-19
"Tabitha Altenwerth",tjerde@example.org,"Port Ashton",33,2001-05-28
"Athena Gutkowski IV",lbarrows@example.com,"Lake Mabelshire",28,2016-06-17
"Audreanne Oberbrunner",thowe@example.org,"Lake Danny",69,2019-10-07
"Magdalena Jones",smarvin@example.net,Annefurt,31,1983-01-06
"Holden Reinger",west.tamia@example.org,Myrnashire,77,2006-10-31
"Mrs. Alanis Flatley PhD",philip.lueilwitz@example.com,"New Rhianna",67,1974-02-26
"Claudine Wolff",rhianna66@example.org,Goldnerville,68,1979-04-01
"Fritz Christiansen MD",hobart76@example.org,"Port Kailee",56,2006-12-28
"Miss Eileen King PhD",wilkinson.kaya@example.net,Torpfort,30,2022-09-08
"Marielle McCullough",jarred24@example.com,Bennetthaven,40,2015-10-08
"Prof. Travis Moore DDS",angela87@example.org,Riceberg,60,2003-01-26
"Coleman Hahn",cathryn16@example.org,"East Joe",77,1990-09-21
"Kristofer Hauck",cole.roxanne@example.net,Littlemouth,57,1997-02-01
"Lester Schoen",lesch.dianna@example.net,Kirlinton,67,1982-08-28
"Alfred Littel I",mpouros@example.com,"North Roscoe",32,2007-10-20
"Carolyne Botsford III",tracey94@example.org,Rempelstad,69,1994-02-01
"Mr. Horace Sporer",kirlin.constance@example.com,"North Trevermouth",60,1983-01-04
"Dr. Coy Beier",denesik.don@example.com,Marquardtfurt,71,1982-01-13
"Brook Herzog",ritchie.eva@example.org,Coleburgh,46,1993-11-18
"Jovanny Nader DDS",nathan00@example.org,"West Agustinburgh",26,2013-04-10
"Zack Friesen III",rachel46@example.com,Blockberg,57,1999-08-16
"Miss Katarina Will",alverta46@example.net,"Lake Bonita",55,2016-10-12
"Lydia Rodriguez Sr.",blaise41@example.com,"North Nicholaus",36,1970-11-09
"Missouri Boyer",damore.emmett@example.org,Cleveton,27,2019-08-30
"Libby Bayer",lizzie.prohaska@example.net,Gislasonbury,84,2011-12-05
"Kiera Bashirian",little.hugh@example.com,Lorainestad,79,1986-06-17
"Mr. Christophe Goldner",edwardo88@example.com,"North Yvettehaven",83,2006-11-10
"Meda Johns",roscoe.kuhn@example.com,"Port Fletchermouth",56,2024-04-15
"Pink Waelchi",jayne76@example.org,Burdetteland,82,2022-11-24
"Wilma Pfannerstill",bailey.aleen@example.net,"South Lavinia",48,1990-12-28
"Prof. Kiarra Stiedemann DDS",boyer.richmond@example.com,"North Bradleytown",76,1980-06-19
"Jaida Kiehn III",greyson69@example.com,"West Alia",85,1978-05-01
"Godfrey Will",ike.greenfelder@example.net,"South Barbaraburgh",44,2022-05-18
"Zackery Witting",tweissnat@example.org,"East Hazleburgh",82,2007-07-24
"Dell Ankunding",yratke@example.net,Rennerport,19,1980-06-19
"Graham Abernathy",schamberger.josefina@example.org,Albertaberg,27,1989-02-08
"Jewell Kshlerin",bins.stephon@example.net,Averyton,70,1974-08-26
"Abe Muller",heidenreich.keith@example.net,Simonisfurt,54,1974-05-23
"Aiyana Volkman",klein.mireya@example.net,Lindside,35,1980-10-11
"Stephen Weimann",xwolf@example.com,"New Cielobury",63,1998-01-07
"Dr. Dedric Bednar II",era23@example.com,"Port Maurineburgh",72,1983-09-25
"Miss Elta Orn II",jamey.pouros@example.org,"North Andreannetown",57,2001-01-16
"Ryleigh Weissnat I",ubaldo33@example.com,DuBuqueland,43,1984-03-17
"Dr. Wyman Leuschke",oral.lebsack@example.com,Hahnberg,74,1972-08-16
"Roman Connelly",fdeckow@example.org,"North Thadborough",49,1990-01-26
"Joan Wolff",reynolds.enid@example.org,Ivorybury,30,1994-06-19
"Alexandro Wunsch",ddicki@example.net,Langfurt,32,1991-06-27
"Katlyn Sawayn",zondricka@example.net,"Lake Lionel",45,2021-11-22
"Dr. Verla Lindgren",hudson.kayley@example.org,McClurehaven,38,2015-12-19
"Lionel Ernser",considine.germaine@example.com,Adanhaven,52,1986-11-19
"Charlotte McKenzie",rosemary89@example.net,"East Kallieport",65,2018-08-31
"Augusta Satterfield",evelyn15@example.net,Mariannashire,45,2014-09-04
"Rubie Waters DVM",wanda22@example.org,Stoltenbergborough,46,2012-05-30
"Dr. Kole Windler",mcclure.malika@example.net,"South Turnermouth",84,2002-11-20
"Roberta Roob",brandyn.kassulke@example.com,"Port Karli",62,1986-02-05
"Triston Wisoky",klang@example.net,"Port Carissaview",24,1992-04-10
"Aiyana McGlynn",iveum@example.com,"Lake Rubieport",57,2001-03-14
"Thea Murazik",ari95@example.org,"South Rosemarie",80,2012-08-14
"Flavio McLaughlin",kristy38@example.org,Naderberg,68,2017-01-30
"Flavie Gleason",graciela88@example.com,"Lake Reymundo",76,2008-01-31
"Kennedi Mohr",heffertz@example.com,"New Wendellbury",25,1999-02-10
"Dr. Eleanora Daugherty MD",morgan40@example.com,"Port Zechariahmouth",47,1977-12-04
"Piper Reinger",alycia51@example.com,Runolfssonbury,79,2018-05-07
"Chauncey Bashirian",kuhic.olaf@example.net,"East Donstad",83,1975-12-09
"Eudora Schimmel",dickinson.zane@example.org,"North Bufordbury",77,1970-11-20
"Gabriel Bergstrom",hoppe.jammie@example.org,"East Donaldmouth",80,1970-11-04
"Clovis Raynor",dwest@example.com,Jessicabury,26,2021-12-20
"Mr. Bennie Hoeger IV",erna26@example.com,Leonfort,21,2008-02-27
"Prof. Herman Thiel",strosin.libby@example.net,Anissastad,18,2003-08-07
"Alta Rice",samara.gulgowski@example.net,Marshallstad,29,2009-10-25
"Prof. Hazle Boyle",willow82@example.com,Lorenzaview,84,1973-04-06
"Brandt Blanda",nikolaus.damon@example.org,Vincemouth,22,1986-07-08
"Reina Tillman",roslyn.pouros@example.net,"Port Zechariahmouth",33,1999-02-28
"Mrs. Hailie McKenzie",qschamberger@example.net,"New Buford",71,1996-03-27
"Mrs. Janie Jones",schuppe.caleb@example.net,"Port Santiago",45,1981-08-12
"Jaydon Thiel",jarret.lind@example.net,Rueckerbury,30,1971-10-06
"Hoyt Moore",brekke.pietro@example.net,"New Ward",70,2008-06-04
"Chauncey Littel",wuckert.may@example.org,"North Graceville",52,1971-03-09
"Kyle Schmitt",ihahn@example.net,Stoltenbergberg,41,1991-08-22
"Raleigh Lebsack",nader.elijah@example.org,"South Shanie",36,1997-01-18
"Irwin Hilpert",sigrid93@example.org,Emileton,62,2019-12-31
"Marielle Nikolaus",jesse.medhurst@example.com,"North Hershelchester",50,1986-02-03
"Verner Waelchi",mwalsh@example.com,"New Trevermouth",79,2008-04-23
"Prof. Bertrand Hartmann",brooke.daniel@example.org,"East Ella",71,2004-10-04
"Mrs. Cecilia Mante",boyle.gloria@example.org,Dickinsonmouth,29,1984-10-17
"Maxime Marquardt",labadie.chester@example.org,"East Brennan",65,1995-03-01
"Lyda Veum",cara.spinka@example.com,Schambergerville,33,1974-03-11
"Prof. Micheal Conroy III",nathaniel.reinger@example.com,Klockoport,29,2022-09-09
"Kaley Homenick",davon.cormier@example.net,Bruenside,22,2012-07-09
"Palma Dicki DDS",npouros@example.com,Hoppeton,84,1980-09-26
"Mr. Conner Harris V",nikita68@example.com,Walkerborough,64,1977-01-25
"Pascale Fadel I",carter.dessie@example.net,Paulhaven,70,1997-03-10
"Gladys Barton IV",nmarks@example.net,"New Generalchester",63,1995-11-25
"Hosea Hickle I",hintz.newton@example.com,"Port Collinfort",82,2003-04-13
"Dr. Ashleigh Funk",conn.andreane@example.com,"New Chris",54,2023-09-14
"Modesta Boyer",jessyca66@example.com,Athenaview,60,2005-04-21
"Christ Conn",coty29@example.org,"New Philip",81,2020-09-03
"Berenice Stamm",ricky.jerde@example.net,"New Granville",84,1987-12-12
"Alverta Greenfelder",vena.kertzmann@example.com,"South Janessa",37,2005-05-19
"Haskell Schoen",green.jaclyn@example.net,Schimmelhaven,21,1976-07-29
"Marianne Heller",velva90@example.net,"South Maryjanestad",27,2006-03-15
"Hal Jacobs",dbraun@example.com,Verdieville,78,2016-05-05
"Dr. Rollin Hauck DDS",lubowitz.bryon@example.org,"New Ricoton",85,1985-02-18
"Brigitte Hegmann",welch.kadin@example.org,"North Emmie",67,1993-10-04
"Norma Langosh DVM",maggio.hosea@example.org,Emilyfurt,78,1995-12-16
"Garnet Pollich",cindy.rau@example.org,Alfville,84,2019-03-31
"Ellis Kovacek",eudora45@example.org,"Port Rickey",19,1982-05-10
"Chelsie Fadel",mohammed.terry@example.org,"North Hettie",63,2017-04-04
"Ms. Annie Deckow PhD",hodkiewicz.issac@example.net,Runolfsdottirton,49,1972-10-28
"Madelynn Hudson",lesch.emilia@example.org,Leramouth,77,2006-04-08
"Mrs. Magnolia Green PhD",amira16@example.net,"Port Katlynn",61,2015-07-21
"Finn Kris",katlynn.blick@example.net,Larkinside,42,2023-05-24
"Nannie Schuster DVM",demond.funk@example.net,Vernaton,58,2017-12-12
"Ms. Frances Crona",leonardo64@example.org,Funkside,82,1997-06-21
"Letha Hodkiewicz",greenfelder.vidal@example.net,Boylefurt,32,2014-03-26
"Dr. Genevieve Hamill",sim.reilly@example.net,Pfefferstad,49,2000-04-27
"Kennedy Williamson",meggie.carroll@example.com,"Port Verlaborough",35,2001-08-08
"Adam Jaskolski",devon.sanford@example.org,Greenfelderside,44,1974-05-18
"Miss Edna Romaguera",marie44@example.net,"North Pansyfurt",79,2011-02-13
"Gloria Brown",freeda78@example.net,"Lake Freeman",63,2002-11-16
"Ellie Kerluke",madelynn87@example.net,Ferminhaven,81,1979-03-01
"Prof. Pasquale Russel",wilderman.zelda@example.net,"New Matildeshire",50,2012-09-13
"Dr. Sydney Botsford",ygraham@example.org,Pacochafurt,30,2015-01-09
"Jacinthe DuBuque",jerome.bartell@example.net,Connellyberg,71,2016-08-26
"Dovie White",brakus.elliott@example.org,Caylatown,68,1978-08-28
"Prof. Rita Kertzmann",alyce.kutch@example.com,"East Ryan",81,1978-07-01
"Claud O'Conner",lilyan.gutmann@example.org,Connberg,32,1985-08-22
"Mitchell O'Hara",wilkinson.nathanael@example.net,"South Damianview",56,2021-05-13
"Tom Reynolds",dewitt.emard@example.net,Christiansenburgh,76,1982-04-29
"Chesley Abbott",yspinka@example.com,Rippinton,51,1988-10-09
"Nathen Schaefer III",jaylin.braun@example.org,"New Leda",65,1996-02-29
"Shemar Casper",xschmitt@example.com,Robertschester,23,2023-12-03
"Noelia Bode",homenick.mavis@example.com,"North Veldamouth",57,2024-07-09
"Duncan Harris",tate36@example.net,Ivyburgh,40,2009-02-01
"Marlen Beer IV",agoyette@example.org,"East Francescatown",22,2011-03-27
"Prof. Gennaro Ferry III",iroob@example.org,"New Bertramland",25,2024-06-18
"Cullen Berge",fay.beatty@example.net,"South Dolly",79,2016-09-27
"Ashlee Franecki",btoy@example.net,Bessiemouth,38,1998-12-26
"Aurore Hodkiewicz",tyrese85@example.com,Parkerfurt,77,1975-05-01
"Winnifred Skiles",aconn@example.com,"South Maureentown",47,1995-12-20
"Prof. Austyn Witting Sr.",ezboncak@example.com,"Port Laurabury",71,1972-03-04
"Miss Bethel Kuhic Jr.",jessica71@example.net,Oberbrunnertown,22,2004-05-14
"Amaya Hermann",ohara.dagmar@example.net,"East Camilaland",74,2018-03-10
"Kale Stehr",boehm.julianne@example.org,Opheliatown,18,2005-05-25
"Dr. Mertie Schinner",zabshire@example.com,"North Della",43,2007-11-22
"Reanna Boyle",pzboncak@example.org,Troymouth,20,2021-05-20
"Davion Streich DVM",dewitt10@example.org,Kayleehaven,66,1970-08-21
"Miss Daniella Monahan II",jess.veum@example.com,Archibaldton,34,1973-07-24
"Abdul Mueller",raven.king@example.net,"East Bernadine",61,1993-11-06
"Kayley Batz",jermey44@example.net,"East Jaydonfort",64,1984-06-08
"Zachery Beer",kunze.brionna@example.org,"Port Arvilla",25,1977-06-16
"Nelle Batz",kuvalis.llewellyn@example.net,"West Krystel",61,1977-09-12
"Prof. Carson Gutkowski",casper.felicity@example.net,Jermaineburgh,32,2006-07-16
"Daron Paucek",meda19@example.com,"North Vidal",66,1971-05-11
"Lulu Paucek II",daniel.vivienne@example.net,"New Jazminview",30,2009-07-27
"Mrs. Santina Predovic",fconn@example.com,Ileneland,63,1980-09-03
"Mr. Judson Boyle I",pschneider@example.com,Kuphalview,50,2002-09-05
"Prof. Jensen Feest",eloise.beier@example.com,"Lake Gerry",64,1976-02-22
"Paolo Kessler",littel.ansel@example.org,"North Nettie",43,1984-01-21
"Zachariah Tromp",fmante@example.org,Homenickside,26,1991-01-15
"Linwood Batz",carroll.jaunita@example.org,Gabrielleton,38,1976-02-23
"Kassandra Reichel",brando.krajcik@example.com,"North Noah",65,1978-08-31
"Miss Alexane Trantow",lauren49@example.com,"South Barryville",29,1983-08-25
"Josie Kohler",tracey.bayer@example.net,"Lake Edwardo",66,2014-01-05
"Dr. Jovan Kihn Sr.",brandy57@example.net,Jazminfort,20,2006-09-18
"Annamarie Thiel",dennis79@example.org,Gerlachshire,66,2003-09-24
"Daija Ernser",sprosacco@example.net,"New Bettie",84,2021-11-04
"Edyth Reichel",labadie.adelbert@example.org,Kochhaven,74,2014-07-21
"Lenny Murray II",bethany.schiller@example.org,"North Kristofertown",21,1986-08-28
"Prof. Bridie Simonis DVM",kamron34@example.com,"Lake Edwardohaven",46,1992-09-15
"Mr. Rodrigo Kertzmann",qschuppe@example.net,Otiliahaven,51,2016-12-26
"Carmela Beatty",demetris.hodkiewicz@example.com,"Lake Nikolas",35,1992-07-06
"Adriana Bartoletti",mckenzie.gottlieb@example.com,"North Jada",30,2020-10-14
"Miss Berenice Bashirian",ruecker.kolby@example.com,Dibbertport,78,1982-05-07
"Prof. Reanna Boyer",bfahey@example.net,"West Kaelynshire",77,2021-08-31
"Ansley Stanton",aoberbrunner@example.org,"Port Kiara",24,2002-11-04
"Darrell McDermott",bogisich.isidro@example.com,Breitenbergtown,47,1971-05-01
"Effie Keeling",hegmann.delphine@example.com,"New Calefurt",78,1997-03-05
"Maida Bruen",glen18@example.org,"Port Ameliaborough",39,2001-03-11
"Miss Macie Altenwerth PhD",roosevelt89@example.com,Leoborough,76,1986-03-04
"Dr. Emmy Lind",dreichert@example.com,Wolffort,39,1998-08-02
"Lorine Legros",orempel@example.org,"East Sid",38,2015-01-22
"Joan Reichel",oreilly@example.com,"North Dallaston",40,1975-12-16
"Mazie Walsh",dstrosin@example.com,Boyerland,80,2004-05-08
"Dr. Freeman Hills DDS",jsawayn@example.com,O'Konbury,73,2011-03-15
"Kali Kertzmann",katarina.moore@example.net,"North Landentown",73,2008-05-15
"Verlie Anderson",lemke.seth@example.net,Pfeffermouth,56,2012-09-02
"Mike Stiedemann",mdamore@example.net,"New Yasmine",23,2002-10-01
"Electa Spinka",ryder40@example.org,"North Beatricestad",70,1972-07-19
"Lisandro Funk",skertzmann@example.com,Brookmouth,70,2001-11-16
"Mackenzie Huel",caitlyn21@example.net,Thompsonville,66,1980-02-22
"Ms. Jennie Goyette MD",torphy.jaquelin@example.org,"North Heath",53,2018-04-28
"Lazaro Ondricka",keebler.krystina@example.net,"South Aidanside",47,1985-07-04
"Russ Davis",keeling.ottilie@example.net,Windlershire,78,2014-08-20
"Alexandrea Champlin",caitlyn97@example.com,"New Kayleyland",28,2017-06-03
"Haylie Johnston Jr.",angela.block@example.com,"East Nasir",81,1992-07-24
"Pattie Williamson Jr.",dewayne.bogan@example.org,"West Sonya",59,1970-01-12
"Dr. Jack Goyette",yeichmann@example.com,"New Jayson",72,1979-11-11
"Karl Kiehn",bergstrom.malachi@example.net,"North Jakaylachester",39,2017-09-08
"Mr. Bennie Bednar MD",lind.harmon@example.org,Jacobsland,68,1988-02-12
"Mr. Godfrey Olson II",edd.adams@example.com,Kingbury,28,1993-12-21
"Wilfredo Bins",twillms@example.com,Stehrmouth,75,1987-08-21
"Jerel Schultz",mbergnaum@example.org,"North Joan",51,1992-06-09
"Verda Heidenreich",etha.batz@example.org,"Lake Bernardo",28,1996-06-18
"Prof. Brayan Marquardt DDS",sid.ratke@example.com,"Port Lowellland",50,1975-08-23
"Mr. Lyric Dare III",swalsh@example.net,"Port Oceaneshire",84,2019-04-23
"Prof. Tess Roob",qluettgen@example.net,"South Ashleigh",24,1997-06-29
"Arnaldo Kuvalis",brielle.thiel@example.org,"West Solonside",38,1983-03-14
"Kameron Williamson IV",ankunding.breanne@example.org,"New Alessia",76,2006-04-10
"Mac Murazik",reichel.xander@example.net,Hammeshaven,22,1975-05-27
"Prof. Jayden Kihn",hfeest@example.com,"South Elody",49,1974-02-08
"Kraig Beier Jr.",jsauer@example.com,"East Baronstad",30,1989-04-12
"Flavie Welch",oruecker@example.org,Nienowborough,21,1973-03-10
"Prof. Daryl Hilpert MD",windler.griffin@example.net,"West Julia",54,1994-02-01
"Ms. Kaylah Franecki",merritt.gerhold@example.com,"South Marian",35,1983-10-27
"Milton Jacobi Jr.",medhurst.mabel@example.org,"East Caleb",27,1971-11-02
"Janick Hintz",sipes.chaim@example.org,Kleinmouth,68,2022-05-07
"Justus Lang",stehr.leonie@example.org,Andreanneview,80,1994-08-20
"Trenton Kerluke II",heloise.bahringer@example.net,Hammesfort,66,1970-05-26
"Chad Ebert",freda.tillman@example.org,"South Hellen",50,1988-12-20
"Floyd Jones",rita57@example.net,"West Wendy",63,2004-05-16
"Ms. Frederique Blanda DDS",francesca.hegmann@example.com,Bartonside,71,2012-12-16
"Miss Kristin Berge",morar.dino@example.org,"Lake Percivalmouth",63,1986-03-05
"Marina Bartoletti",krippin@example.net,"Port Jacinthe",74,1972-09-24
"Johathan Nader",godfrey65@example.com,Shawnaview,39,1976-01-26
"Ms. Arvilla Emard",fmedhurst@example.net,"West Vicente",47,2003-04-05
"Shanel Hauck",stephan02@example.net,Huelhaven,68,1982-08-05
"Prof. Maddison Schimmel",ernser.icie@example.net,"South Jaymeview",54,2000-06-13
"Mrs. Hattie Marks III",raynor.isabel@example.org,"East Gabriellafort",64,2003-08-01
"Prof. Hulda Abernathy Jr.",kolby.jacobson@example.net,"North Jordiport",45,2001-01-12
"Prof. Erna Herman",raul07@example.org,"West Otto",51,2000-08-13
"Luella Welch",hassie46@example.com,Jakeside,83,1996-06-04
"Dr. Jermey Schroeder",hoberbrunner@example.com,Grantshire,80,1976-03-15
"Dr. Maximilian Hirthe II",brice@example.net,Veronicahaven,23,2004-11-21
"Mr. Ed Tremblay III",wconn@example.org,"Lake Lucianostad",20,1977-06-26
"Liliane Torphy",stanford.jacobi@example.net,Hilpertland,48,2002-11-04
"Prof. Briana Windler",padberg.felicity@example.net,Gibsonshire,44,2014-11-03
"Gisselle Pfeffer I",newton73@example.com,"West Lelia",74,2008-04-29
"Miss Genoveva Waters",henriette.hansen@example.net,"South Damaris",25,2012-06-17
"Randi Waters MD",ulind@example.org,"Lake Merle",39,1983-08-01
"Prof. Lora Fay",schroeder.garrick@example.net,Marquardtton,33,2023-08-28
"Marcelino Grimes",conroy.ora@example.net,"East Gardnerstad",33,2019-06-05
"Gladyce Huels",jakayla54@example.com,Emilianomouth,52,2022-09-09
"Judd Koch MD",shania66@example.com,Morissetteberg,47,1994-04-23
"Celestino Ledner",mittie.luettgen@example.com,"Port Gennaro",41,1988-10-19
"Mr. Dillan Tromp",ohara.brendon@example.net,Jamelberg,18,2018-07-29
"Rey Friesen",brown.elenora@example.org,"Port Hillardmouth",33,1987-10-07
"Aliza Koepp",salvador68@example.org,"Port Amir",60,1996-03-21
"Prof. Brennon Altenwerth",graham.king@example.net,Altenwerthmouth,62,2018-04-30
"Ola Batz",wisozk.aurore@example.org,"New Benedictmouth",45,1994-08-19
"Lyla Marks",louie68@example.com,Lucychester,32,2005-12-03
"Vita Lehner III",zgleichner@example.com,Thoraton,78,1984-09-15
"Dr. Bennett Glover",igulgowski@example.net,"Lake Kelvinmouth",82,1975-04-26
"Anastacio Schaefer",gschoen@example.org,Boganbury,24,1971-08-14
"Ernestina Kub Sr.",leora.fahey@example.org,"East Ewell",47,1983-03-24
"Dr. Juvenal Simonis",blanda.golda@example.org,Juwanville,68,2015-01-07
"Uriel Franecki IV",axel.mertz@example.net,"South Nakiachester",63,2006-06-23
"Bruce White",thelma.hintz@example.org,"New Bettye",41,1994-03-14
"Prof. Dahlia Mraz",jewell.cronin@example.net,Verliefort,28,1972-09-17
"Noemi Gleason",zkeebler@example.net,Weimannberg,81,2003-04-23
"Osvaldo Harber II",cecil.mcdermott@example.org,Genesischester,65,1976-05-27
"Ms. Eleanore Kris MD",tgrady@example.com,Flatleyside,77,1975-01-03
"Arno Durgan",ylarkin@example.net,Loweberg,36,2008-08-04
"Rafaela Baumbach",sterling32@example.org,Heidenreichburgh,38,1984-04-19
"Mr. Porter Renner",murphy.florencio@example.net,Osinskiville,77,1984-02-06
"Damaris Pfeffer Jr.",ulesch@example.org,Dibbertshire,74,2014-06-05
"Presley Corwin",robin.kuvalis@example.org,Cheyanneshire,67,2002-06-03
"Fredy Wunsch",bernardo.grant@example.net,"North Joshuahville",81,1984-11-18
"Shaun Schaden",alvis.tromp@example.com,Macejkovicbury,25,2009-12-28
"Olga Bednar",green.liam@example.net,"North Kieranbury",58,2010-06-21
"Miss Berenice Nader",alan84@example.org,"West Kailynburgh",80,2014-12-21
"Lue Skiles",chickle@example.com,Kertzmannland,54,2023-02-27
"Willis Schuster Sr.",murphy.cummerata@example.net,Suzannestad,42,2004-06-14
"Sallie Dibbert",jreynolds@example.com,Swaniawskishire,77,1988-01-26
"Brycen Legros",ffriesen@example.net,Joannyfurt,53,1973-05-22
"Joan Larkin",laisha29@example.com,"East Morris",51,2006-03-17
"Miss May Wyman DDS",malinda21@example.com,"Lake Bria",51,1980-07-22
"Ms. Lucile Lubowitz PhD",frami.frieda@example.com,Alexandreaville,44,2023-11-07
"Shanon Fritsch",lwisozk@example.org,Farrellmouth,31,1971-11-12
"Prof. Jeff Rice",jamel74@example.com,Reyfort,49,2009-11-25
"Adrien Thiel",rowena98@example.org,Muellerchester,56,1981-07-07
"Mr. Horace Beahan IV",kuvalis.stefan@example.net,"New Raul",81,2019-05-10
"Magdalen Feeney",leola.schneider@example.com,"East Adell",44,1980-12-13
"Zion Casper",bashirian.alyson@example.com,Marleneville,81,1974-05-07
"Hester Grant",alfonso12@example.net,"East Carson",22,1984-12-07
"Ole Kris",gottlieb.mac@example.net,"Lake Zoila",35,2006-10-29
"Jalon Ward",wgleason@example.org,"West Edmondside",43,1984-11-10
"Prof. Winston Rippin",wmacejkovic@example.net,"East Selena",70,2014-11-25
"Miss Rebecca Will PhD",joe.jenkins@example.net,Clayhaven,47,1994-10-15
"Vincent Brown Sr.",mante.simone@example.org,Fanniefurt,53,2015-05-10
"Derrick Schiller",coconner@example.org,Florencioshire,34,2006-06-04
"Jovan Treutel",romaine.dubuque@example.com,"West Gail",47,1978-12-14
"Percival Nienow",ipaucek@example.net,Axelchester,79,2017-01-01
"Mariano Hudson",wrodriguez@example.net,"Lake Koreyland",37,1983-05-04
"Prof. Ambrose Satterfield",beahan.whitney@example.com,Roeltown,74,1999-05-07
"Prof. Kayla Harber III",elyse.wolf@example.net,Windlershire,27,2021-08-18
"Prof. Jacquelyn Ortiz Jr.",acummerata@example.org,Kingport,38,2021-04-24
"Katrina Brekke Jr.",aaltenwerth@example.org,Harberborough,68,1984-01-15
"Sherman Wehner",nicola.skiles@example.net,"East Madilyn",54,1981-05-08
"Dr. Jules Muller V",lehner.scot@example.org,Georgeberg,45,1992-11-10
"Sylvia Aufderhar",bergstrom.elna@example.net,"East Gerhard",26,1988-08-11
"Ms. Amya West",myrna62@example.net,Letahaven,76,2003-07-10
"Palma Koepp",rippin.lorine@example.com,"New Ari",65,2021-11-28
"Miss Lauryn Ernser Jr.",mohara@example.com,Watsicaburgh,48,2005-09-19
"Prof. Melvina Schaden Sr.",jonathon.towne@example.org,"New Lornaside",28,2011-07-11
"Andres Price",satterfield.vivienne@example.com,Langoshview,67,1976-03-29
"Dusty Schiller",mona.larkin@example.net,"Lake Rosario",46,1972-08-13
"Dr. Brittany Runte",oconnell.deonte@example.com,"North Ameliemouth",54,2003-10-13
"Gia Block",leanne.berge@example.net,"Port Myriam",64,1985-12-03
"Colten Flatley DDS",wrau@example.com,"East Margarettfurt",57,2010-10-31
"Prof. Rosanna Stracke III",rmaggio@example.com,"West Cathrynborough",85,1994-04-10
"Rosamond Roberts",shields.bill@example.net,Ianfurt,76,1984-08-08
"Adriana Balistreri",ndickinson@example.com,"Port Blairside",38,1976-12-01
"Miss Marta Pfeffer IV",esther43@example.com,Brakusborough,34,1995-05-09
"Leann Rau",curtis41@example.org,Keonfort,30,2020-01-08
"Rosendo Cassin",cquitzon@example.org,"East Rethaburgh",36,2013-07-02
"Wava Greenfelder",xlarson@example.net,"West Monserratshire",50,1980-11-13
"Mrs. Karolann Boyle",huels.dannie@example.net,"Port Verdieville",53,2006-05-03
"Shea Pfannerstill",dax.koelpin@example.org,Krystalfurt,38,2004-10-22
"Genoveva Gibson IV",sophia75@example.net,Tayaside,68,2014-12-16
"Jorge Wehner PhD",clinton61@example.org,"Port Antonio",28,2001-03-02
"Milo Greenholt",pasquale.langosh@example.net,Schambergerchester,33,1975-10-25
"Wilson Orn DVM",qarmstrong@example.org,"South Raquel",57,1996-11-28
"Lurline Klein",estevan32@example.com,"Lake Maiaview",32,2023-04-20
"Derick Reinger",mozelle83@example.org,Croninville,77,1975-06-18
"Isai Sanford",rogahn.blanche@example.net,Marisoltown,19,2022-05-22
"Iliana Leffler",bleannon@example.com,Hillchester,55,1990-11-29
"Ms. Onie Gusikowski",leffler.marilou@example.net,"North Daxburgh",36,2019-04-29
"Mathias Pouros",asipes@example.com,"Port Georgiana",31,2003-03-04
"Lucius Kilback",luettgen.sophia@example.net,Arnoldofort,79,1989-11-06
"Zander McClure",roberts.devante@example.com,Eldachester,28,2012-03-06
"Emilia Smitham",gutmann.ursula@example.com,Eunicebury,68,1985-06-25
"Reid Kutch",steuber.jayda@example.net,"Port Rosellaville",26,1974-05-13
"Patrick Block",whyatt@example.com,Sawaynburgh,66,1984-09-19
"Kathryn Hartmann",collier.zelma@example.net,Dachville,41,2007-04-24
"Dr. Ocie Morissette",libbie96@example.com,"East Ezequielville",21,1973-02-12
"Earl Yost",donald53@example.com,Litteltown,58,2003-07-08
"Moshe Gislason",djakubowski@example.net,"Port Adela",35,2009-09-21
"Prof. Joan McClure",sylvia91@example.com,Reillyborough,27,1995-11-11
"Lilliana Larkin",kankunding@example.net,"Lake Lucy",52,2011-02-01
"Alphonso Swaniawski",corine.von@example.net,"West Terence",60,1994-10-16
"Stefan Volkman",loraine.wisoky@example.net,"Port Waylon",39,1975-12-29
"Stuart Prosacco IV",rstroman@example.org,Beahanburgh,36,1988-01-13
"Harmon Deckow",rosalinda33@example.com,Dominiqueberg,62,2014-06-03
"Elroy Morissette IV",kassulke.jamey@example.net,"Lake Keelystad",37,1992-06-03
"Tanner Wiza",gjenkins@example.net,"Port Pasqualeville",78,2020-11-10
"Alden Rohan",mrunte@example.net,"North Marianview",33,1981-05-14
"Destiney Brown",sfriesen@example.com,"Lake Franciscahaven",28,2014-12-14
"Dr. Kari McCullough IV",bernardo.purdy@example.org,Andyside,28,1998-04-05
"Miss Kathryne Barrows Jr.",marcia.nitzsche@example.com,Eulachester,27,2009-12-16
"Lea Schmidt DVM",lang.amelie@example.com,Wunschchester,52,1976-07-18
"Logan Keeling",elyse71@example.com,"Port Mosesshire",60,1976-09-06
"Buford Boehm",skuhic@example.com,"Port Beau",85,1995-05-21
"Dr. Santina Veum III",kendra.stracke@example.com,Cronaberg,78,1976-06-16
"Clemens Blanda V",maurine.kuvalis@example.net,"Lake Tyshawnborough",21,1986-04-02
"Prof. Devonte Pacocha",auer.carlos@example.com,Colliermouth,26,2004-11-14
"Claud Kihn",ava65@example.org,Sigurdfort,56,1998-09-23
"Prof. Garret Weissnat II",yvonne.mante@example.com,"East Dell",82,2006-06-13
"Piper Murazik",kub.margaretta@example.org,"East Kacimouth",75,2008-09-02
"Miss Lelah Feest IV",evie46@example.net,"New Treverhaven",35,1982-10-18
"Hank Bergnaum",zola.lowe@example.net,"North Maymiestad",54,2008-04-04
"Adelbert Wunsch",zroob@example.net,Ricestad,28,2007-09-11
"Miss Charity Jaskolski Jr.",kuhn.kris@example.com,"West Jasenhaven",79,1984-07-21
"Wilbert Stokes",bianka.gusikowski@example.net,Haroldport,63,2005-05-01
"Grace Streich",marilou.zulauf@example.net,Macejkovicborough,28,2023-05-02
"Prof. Meghan Mante I",conn.ryder@example.net,"South Shemar",51,1981-12-01
"Ms. Pansy Daniel Jr.",erdman.juanita@example.org,"North Javierville",33,1998-10-31
"Mohammed Harber",tamia.torphy@example.net,"North Seamusville",35,2024-04-21
"Alexis Wisozk",jillian.sanford@example.com,"South Richiefort",50,1970-03-07
"Margarett Russel",kitty.streich@example.org,Handton,59,1999-11-10
"Jude Grant",rowe.quincy@example.com,"North Maidafort",74,2005-11-28
"Haskell Howell PhD",haag.ophelia@example.com,Guillermoshire,48,1982-08-31
"Jessica Yost",kemmer.julianne@example.org,"New Remingtonshire",78,1977-07-19
"Miss Bailee McKenzie",porter03@example.com,"Port Samantha",60,1987-10-20
"Hannah Crist",helena.jones@example.org,"New Marianoside",65,1997-09-12
"Pablo Lindgren",gabriel06@example.org,Chaunceyside,53,2019-03-18
"Misael Collier",ryan.gideon@example.org,Mohamedfort,21,2014-05-28
"Einar Conroy",morissette.garfield@example.net,"North Domingo",35,1981-12-28
"Lucious Zemlak",omari17@example.com,Madisynburgh,60,1982-02-17
"Prof. Malcolm Hand",anderson.brennon@example.com,"West Beryl",78,1989-01-01
"Prof. Mason Hansen MD",ebecker@example.com,Lillystad,50,2015-05-20
"Jerel Jacobi IV",doug08@example.net,Leraborough,39,1974-12-04
"Mrs. Whitney Bernier",colin.beer@example.net,Vandervortburgh,82,2009-02-27
"Jon Orn",kshlerin.oran@example.com,Kovacekbury,42,1984-04-14
"Arianna Hauck",kuhlman.bailey@example.net,"Port Jayce",30,1993-08-19
"Brenda West DDS",rau.jason@example.org,Larontown,66,1979-10-24
"Prof. Rowland Dickens",xokeefe@example.com,"South Laurinehaven",65,1982-10-07
"Mrs. Lelia Hessel V",nelda.morar@example.net,Auerside,19,2020-12-31
"Leora Wuckert",fannie50@example.net,"East Helga",59,1999-11-13
"Avery Bogan",corwin.gust@example.net,"South Rozella",77,2021-02-18
"Claude Thiel",nankunding@example.net,Peterview,78,1974-03-14
"Carol Fahey",jerald.dicki@example.net,"South Brionnamouth",56,2016-03-30
"Camila McKenzie",jeremie63@example.org,"Lake Gus",61,1997-02-16
"Jerad Murray",gdubuque@example.net,"North Vellabury",55,1992-04-27
"Dillon Bradtke",jordi.wilderman@example.org,Trompland,29,1980-10-21
"Miss Samantha Upton Sr.",theidenreich@example.net,"Lake Ciarachester",21,1978-09-16
"Luciano Tremblay",maverick62@example.net,"New Lane",46,1976-04-19
"Mrs. Skyla Cronin DVM",hrussel@example.net,"Lake Raoulfurt",53,2018-10-07
"Mr. Louvenia Fay",dustin57@example.org,Joshuahstad,63,1998-10-17
"Jana Zemlak II",tromp.london@example.com,"Lake Pinkfort",85,2017-07-11
"Benny Dach",shany.bode@example.com,"South Travonbury",82,1986-04-03
"Riley Connelly",tcormier@example.net,"South Joannyland",45,2020-05-04
"Petra Labadie",stuart25@example.net,"North Myraport",56,2001-08-24
"Jayce Leffler",blaze.thiel@example.net,Barbaraton,62,2018-10-13
"Kathryne Weber",schowalter.edward@example.net,Huelmouth,84,1985-09-24
"Dasia Altenwerth",rkuhlman@example.org,Labadietown,78,1999-01-03
"Dr. Carroll Fritsch IV",adam23@example.com,Sonyaside,72,2001-10-27
"Ms. Esperanza Murazik",neal97@example.com,"Port Lewburgh",68,1972-05-31
"Mr. Henry Shields DDS",cabshire@example.net,Kristinborough,31,1983-09-25
"Stephany Hand",garrick.dietrich@example.org,Sofiamouth,78,2001-01-13
"Mrs. Brittany Lowe",ggusikowski@example.com,"North Lucile",72,2022-08-09
"Mrs. Shayna Weissnat",tyler.bogan@example.org,Camyllemouth,65,2009-04-10
"Filiberto Homenick",denesik.carson@example.org,Micahstad,78,1982-10-09
"Prof. Sarai Dietrich",estrella80@example.org,"Port Margueriteville",22,2004-11-04
"Prof. Vladimir Hayes",keyshawn.senger@example.net,Larsonborough,43,2000-10-04
"Amaya Mayer Jr.",kale.raynor@example.net,"West Isabell",56,2003-11-20
"Chadrick Turcotte",hellen.wisozk@example.org,Schneiderhaven,27,1989-09-20
"Mark Okuneva V",simonis.roderick@example.net,Gracietown,55,2015-06-07
"Sigmund Quitzon",nola81@example.com,"North Myrtis",73,2011-12-13
"Eliezer Schowalter",linnea.brekke@example.org,Hellerburgh,85,1996-04-06
"Gaylord Kautzer",zmedhurst@example.net,"North Keanu",26,1976-09-07
"Elva Raynor",rex.harber@example.com,"North Jacksonstad",35,2001-07-18
"Mrs. Aimee Ferry",arthur02@example.org,"West Arvillamouth",79,1986-02-04
"Belle Kovacek",bechtelar.wilhelm@example.com,"New Shaniaport",22,2024-12-26
"Tatum Pouros",mervin67@example.net,Carrollside,19,2021-03-29
"Dr. Gina Turcotte Sr.",berge.serenity@example.com,"Lake Ransomfurt",21,1998-01-12
"Gunner Grant I",erdman.mathew@example.com,Murraybury,36,2009-11-07
"Darryl Bednar",mframi@example.org,"North Carolside",71,2022-04-08
"Alejandrin Heidenreich",jace44@example.org,Dustinton,56,1985-01-22
"Dakota O'Kon",kelvin63@example.com,"West Magnus",82,2014-04-24
"Mr. Maurice Hoppe",jkuphal@example.org,Kiehnhaven,26,1993-08-23
"Ismael Legros",fbotsford@example.org,"South Frederic",82,2024-05-26
"Dante Cruickshank",gerhold.kevin@example.com,"Lake Trevion",60,2011-05-01
"Vernon Kuhic",abshire.josh@example.net,"Port Dallas",83,2023-07-17
"Mr. Peter Jerde",erdman.judy@example.com,Zitaland,31,2007-08-09
"Lenna Kirlin MD",kaylee77@example.org,"West Colton",61,1984-07-18
"Lance McGlynn",monahan.naomie@example.net,"New Glenna",19,1989-12-27
"Armand Armstrong DDS",jones.manuel@example.com,"South Armanibury",68,2019-04-27
"Mr. Wilhelm Collier",botsford.nestor@example.com,"Port Tristinville",37,1989-01-27
"Reginald Tremblay",dorian70@example.org,"East Nelleview",55,1976-04-15
"Sid Muller",ida.hahn@example.com,"South Teresa",35,1989-07-08
"Torrey Collins",dcummings@example.net,Gleichnerville,42,2008-06-20
"Telly Rowe",era.mcdermott@example.com,"South Enachester",74,2018-07-10
"Philip Kiehn",cartwright.rosina@example.org,Dimitribury,78,1983-11-28
"Mrs. Odessa Emmerich DDS",ghowe@example.com,Heaneyshire,67,2021-02-06
"Dr. Amie Langworth I",einar30@example.com,Hageneschester,82,1995-01-02
"Jackeline Schoen",karianne93@example.net,"West Mariane",44,1976-07-03
"Dr. Margarete Dietrich IV",fisher.clarabelle@example.org,Cleveberg,22,2012-05-30
"Madelyn Kilback",xheller@example.net,"Port Groverstad",38,1997-11-08
"Prof. Fermin Bailey",xheidenreich@example.com,Hoegerberg,58,2017-10-14
"Cristopher Spencer",breinger@example.net,"New Heather",20,2020-04-11
"Desmond Connelly I",bogisich.liam@example.net,Johanfurt,64,2004-05-27
"Haylee Oberbrunner",justina.connelly@example.org,Christside,30,2008-02-15
"Gianni Brown II",xkuhlman@example.net,"East Jermeyside",41,2016-01-11
"Hershel Lockman",jazmyn.hilpert@example.org,Paucekchester,68,2006-07-07
"Demetris Haag",hilario.ullrich@example.net,Geovanniton,23,2003-09-20
"Zoe Purdy",wunsch.lowell@example.com,Rutherfordhaven,49,1985-01-29
"Delpha Quigley",garland.sporer@example.com,Adrienneberg,51,2024-06-30
"Lexie Stark",eldred.kertzmann@example.net,"Port Orrin",32,2022-05-10
"Dr. Francis Schimmel",simeon72@example.com,"South Leopoldoborough",79,1983-08-15
"Henri Hettinger",theresia.gleason@example.com,Cummerataburgh,62,1999-01-08
"Miss Mabel Mitchell",mayert.mina@example.com,Corkeryside,47,2010-08-08
"Derick Weimann DVM",hvonrueden@example.com,Paxtonberg,43,1991-11-25
"Remington Collins",patsy98@example.com,"Port Sunnyberg",39,1996-04-07
"Murray Fisher",shields.makayla@example.org,"West Vivienne",49,2022-11-24
"Ms. Johanna Hessel",reichert.amie@example.net,Satterfieldbury,42,1994-10-30
"Juliana Ward",greyson.brown@example.com,"West Consuelo",21,1999-12-24
"Samir Armstrong",dorothea24@example.org,"North Halstad",76,1982-12-03
"Terry Wiegand Jr.",swunsch@example.com,"East Leilaniland",60,2009-06-07
"Monty Runolfsson",hstiedemann@example.com,"Port Kailee",45,2016-09-23
"Samir Bradtke I",nicolas.monserrate@example.com,Kilbackbury,63,1989-05-16
"Marisa Wintheiser",jed70@example.net,Filibertoview,28,2010-07-31
"Kody Harris",jaclyn52@example.net,Leolamouth,69,1978-08-10
"Jacques Weber Jr.",wfisher@example.net,"South Emma",44,1974-10-12
"Chadrick Upton",amelia.borer@example.org,"West Domenicburgh",36,2001-02-15
"Kaela Rosenbaum I",vkirlin@example.com,"North Evans",56,1995-12-04
"Miss Dora Hintz",isaiah.turcotte@example.net,"West Maybell",81,2006-11-14
"Althea Prohaska Jr.",jacky.kirlin@example.org,"New Nola",84,2009-05-27
"Prof. Agustina Nolan I",fritsch.wade@example.org,Auerside,52,2015-07-24
"Prof. Dan Monahan MD",hoppe.reilly@example.org,Harmonhaven,22,2005-10-14
"Zackery Maggio",armando.thompson@example.net,Lindsayburgh,59,1993-05-12
"Connor Rolfson",esmeralda.kuhlman@example.org,Markshaven,18,1979-02-08
"Mrs. Delia Lind II",buford50@example.com,Norenefort,73,1971-03-24
"Esmeralda Crooks",gthompson@example.org,"North Mayberg",37,2020-11-09
"Tania Durgan",abagail78@example.net,Tristianville,61,1999-12-18
"Ansel Beatty",kertzmann.tyrel@example.com,Danykatown,30,1983-05-02
"Waylon Schowalter",nbeer@example.com,"New Kylee",78,1989-12-03
"Rickie White",qernser@example.net,Luluberg,41,1977-12-19
"Bradly Dickinson",camren65@example.org,Angelinemouth,44,2011-05-29
"Mckenna Heaney",katelyn.lockman@example.org,Stantonside,39,2022-04-03
"Linda McLaughlin",gcrooks@example.com,"South Verlie",21,2009-01-16
"Mrs. River Gutmann",noemie.reilly@example.net,Sophiamouth,53,1997-03-19
"Conner Becker",vella07@example.net,"North Keeleyfurt",27,1977-12-31
"Aisha Cartwright Sr.",prudence36@example.com,Shayleechester,57,1984-05-06
"Raul Rodriguez",wehner.mckenzie@example.net,Thaliaberg,47,2008-02-22
"Levi Abshire",alexandre11@example.com,Beahanberg,18,1991-03-10
"Mona Hammes",littel.trey@example.com,"West Andrew",32,2020-03-02
"Jarod Morar",bradley00@example.com,Brodyside,65,1977-02-15
"Elda Mertz",grace13@example.com,Janellestad,45,2015-08-13
"Milo Crooks",ykihn@example.net,"East Andreane",42,2007-05-03
"Prof. Nat Altenwerth II",janelle24@example.org,Riceton,79,2019-05-08
"Twila Gislason",alisa78@example.net,"Port Bradleyhaven",47,1999-06-25
"Mr. Darius Brekke",vivianne.moen@example.com,"Port Aimeeport",44,1979-03-27
"Dr. Jade Hackett DDS",clair.hand@example.net,"Port Jovannybury",71,2009-04-29
"Mr. Chet Feeney",vkreiger@example.org,"Lake Cathrine",83,2012-12-24
"Andreane Hagenes",liana.bogan@example.org,"Port Maximillianfort",63,2023-10-07
"Gonzalo Langosh",gregoria.gorczany@example.com,"New Frank",48,1980-05-11
"Ruthe Schulist",west.jefferey@example.com,"Port Rafaelaport",77,1970-05-16
"Dr. Layla Leuschke",bschumm@example.net,"Lake Scotfurt",81,1984-11-23
"Tod Watsica",jparker@example.net,"West Taliafort",38,2014-07-25
"Ruby Dooley I",linwood.schamberger@example.com,"South Borismouth",61,2023-01-19
"Gunnar Hansen",zetta.mills@example.com,Hillmouth,79,2022-05-20
"Dejah Jast",torphy.carolyn@example.org,Christiansenburgh,82,1998-03-12
"Casandra Reinger",misael.raynor@example.org,"South Georgianna",64,1989-07-02
"Ayla Swaniawski",tgoyette@example.com,Cordieton,80,1999-03-05
"Prof. Jorge Koepp V",srunte@example.org,Wardland,42,1994-11-10
"Mr. Rodrick Wisozk I",grayson.rath@example.net,"North Larissaland",33,1999-12-06
"Mallory Bayer",wintheiser.ivory@example.net,Raheemborough,54,2008-05-18
"Connor Steuber",gerardo.kuhic@example.com,"North Dianafurt",27,2015-12-28
"Modesta Graham",fredy11@example.org,Schadenchester,73,1990-09-17
"Saige Kunde",goyette.dolly@example.net,"North Brendanberg",65,1973-01-26
"Taurean McGlynn DVM",dudley11@example.net,Tedside,27,1996-02-12
"Mr. Dedric Wisozk IV",uhaley@example.net,"Lake Agnesview",78,1984-06-18
"Prof. Annie Kunze",wiegand.alfreda@example.com,O'Reillyton,51,2001-01-10
"Sierra Hudson",bartell.irving@example.com,"New Griffin",78,1972-01-09
"Kayleigh Maggio",nondricka@example.net,"Port Brendanton",61,1995-01-09
"Ida Lakin",veichmann@example.org,Pinkborough,82,1979-03-19
"Cleo Nolan",rhuels@example.net,Koelpinmouth,42,2023-01-17
"Brennan Daniel",domenic25@example.net,"New Mattieton",77,2018-09-13
"Tanner Batz",kaia.torp@example.org,Maurinehaven,39,1989-02-06
"Marquise Tremblay",verona.watsica@example.com,Cristtown,28,1975-03-19
"Lottie Smitham",douglas.julianne@example.com,"West Jany",41,2024-03-15
"Mr. Simeon Mante",eklocko@example.org,Hauckstad,36,2012-03-16
"Prudence Strosin",morissette.erika@example.org,Ashtyntown,18,1980-10-20
"Vern Olson",lsatterfield@example.net,"East Gastonbury",18,1971-10-18
"Mitchel Gislason",ksauer@example.net,Pascalefort,42,2011-02-02
"Maybell Heller",thad74@example.org,"North Trycialand",85,1990-12-01
"Davonte Williamson",javier93@example.org,Balistreriborough,38,1996-08-30
"Prof. Rusty Sauer",uparker@example.com,Charleneton,24,2012-08-22
"Alfred Shanahan DVM",ebert.ashlynn@example.org,"East Garrettside",43,2007-01-26
"William Gulgowski",dietrich.franz@example.org,Medahaven,81,1992-04-02
"Madelyn Quigley",ffunk@example.com,Feestfort,76,2005-04-30
"Otha Littel Jr.",jacinto.bosco@example.org,Ernestinaburgh,37,1998-03-04
"Nichole Ledner",joannie.spencer@example.com,"Lake Bennie",79,1991-11-27
"Judson Haag II",ferry.domenic@example.org,"South Brainshire",66,2022-04-01
"Mr. Joan O'Conner",dora.bergnaum@example.net,Addisonside,71,1972-06-09
"Miss Ottilie Maggio IV",bayer.kristina@example.com,"North Hortense",83,1978-06-19
"Dortha Prohaska IV",roselyn66@example.com,"West Ivah",23,2013-04-27
"Mrs. Dayana Anderson",toni95@example.net,Bashirianberg,51,2019-04-23
"Allie Corkery",eriberto.okuneva@example.org,Sylvesterview,71,2016-10-16
"Carroll Walter DDS",kassandra.kihn@example.net,"West Assunta",79,2019-10-08
"Giuseppe Prohaska V",wuckert.delfina@example.com,"South Serenitymouth",28,1989-09-25
"Emmanuelle Buckridge",pstamm@example.net,Sherwoodmouth,35,1987-11-02
"Prof. Freddy McGlynn",jessica47@example.com,"North Dustin",66,1995-03-28
"Talon Schuster",zterry@example.org,"Port Toby",25,1978-10-02
"Dr. Forest Legros DVM",bailey.elisabeth@example.org,"West Venaton",45,2023-12-26
"Letitia Turcotte",garry20@example.net,Hayesfurt,28,2017-05-29
"Mary Bergstrom",orn.jameson@example.org,"Port Fionaview",42,2010-10-14
"Anya Wisoky",gward@example.net,"East Reggie",75,2001-09-12
"Mrs. Rachel Schroeder",konopelski.mertie@example.com,Manteborough,50,2008-02-11
"Mrs. Linnie Considine",chaz15@example.net,Eugenestad,57,1978-06-09
"Raul Rohan",victoria66@example.com,"Lake Cole",38,2012-11-12
"Prof. Wilhelm Medhurst",nick02@example.org,Watsicaview,29,1990-01-17
"Alfredo Wehner",gleuschke@example.net,"West Quintonview",58,1999-08-25
"Raegan Nienow",fidel.schaden@example.com,"North Averyberg",72,1997-01-11
"Dr. Chelsie Padberg",ygleichner@example.net,Brekkechester,76,2006-07-27
"Mrs. Myah Hyatt",owen09@example.org,Ezekielbury,43,2020-08-24
"Mariah Purdy",loren58@example.org,"New Wilmer",52,2019-10-17
"Kamren McCullough",clara95@example.org,"Port Jamarcus",83,1986-06-30
"Mollie Balistreri",oreilly.jude@example.org,"New Cynthia",70,2005-11-24
"Dr. Delpha Heaney IV",bernardo.balistreri@example.com,"West Darrick",60,2019-03-17
"Miss Rosalee Lemke Sr.",alexandra78@example.com,Adelleport,27,1998-04-15
"Baylee Hilpert",morar.brad@example.org,"Lake Damarisview",83,2001-12-09
"Pearline Price",ehintz@example.net,"South Eldredtown",29,1990-03-22
"Autumn Murphy I",krajcik.vincent@example.org,Felixland,62,1975-05-19
"Dr. Amani Grady",marcos06@example.net,Cyrilbury,54,1974-11-25
"Esteban Kreiger",glover.lane@example.net,"Port Joanyport",36,2019-08-16
"Dr. Letitia Bergnaum",stone.ondricka@example.net,"Port Mariannahaven",43,2024-09-16
"Fredy Connelly",ncronin@example.net,Merlinville,55,2004-12-17
"Janessa Sporer",florida99@example.net,Abshirestad,77,2018-06-05
"Bridget Hagenes",roberts.bryana@example.com,Connton,40,1987-11-27
"Sienna Eichmann Sr.",walter.rodriguez@example.com,Lorastad,20,1976-10-23
"Terrance Bailey",vonrueden.elroy@example.com,"East Justice",32,2011-02-17
"Mr. Zechariah Bode",cschimmel@example.net,"New Lizeth",63,2023-10-07
"Guy Moen",kiana.grimes@example.net,"East Lonie",47,2008-12-29
"Jaylon Padberg",gustave43@example.net,"East Diannastad",84,2023-10-12
"Prof. Rhiannon Pfeffer",eschaefer@example.org,Kendramouth,36,2009-02-21
"Frederic Fisher",jeff62@example.org,Kodyland,58,1974-08-11
"Dr. Ephraim O'Keefe Jr.",feest.cornelius@example.org,Ullrichberg,78,2004-04-07
"Mathilde Pollich",tmarvin@example.org,"Port Kenyatta",38,1980-05-02
"Nella Leuschke",edibbert@example.com,Pacochafurt,74,1990-09-03
"Nick Denesik",bahringer.adah@example.org,"Port Rico",77,1978-01-25
"Dr. Jaeden Barrows",hailie.homenick@example.net,Runteview,69,2005-03-27
"Niko Hill",marcel15@example.org,"West Velmaville",59,1996-03-09
"Prof. Sasha Nolan IV",maudie.toy@example.com,"New Friedrich",29,2007-12-30
"Hans Wiza",warren.lubowitz@example.com,Burleyhaven,84,2022-01-11
"Lexi Sawayn",areilly@example.net,"South Berenice",53,2010-03-25
"Gwen Eichmann",buck83@example.org,"North Wilbertberg",20,2019-12-22
"Austyn Parisian",kaley.ferry@example.org,Freddyton,42,2020-05-30
"Demarcus Johnston PhD",malcolm.daugherty@example.net,Vandervortport,74,1984-07-08
"Hortense Wiza PhD",adonis62@example.com,"New Domenicamouth",73,2020-02-03
"Dr. Raven Schaden",ada.lesch@example.com,"East Jaylon",82,2008-02-29
"Verona Blick",gaetano14@example.com,"Lake Virgil",47,1999-01-24
"Arely Dickinson MD",bernhard.jovan@example.com,"Port Amelyburgh",81,1973-11-08
"Ronaldo Schaefer II",penelope33@example.net,Johnschester,74,1978-12-05
"Jazlyn Mraz",qmetz@example.org,Schowalterfurt,27,2000-01-20
"Milan Donnelly",tillman.queen@example.com,Dannyburgh,41,2011-04-29
"Mr. Coleman Hodkiewicz PhD",marks.milan@example.net,"Port Trentonport",53,1982-08-21
"Elvie Rau PhD",callie.mclaughlin@example.net,Austenview,29,2003-03-12
"Jayden Bednar",fconroy@example.com,"South Rebecca",38,1995-07-26
"Miguel Turcotte",jacobs.delilah@example.net,"North Cotymouth",22,2002-06-29
"Mr. Jeromy Cole",lueilwitz.kareem@example.com,"East Katherineshire",33,1983-10-08
"Gunner O'Kon PhD",torphy.marquis@example.com,Jaylintown,74,2022-07-11
"Dr. Leonor Johnston III",jazmin85@example.net,"Port Allie",42,1995-09-02
"Ethel Gutkowski Sr.",xmertz@example.org,"New Pauline",70,2015-03-10
"Vida Weber",kling.sedrick@example.net,"New Filiberto",59,2017-09-20
"Dina Batz",kautzer.pierce@example.com,Robbiefurt,35,1979-06-10
"Catharine Huels",gutkowski.jocelyn@example.com,"West Arthur",60,1997-06-25
"Gerda Price",giovani.littel@example.net,Gregorychester,50,1998-07-16
"Rachelle Smith",catherine37@example.net,"West Norrisborough",79,1974-06-04
"Ms. Amber Grimes II",cklein@example.com,Gutmannstad,44,2018-07-14
"Dr. Norbert Parisian Sr.",beahan.constantin@example.org,"Lake Pollyside",82,2000-02-03
"Clement Dach",kattie.cole@example.org,Jaquelinfurt,80,1996-03-09
"Sonia Blick II",ekertzmann@example.org,Pollichborough,23,1993-06-05
"Heath Hansen I",reba.lindgren@example.net,Shanellechester,30,1974-03-15
"Wilburn Schmidt",ycollier@example.net,VonRuedenchester,56,2011-03-30
"Gabrielle Kemmer",williamson.willa@example.com,Kutchmouth,78,2022-08-02
"Gudrun O'Kon",nikko.gulgowski@example.com,Auerfort,52,2010-07-25
"Elliott Rice",stanton.tiara@example.com,"South Gilbert",39,2020-12-06
"Eduardo Windler",eulalia38@example.org,Cronintown,65,1970-02-06
"Dr. Elenor Pollich",trobel@example.net,Jerrodtown,66,1998-11-03
"Karlie Kuhic",vlakin@example.com,Assuntaton,67,1986-10-24
"Rocky Koelpin",citlalli67@example.com,"New Reyes",25,2009-06-08
"Tressie Jast",kristina.lehner@example.com,Breitenbergburgh,51,1977-04-05
"Joany Metz",akeem73@example.com,"West Eastonburgh",26,1988-06-16
"Madeline Rau",tzieme@example.com,VonRuedenborough,76,2021-11-17
"Eino Emmerich",herman.shaun@example.com,Swaniawskistad,77,1991-04-04
"Rebeka Nitzsche",ulises.rowe@example.net,Schaeferborough,43,1998-06-05
"Martine Steuber",carmel60@example.com,Litzymouth,36,1989-07-03
"Prudence Armstrong IV",kkemmer@example.com,Considinestad,30,2001-09-22
"Prof. Archibald Leuschke",kelli.grimes@example.org,Caliville,73,1993-04-13
"Lue Mayert",dmonahan@example.com,"East Jackelinebury",51,1984-11-21
"Prof. Desmond Fritsch",mante.rhiannon@example.net,Andreannechester,25,1972-12-01
"Prof. Kamron Sanford",ddubuque@example.org,Lurlinetown,45,1985-05-19
"Ewell Halvorson",dtorp@example.net,Isabellechester,68,1988-05-06
"Dwight Borer Sr.",angie.reilly@example.org,"North Jennings",34,2007-08-14
"Jeremie Bernier",bernice25@example.org,Bergnaumport,81,1994-03-26
"Dr. Noelia McDermott",hbode@example.org,"Lake Lempi",44,1997-12-29
"Mr. Isaiah Willms",luz29@example.com,"North Taniaport",63,1997-09-24
"Grover Hartmann III",crona.jared@example.com,"Port Stefanie",77,2010-11-04
"Prof. Collin O'Keefe",fahey.shaylee@example.net,Turcottefort,57,2008-11-27
"Percival West",satterfield.alyson@example.net,Dudleymouth,26,1972-02-20
"Savanna Corwin",lubowitz.kathlyn@example.net,"North Jonathon",51,1981-05-01
"Yoshiko McKenzie",hiram.franecki@example.net,Tristinborough,65,1997-07-30
"Trevor Stoltenberg",mohara@example.net,Klingview,83,2018-08-29
"Carmen Fahey",xwindler@example.com,"Port Veronicaland",61,2010-08-22
"Amy Emard",roberta02@example.org,"South Clare",63,2021-12-19
"Chanelle Strosin",jessyca.robel@example.net,Ricobury,51,1974-07-07
"Noemi Abbott",modesta.daniel@example.net,"East Dale",25,1981-10-25
"Ricardo Dicki",stanton.schmitt@example.com,"North Alva",54,1995-10-26
"Mariano Kuhn",armstrong.wanda@example.com,"East Mary",34,1978-01-19
"Carlos Rodriguez",frami.mayra@example.com,Kirlinchester,29,1974-03-30
"Erika Veum",qluettgen@example.org,Paxtonport,42,1997-03-26
"Prof. Webster Bayer Sr.",maybelle.kutch@example.net,"West Hopeland",45,2020-03-15
"Luis Kovacek III",isai39@example.net,Donatoville,48,1985-11-15
"Deon Bashirian III",prudence20@example.org,"West Alfordburgh",28,1991-07-03
"Laron Sipes DVM",mcglynn.rusty@example.org,Durganmouth,25,2011-05-27
"Kendrick Botsford",jayme84@example.net,Krajcikchester,19,1976-10-26
"Danyka Stiedemann",eldora.prohaska@example.org,"South Lucianofurt",69,2011-10-12
"Shyanne Wiza I",shad.herman@example.com,Brakusfort,42,1974-10-16
"Hester Lockman",xrenner@example.org,Crookstown,49,2018-11-19
"Prof. Marilou Harvey Sr.",turcotte.audrey@example.com,"Port Evebury",41,2023-05-15
"Emmie Crist",hchristiansen@example.com,Lamarville,68,1997-08-20
"Presley Moen",bernardo.mohr@example.net,"Port Barton",27,2009-03-14
"Dr. Raleigh Prohaska Jr.",lia80@example.net,"Port Birdie",28,1985-03-12
"Mr. Ramon Kling PhD",hoeger.emanuel@example.org,Herminafort,23,1985-07-09
"Deshaun Pollich",bernita62@example.org,Zulaufside,66,2006-11-06
"Mrs. Kimberly Krajcik I",stewart37@example.net,"Lake Nayeli",33,1979-12-16
"John Prosacco III",rice.isabel@example.org,"South Furman",44,1984-08-26
"Solon Schoen",oconner.gabriel@example.net,Cassinport,75,1977-12-12
"Gideon Dicki",blanche.satterfield@example.net,Ratkestad,33,1998-12-01
"Wayne Bauch",johns.tyra@example.com,"West Francescoside",44,1979-01-05
"Katherine Haley",fabiola39@example.net,Ryanton,45,2005-06-05
"Kelton Volkman",pouros.cheyanne@example.org,"North Julio",80,2010-07-30
"Mrs. Kiara Bode",kling.clair@example.net,Reillyberg,70,2022-06-11
"Dr. Jalon Becker Jr.",balistreri.brigitte@example.net,"New Ceasarmouth",80,1975-04-28
"Alfred Aufderhar",franz69@example.com,"South Aminaview",85,2003-12-15
"Prof. Carter Goodwin III",lueilwitz.hadley@example.com,Oswaldfort,70,2005-01-11
"Prof. Sunny Nicolas",terence.collier@example.org,"Port Malvina",43,2023-04-06
"Prof. Arthur Donnelly PhD",roconner@example.net,Madalinetown,45,2006-01-08
"Ms. Giovanna Stokes",qkeeling@example.org,"Lake Macyton",36,1977-10-19
"Tyra Hoppe",hagenes.katharina@example.com,Mayertfort,55,1973-10-08
"Teagan Kessler",volkman.deven@example.org,"South Jamal",62,1986-08-30
"Jody Luettgen",stehr.ettie@example.com,Felixstad,70,1994-02-17
"Juwan Grady",mills.urban@example.org,Meganemouth,52,2010-08-18
"Dr. Tanner Goodwin",psenger@example.com,"North Penelope",54,2010-06-24
"Robb Hessel",schmidt.odell@example.org,Jarenburgh,37,1982-12-05
"Prof. Marshall Kertzmann I",aaron70@example.net,"West Lolitamouth",70,1971-03-31
"Herminio Murray V",wiegand.randall@example.org,"North Delfinahaven",83,2016-08-16
"Dr. Cade Berge I",cleora.feest@example.org,"Lake Piper",73,1990-06-19
"Prof. Adell Haley Sr.",mattie.keebler@example.org,"Lake Tommieville",40,1990-05-09
"Mrs. Mikayla Lebsack",price.joesph@example.org,Hoseabury,24,2016-02-17
"Alanna O'Kon",krajcik.anastacio@example.net,Eldredland,67,2023-12-15
"Irving Orn",amy.rolfson@example.com,"North Johann",38,2013-07-16
"Ahmed Nitzsche",bud.dare@example.com,Easterborough,73,2023-06-05
"Grover Cummerata",malinda29@example.net,"North Shainaville",48,1978-08-04
"Emely Nienow Sr.",mcollier@example.com,Rhiannonland,19,2012-09-30
"Trenton McClure III",arden.sanford@example.com,"North Adan",45,2008-06-09
"Hassan Toy III",durward.davis@example.com,"North Brandonstad",52,2009-01-28
"Mose Marquardt",hyatt.esperanza@example.com,"Lake Augustus",68,2005-09-10
"Dr. Reagan Hagenes III",pablo25@example.com,"West Darrickview",72,2008-03-09
"Mariane Doyle",zohara@example.net,"East Caitlynchester",57,2007-05-02
"Arch Ratke",tressie61@example.com,Goldnerton,28,1976-12-20
"Lorenza Heller",phayes@example.org,"Port Gerryborough",68,2020-10-02
"Braxton Cruickshank",hermann.arlo@example.net,Bartellmouth,43,1986-08-10
"Edison Osinski Sr.",oluettgen@example.org,"Port Wilhelm",33,2017-09-21
"Alysha Murazik",ursula76@example.org,Blandamouth,73,2020-10-27
"Mr. Jarred Jenkins Sr.",ressie.kutch@example.org,"South Mariontown",20,1977-12-25
"Xavier Boyer",jacobs.kale@example.org,"New Lee",40,1976-10-31
"Remington Rice",mraz.schuyler@example.net,Sandrineberg,57,1973-01-14
"Amy Dare",frice@example.net,"Port Novellahaven",62,1984-03-06
"Martine Boyer DVM",cortez.little@example.net,Consueloside,48,1995-09-26
"Dr. Glennie Klocko",emcclure@example.net,"Lake Curtborough",18,1998-04-07
"Ebony Ullrich",anais99@example.com,Wisozktown,31,1992-12-04
"Karolann Hoppe",qbecker@example.net,Tyrelltown,21,2008-04-22
"Mr. Keenan Ullrich",toni.weber@example.net,Shirleyfurt,68,1994-06-26
"Ocie Monahan",rromaguera@example.org,"Lake Araceli",83,1979-03-29
"Rahsaan Littel III",irath@example.net,Ardenbury,46,2013-08-05
"Isabella Huels",ntowne@example.com,"Port Elsiefort",56,2004-10-04
"Kamille Glover",tommie.rowe@example.com,Gutmannbury,48,2015-09-24
"Golden Reichert",cleta.bernier@example.net,Kiehnchester,25,2010-04-10
"Dr. Roman Koepp",haley.jarred@example.net,"East Gardnermouth",74,1973-05-19
"Mafalda Mann",nyasia.kessler@example.com,"North Bernitaborough",79,1990-03-01
"Prof. Brice Blanda Jr.",mckenna.simonis@example.net,Mercedesview,64,1996-11-18
"Elton Toy",hwitting@example.org,"New Mohammad",40,2006-12-31
"Isabella Monahan",ethan11@example.com,Antonettemouth,75,1998-03-22
"Ms. Brandy Kohler",dsenger@example.com,"New Hilbertfort",49,2006-08-06
"Emanuel Cronin I",rodriguez.anita@example.net,Davinton,35,1987-10-21
"Rudolph Hagenes",schuppe.robbie@example.org,Nikoton,21,1984-04-15
"Rene Tillman",lang.gladyce@example.net,"South Evelyn",25,2010-09-06
"Diamond Barton",ohara.michael@example.com,"East Eleanore",26,2023-10-07
"Prof. Raven Murphy Jr.",josh74@example.org,Hirtheview,25,1973-02-14
"Christina Hegmann",spencer.alvina@example.com,"East Roma",30,1989-04-07
"Lance Wiegand",rosalyn74@example.com,"East Ramirobury",66,1981-01-07
"Solon Baumbach V",tiffany11@example.org,"Lake Noemi",43,1993-10-27
"Prof. Savion Schulist",spinka.gayle@example.org,"New Torrey",57,2003-04-08
"Dr. Wilford Lehner IV",geovany.schmitt@example.net,Kenchester,32,1998-11-30
"Mr. Cleveland Kilback",janie.wiza@example.com,Cristton,38,1992-07-06
"Mr. Theo Konopelski PhD",murray.ulises@example.org,Angelaburgh,57,2024-01-07
"Karlie Heathcote PhD",elton47@example.net,"South Ruby",62,1988-05-04
"Eryn Farrell",zachariah.gleason@example.com,Kiehnton,53,2017-04-05
"Callie Wintheiser",philip47@example.org,Addisonside,42,1993-09-17
"Matteo Ferry",kristina.heller@example.net,"West Evie",50,1979-03-15
"Prof. Neva Predovic Sr.",pedro53@example.com,"New Melodyfort",52,1986-03-12
"Icie Robel IV",bogan.agnes@example.com,Pourosfort,19,2007-08-24
"Willy Olson",beer.noel@example.net,Goyetteview,51,1998-04-21
"Carter Armstrong",kuphal.major@example.com,Medaton,50,1999-12-29
"Mr. Tyrel Kautzer MD",carroll.claudia@example.com,"Lake Roderick",50,1989-03-10
"Giovanni Romaguera",astracke@example.net,"West Pauline",56,1981-03-19
"Isabell Prohaska",ford59@example.org,Wymanfurt,64,1974-02-01
"Janessa Bernhard",corkery.margaretta@example.org,"New Carleton",42,2020-08-24
"Ms. Lila Gottlieb Sr.",yesenia.green@example.com,Murrayfurt,45,1994-10-16
"Ollie Klein",schulist.aylin@example.org,O'Harashire,48,1997-09-04
"Lennie Considine III",kiehn.violette@example.com,Schaeferton,29,1976-01-12
"Afton Carroll",rita68@example.org,"West Albertha",73,1984-05-01
"Rosetta Murray",steuber.catherine@example.org,"West Kaitlyn",74,2017-09-23
"Dr. Anabelle Konopelski",cschmidt@example.net,Hermanchester,63,1976-06-09
"Dr. Felton Kovacek DVM",gschaden@example.net,"East Tobyhaven",53,2006-03-08
"Prof. Russ Pacocha",tom66@example.com,"Lake Judy",48,1996-05-26
"Cecil Bartoletti II",hoeger.bethel@example.com,"Lake Ona",57,1984-01-16
"Mr. Nolan Tremblay",parisian.kieran@example.net,Paucekborough,38,2021-11-18
"Eveline Tromp",fnikolaus@example.com,Aylinberg,32,2001-05-24
"Einar Tremblay",rhett46@example.net,Hansenberg,76,2006-08-26
"Ronny Reynolds",lroob@example.net,Julianfort,85,1994-02-07
"Imelda Dare",ypredovic@example.net,"North Gabriella",32,1980-02-10
"Roslyn Pollich",heidenreich.roman@example.org,"Port Everardotown",47,2000-01-19
"Dr. Evelyn Kris Jr.",predovic.loyce@example.net,"East Krystinaberg",39,2023-09-28
"Mrs. Sabina Trantow",iemard@example.net,"East Donato",68,1972-06-04
"Dr. Cornell Zieme Jr.",beatrice.wilderman@example.net,Amyside,54,2004-08-31
"Prof. Alexandro Rolfson II",price.tina@example.net,Walkerfort,62,1973-05-13
"Rocky McDermott IV",arch.wehner@example.com,Annetteville,72,1986-05-03
"Dr. Shaun Spinka IV",jabbott@example.org,"North Alphonso",40,2000-06-12
"Dr. Lenny Wolff MD",ohara.sonia@example.com,Orlandoland,53,2023-01-28
"Shane Lemke",wendell.hackett@example.org,Wilfredmouth,67,2011-02-07
"Madeline Schmitt",hulda.lindgren@example.org,Bernieceville,60,2011-06-27
"Emely Kreiger",vquitzon@example.net,"New Breanna",21,1982-07-11
"Immanuel Spinka",aniyah.steuber@example.com,"Port Nolan",27,1971-05-19
"Jamir Russel",jlebsack@example.net,Rolfsonview,76,1981-07-13
"Angelica Mante",durgan.mckenna@example.com,"North Wilbertmouth",47,2016-07-14
"Ceasar Howell",gutkowski.gretchen@example.net,Emmettberg,72,2012-11-26
"Ophelia Gutkowski",karli.ziemann@example.org,"New Heavenfort",59,1977-03-16
"Cecile Wehner",aletha.hegmann@example.org,Verlaburgh,28,2001-08-27
"Leonie Rippin",dswaniawski@example.org,"West Adelbert",57,2003-08-23
"Alfreda Collier",hintz.ethan@example.com,Lillieburgh,42,2012-11-10
"Ova Fay",deion61@example.net,"South Everett",19,1993-08-18
"Tevin Rodriguez",mafalda29@example.org,Melvinbury,51,1980-08-19
"Mrs. Samantha Parker",catalina.lowe@example.com,Welchfort,37,1978-06-16
"Deonte Pouros",sipes.micaela@example.org,Legrosfurt,69,2003-03-17
"Adriana Quigley",lzieme@example.com,Treuteltown,84,2005-03-05
"Dexter Heller",aurelia.doyle@example.net,"East Corrine",56,1991-04-20
"Judge Jakubowski",simeon.flatley@example.net,"North Coystad",26,1990-05-13
"Chadd Parisian",gia.okeefe@example.net,"Port Aubreehaven",46,2012-08-22
"Samson Russel",jody.hintz@example.org,"South Sebastian",30,1970-08-04
"Gage Carter",laury.veum@example.com,"South Liliane",70,1972-03-14
"Dr. Jerel Homenick",lizeth66@example.net,Davonhaven,85,1972-04-29
"Dimitri Kshlerin",hettinger.myles@example.org,"East Leland",82,1996-10-03
"Jennyfer Franecki",lenore.moore@example.org,"Lake Brennon",33,2017-05-16
"Miss Adrienne Kirlin Jr.",harley69@example.net,"West Jamey",44,2020-05-21
"Stella Douglas",jonathon.oreilly@example.net,"South Maida",65,1997-09-01
"Ernestine Stroman",audrey19@example.org,"South Melany",18,1977-04-26
"Mrs. Bethany Hodkiewicz",semmerich@example.com,Colestad,34,2024-09-27
"Ms. Itzel Boehm",dallin.kiehn@example.net,"North Connormouth",33,2002-06-01
"Mr. Marcos Price",charity22@example.com,Kingmouth,75,2020-04-02
"Ivy Johns",qkunde@example.net,Howellbury,39,2024-01-14
"Leda Koss",dwuckert@example.net,"New Rubyville",42,1971-05-24
"Gillian Walsh",sister.goyette@example.net,Croninstad,37,1970-10-16
"Mattie Emmerich",jberge@example.com,"West Dewayne",61,1986-02-05
"Ms. Bette Purdy",abbott.theron@example.org,Laurettamouth,27,2005-12-20
"Kody Shanahan Jr.",mbradtke@example.com,"New Tara",50,2017-06-14
"Davion Kutch",agustin.wisozk@example.com,Javierbury,48,1980-02-24
"Alexys Lueilwitz",milford.hagenes@example.com,Beverlyview,50,1999-01-03
"Ilene Ward MD",bbins@example.net,Rosieton,80,1982-11-12
"Miss Brittany Tremblay",hamill.hayley@example.net,"West Javonteview",22,1993-10-04
"Jazmyn Hartmann",lamont.altenwerth@example.com,Rosemarieton,39,2014-03-11
"Norval Jaskolski",barrows.rossie@example.org,"Lake Conrad",85,2011-01-11
"Pedro Pollich",west.ernesto@example.net,"Lake Shanon",21,2020-11-04
"Willy West II",mckayla.nolan@example.org,Missourihaven,63,2004-08-29
"Melody Kessler",sarah.hegmann@example.net,Leonelborough,61,2017-12-01
"Rickey Oberbrunner",lkuhn@example.com,"Lake Mireilleport",82,1972-01-21
"Zelma Lakin Sr.",frederick.hoeger@example.com,"Lake Verlie",61,2003-06-11
"Carroll Fisher",rasheed63@example.net,Dooleyport,79,2005-01-09
"Daniela Gottlieb",cleo.mcdermott@example.net,Stoltenbergshire,19,2009-12-03
"Prof. Claude Friesen",kyler.crona@example.org,Gulgowskistad,29,1981-11-04
"Prof. Derick Goldner I",yprosacco@example.org,"Port Heaven",68,2024-03-01
"Judson Lakin DDS",auer.aurelio@example.net,"Port Myaland",53,2002-09-16
"Hugh Pfannerstill",eva.bradtke@example.net,"East Rey",34,1998-03-26
"Claudine Flatley",enoch64@example.com,Eloybury,65,2006-03-02
"Noemy Sauer",sadie87@example.org,Guidoberg,71,1973-10-19
"Brisa Hirthe",crist.benedict@example.com,"New Marie",81,1973-04-20
"Celestino Boyer",marks.carleton@example.org,Rowefurt,18,1974-04-26
"Teresa Schumm",bosco.beth@example.org,Volkmantown,36,1995-10-06
"Prof. Vena Welch DVM",herzog.zachery@example.net,Greenmouth,22,1976-11-14
"Leonora O'Keefe",madison99@example.com,"New Kodyville",28,2023-12-13
"Katharina Torp",ihowell@example.com,"South Jessie",30,2019-09-12
"Eddie Lang",chanelle79@example.net,Priceton,78,2019-01-13
"Mrs. Gabriella Bernhard Jr.",rhyatt@example.net,Collinsport,60,2004-03-12
"Malika Lind",barney.jacobson@example.com,Reymundomouth,60,1973-06-06
"Cary McLaughlin",rutherford.hulda@example.com,Schmidtmouth,32,1978-08-31
"Yolanda Wolff",nblick@example.org,Beattystad,33,1973-03-30
"Mrs. Beverly Boyle",van.weber@example.com,Langworthside,42,1997-12-16
"Prof. Tillman Fahey",gjacobson@example.com,Gerardfurt,57,1991-12-05
"Alex Wuckert",bud04@example.org,"South Travonmouth",82,2009-11-26
"Emerson Flatley",boyle.arjun@example.com,Shainahaven,58,2011-10-13
"Zackery Luettgen",kilback.magali@example.net,"West Murray",43,1986-01-27
"Kayley Kiehn",luisa84@example.com,"Port Rubyeburgh",56,1977-06-15
"Madie Koepp",presley55@example.com,Jaidaland,73,1982-11-16
"Prof. Savion Spencer Sr.",yschinner@example.com,Treverland,85,1995-12-05
"Dr. Cedrick Price V",hhalvorson@example.com,"Port Davonview",58,1998-01-08
"Miss Pasquale Reichert IV",blake61@example.org,"West Chadrickhaven",46,1998-12-24
"Mariano Doyle",witting.marguerite@example.net,Jerrytown,84,1982-05-12
"Dr. Andreanne Toy Jr.",scrist@example.com,Fritschborough,18,1976-12-03
"Matt O'Kon",kuhic.efren@example.net,Adelleborough,68,1971-02-24
"Marvin Wolf",federico.bernier@example.net,Muellerport,41,1992-07-02
"Cicero Reilly",ewell.aufderhar@example.net,Emmaburgh,39,1992-02-07
"Jason Marvin",carroll.stefan@example.org,"Lake Lincolnborough",31,1983-02-07
"Krista Rutherford",katelin.cassin@example.org,Ledaborough,25,2012-02-07
"Sidney Corwin",smitham.astrid@example.org,Marianashire,76,2024-07-12
"Miss Zelda Hirthe Sr.",fdaugherty@example.org,"New Vivian",71,2003-12-25
"Prof. Francis Thiel V",rmclaughlin@example.com,Schimmelview,85,1974-05-25
"Catalina Raynor I",gina11@example.net,"West Friedamouth",68,1999-10-04
"Ms. Angelita Stokes",ida34@example.com,Erdmanshire,78,2017-06-26
"Edd Rogahn",hkovacek@example.com,Keelystad,25,2008-05-22
"Savanna Runte",ihalvorson@example.net,"South Shayna",39,2008-06-17
"Claudine Ziemann",asia93@example.com,Waelchiport,61,1975-05-06
"Forest Walter",mcarroll@example.org,"Port Cordialand",68,1981-10-31
"Madge Hahn",sthompson@example.net,Meaghanfurt,63,2000-02-09
"Jeremy Kemmer",matt00@example.org,"New Maverickberg",60,1979-02-22
"Graciela Gerhold",cummings.michel@example.org,Kodyburgh,24,2001-02-01
"Adriana Herman",virgil07@example.net,"South Rosabury",71,2023-08-09
"Mrs. Shania Macejkovic",steuber.carmine@example.org,Boganfort,62,1984-05-01
"Mrs. Magdalen Moore",crooks.vivian@example.com,"North Urbanberg",33,1972-08-28
"Dedrick Berge",xblock@example.net,"Port Ara",70,1973-06-12
"Dr. Cassidy Thompson DVM",hbernier@example.org,Sanfordburgh,53,1979-01-18
"Adam Ankunding",maxime15@example.org,Alethamouth,83,2014-04-26
"Dr. Adrien Hoppe",dooley.toby@example.org,"North Joanne",23,1978-04-15
"Ed Cruickshank",garrett54@example.net,Metzshire,41,2016-11-11
"Nikolas Dietrich",mosciski.micaela@example.com,"West Bella",19,1984-09-03
"Albertha Langosh",gerda19@example.org,"West Leaville",23,2013-11-06
"Prof. Lempi Schowalter",gtorphy@example.net,Pacochaton,49,1981-03-11
"Eugenia Lehner MD",nlowe@example.com,"Lake Felixtown",65,1994-08-13
"Kacie O'Keefe",gbailey@example.net,"North Brown",68,2000-06-18
"Dr. Filomena Brekke DVM",serenity45@example.org,Garrettside,30,1986-02-06
"Vince Cronin",jeanette31@example.org,"North Ariborough",41,2011-05-24
"Garrett Mosciski",quitzon.alexandre@example.com,"New Sabrina",66,2021-01-22
"Mr. Johnnie Anderson MD",ethan.jakubowski@example.net,Tabithashire,72,2017-10-22
"Dr. Arno Schiller",roel93@example.net,Cristside,75,2020-05-14
"Sean Ebert PhD",freeman25@example.com,"Port Leliamouth",26,1997-02-13
"Johnathon Carter",crooks.elvis@example.com,Leorachester,55,2012-11-22
"Everett Daugherty",wilkinson.nyah@example.com,Destineeside,75,2017-07-05
"Sanford Heidenreich",bernhard.kristin@example.org,"Port Mariellehaven",73,1973-01-11
"Arlo Streich",madie.gleichner@example.org,Bergnaumhaven,85,2011-06-24
"Natalia Mueller",amanda56@example.org,"West Whitneyville",59,2007-04-14
"Daryl Pagac",jjohns@example.com,Geraldshire,32,1975-05-06
"Allene Schuppe",verdie15@example.org,"East Emmalee",27,2019-07-18
"Prof. Hollis Romaguera Sr.",rasheed.douglas@example.org,Sigmundport,76,1971-06-02
"Twila Kulas",heidi82@example.com,Hackettshire,24,1981-04-28
"Vern Gleichner",ikihn@example.net,Marksside,50,1988-11-01
"Rahsaan Marvin",corkery.isom@example.net,Ortizton,59,1984-02-28
"Alene Volkman",bergstrom.candice@example.net,"West Felix",30,2006-10-04
"Timothy Romaguera IV",zion30@example.org,Medhurstton,50,1993-03-04
"Afton Jacobs",jaskolski.ashlee@example.net,Beatriceside,76,2009-02-11
"Dorothea Bogan III",curtis.botsford@example.net,Wisokyberg,38,1988-04-27
"Christine Lemke",bins.alice@example.com,Virginialand,47,2012-07-22
"Jarrett Hirthe",batz.paige@example.com,Edaburgh,68,1975-11-12
"Lance Jaskolski",altenwerth.makayla@example.com,"South Amosstad",54,1970-06-12
"Beatrice Jacobs",remington73@example.org,"Port Eltaside",53,1992-12-25
"Myrtis Runolfsdottir",fahey.jerry@example.net,"Lake Nathanial",27,1987-12-30
"Dr. Curtis Haley MD",cummings.sydnee@example.org,Labadiestad,37,1992-10-29
"Macie Gleichner DDS",wgusikowski@example.org,Averyshire,48,2010-03-30
"Conrad Stracke",leone63@example.com,Adeliaview,50,2005-11-10
"Prof. Olin Hintz",schroeder.sasha@example.com,Purdyfurt,38,1974-05-11
"Mr. Gordon Padberg Sr.",travis.boehm@example.com,Hartmannchester,39,2012-07-18
"Mr. Devyn Graham Jr.",letitia.renner@example.org,Alfonzobury,70,1978-08-19
"Kristian Nienow",favian38@example.org,Ahmadstad,69,2002-08-15
"Damian Goldner",casey.hermann@example.com,"East Cletusberg",60,2009-09-29
"Brandt Huel",rjenkins@example.net,Rennermouth,84,2012-05-14
"Prof. Jimmy Cartwright PhD",mgottlieb@example.org,Mosciskifurt,48,2005-12-05
"Adaline Mayer",maegan.harris@example.org,"New Fordberg",25,1984-06-24
"Wayne Zieme",gorczany.luz@example.net,Lowemouth,60,1971-04-14
"Prof. Elisa Hodkiewicz II",jthompson@example.net,"East Bradley",84,1980-12-19
"Prof. Dulce Schimmel",boyle.ollie@example.net,Maximilianside,25,2001-07-06
"Cary Bailey",damaris.carroll@example.org,Crooksville,40,2019-07-18
"Jamil Kuvalis",cleve96@example.net,"East Carlichester",59,1997-12-08
"Dr. Ransom Conroy III",erna.waters@example.com,"South Berry",29,1997-12-01
"Ms. Elsie Crist II",bartoletti.meghan@example.org,Crawfordside,23,2011-01-09
"Freeda Kerluke",alexanne73@example.org,Turnerland,32,1999-08-10
"Mr. Jon McKenzie V",jake52@example.com,Borerstad,56,1989-07-21
"Kian Kirlin",perry.moore@example.net,Connellystad,52,1991-09-03
"Ashton Green",okiehn@example.com,Fishertown,50,1994-11-13
"Prof. Betsy Crona",dharvey@example.org,"Lake Monte",29,1977-09-14
"Alexandrine Mosciski",eddie79@example.org,Orenchester,48,1987-06-30
"Ms. Margot Mayer II",hillary.daugherty@example.org,"Lake Gerard",49,2020-01-27
"Arvilla Mills",rice.jo@example.net,"Port Laceymouth",62,2016-01-13
"Myrtle Runolfsdottir",breitenberg.corene@example.org,Abagailchester,29,1993-07-31
"Jessica Schinner",jmuller@example.org,Hauckton,49,1978-11-20
"Corbin Braun",vemmerich@example.com,Johnsonhaven,46,2008-10-05
"Sibyl Tillman",yhackett@example.net,"West Rosalee",46,2003-10-12
"Aurelie Rohan",boyle.carmine@example.com,"South Lucius",49,1995-03-12
"Dr. Alvah Donnelly",emmett13@example.org,Mooreburgh,64,2006-10-07
"Kenyatta Jacobi V",sabryna.kutch@example.net,Buckridgefurt,76,1979-05-15
"Della Davis",brennan32@example.org,"Port Amiyaburgh",39,2022-07-31
"Murphy Ritchie",rosanna60@example.org,"South Katheryn",38,1986-12-24
"Laverne Jerde III",elsie25@example.org,"East Meaghan",79,1991-04-09
"Miss Coralie Powlowski DDS",fmcdermott@example.com,Mackenzieland,22,1984-11-02
"Darron Brakus",dach.delpha@example.net,"West Judsonside",57,1995-05-02
"Jarrod Herman",breana.mertz@example.net,Brandynborough,81,1971-11-28
"Luis Fahey",horacio.cruickshank@example.org,Schmittfurt,82,2000-11-14
"Queen Pollich",brook.mosciski@example.net,"North Stantontown",28,1972-05-11
"Emmalee Funk MD",abbigail94@example.net,Brianaburgh,71,2013-09-23
"Mack Huel",streich.lorena@example.org,Joshuaburgh,19,2001-03-29
"Toby Murazik",harber.duane@example.com,Jenkinsbury,78,1988-06-11
"Keira Block DDS",runolfsdottir.randall@example.org,"West Perryfurt",37,2005-04-22
"Baron Murray",damore.roscoe@example.org,"East Brook",56,1984-06-03
"Miss Felicita Kulas",jaskolski.aiyana@example.com,Leschberg,53,2023-02-27
"Mr. Ambrose Jenkins",vonrueden.jerome@example.com,"East Olga",48,2003-10-17
"Prof. Vance Mueller DVM",elton.okuneva@example.org,"South Ayana",51,2001-07-07
"Brenna Gottlieb",qkris@example.org,"South Dessieton",33,1997-08-10
"Rebeka Gleichner",heaven.franecki@example.net,"East Mackenzie",35,2016-02-14
"Evelyn Grant",nmuller@example.org,Douglasmouth,44,1981-06-29
"Tristin Bogan V",ywaters@example.net,Streichside,54,2023-05-28
"Thurman Simonis",lonnie95@example.net,Romaberg,22,1990-12-12
"Marcia Hermann V",bernhard.skylar@example.org,Blickberg,73,2018-07-25
"Carli Fritsch",stamm.marvin@example.com,"Lake Jeraldmouth",45,1998-08-06
"Deondre Adams",hipolito84@example.org,Hendersonville,58,1992-04-02
"Randal Olson",green.ariel@example.net,Baumbachhaven,60,1993-09-20
"Magali Kessler",hparker@example.net,"West Ludieport",39,2010-05-11
"Pat Grant III",eunice.mann@example.org,Isabellaberg,28,1992-05-04
"Ms. Hassie Braun IV",uabernathy@example.com,Dooleyfort,77,1975-10-28
"Walter Hill",pgrady@example.net,Lolitaside,33,1983-03-07
"Leora Emard",nharris@example.net,Taureanmouth,51,1980-02-22
"Jo Kling",ethiel@example.net,Bergstromport,38,2015-10-23
"Anibal Rippin",josefina.turcotte@example.org,"New Theresa",58,2024-08-22
"Derick Weissnat",kauer@example.com,"North Raymond",56,1976-11-07
"Miss Jolie Sauer",kozey.carlotta@example.net,"South Simonefort",74,2020-10-23
"Erich Hintz",keven72@example.net,Peggiechester,75,2020-03-12
"Dr. Carlie Lueilwitz",stokes.malinda@example.org,Altenwerthmouth,35,1991-12-10
"Ms. Maryjane Littel",eleazar.treutel@example.org,"Port Louiestad",81,2013-12-29
"Courtney Quigley",jovany76@example.net,Feliciabury,54,2012-03-23
"Parker Block",pauline10@example.org,"Port Shanna",35,1985-01-10
"Dr. Erling Goldner MD",frederick.hills@example.net,"North Hassan",57,2002-07-18
"Miss Ofelia Rodriguez",stanford.schumm@example.net,Braunstad,48,2010-12-17
"Nella Satterfield",feeney.piper@example.org,Lueilwitzstad,55,2018-08-03
"Timothy Fahey",abigayle.metz@example.org,"New Llewellyn",84,1971-05-25
"Blaze Pollich",wchristiansen@example.org,"South Grady",60,2017-03-21
"Josiane Franecki",rkulas@example.com,Bartellbury,42,2005-09-15
"Gerda Keebler",ondricka.casper@example.com,Justinestad,18,1971-05-29
"Dr. Jeremie Ullrich",ahills@example.net,"Lake Remington",76,1986-01-20
"Tony Wolff",sydnie.orn@example.net,"Port Kaela",77,1994-08-18
"Jailyn Ziemann",vandervort.fiona@example.com,Weberside,29,2009-11-22
"Ardella Runolfsson",christina58@example.org,Lewistown,36,2006-04-28
"Nyah Klocko V",powlowski.zelda@example.org,Doyleberg,64,2021-01-17
"Elouise Gorczany",gpacocha@example.org,Nedville,68,1994-02-16
"Garrison Stamm",hjast@example.net,"Port Berry",74,2009-04-21
"Alivia Leffler",pfannerstill.maritza@example.net,Margarethaven,27,1971-05-11
"Prof. Damon Heathcote DDS",jacobson.ludwig@example.org,"West Emeliafurt",54,2020-07-01
"Elyse Smith",kuvalis.paula@example.com,"North Heber",35,2019-10-28
"Judy Bernier MD",joy.hand@example.com,Dickensberg,69,1984-10-29
"Sydni Hessel",alivia81@example.net,"Lake Dessieview",47,1999-12-04
"Cyril Sauer",charlie73@example.com,"North Alda",79,1980-01-17
"Roger Paucek",sallie.hintz@example.com,"New Perryfort",60,2012-11-06
"Weldon Cartwright MD",abergstrom@example.org,"West Josefa",73,2016-08-14
"Shannon Bins",orolfson@example.org,"North Carleestad",59,2011-11-01
"Cleora Olson",lueilwitz.shanna@example.org,"North Lamont",55,1984-11-04
"Mandy Cummings",luettgen.marilie@example.com,Hillardborough,36,1988-04-24
"Ottis Dickinson",lelia95@example.org,Crooksport,31,2010-12-13
"Dr. Santino Kozey V",gkling@example.org,Bettiemouth,78,1998-05-29
"Iva Johns",ohoeger@example.net,"New Noahbury",79,1983-03-13
"Barton Roberts",bashirian.marisa@example.com,Chasefort,77,1985-12-11
"Prof. Erik Halvorson",dewitt18@example.org,"East Kayla",77,2004-08-17
"Madeline Macejkovic",troy68@example.net,Dellabury,26,2007-12-29
"Jayme Hermann DDS",morissette.reynold@example.com,"Port Rosellafurt",47,1999-05-29
"Haylie Brekke",wkuphal@example.net,Batzland,24,1975-09-01
"Clair Huels",hessel.sofia@example.org,Emardburgh,83,1975-03-11
"Ramon Kshlerin",josh80@example.net,Kohlerberg,77,1975-05-25
"Imogene Kerluke",zwilliamson@example.net,"New Korbin",33,1971-03-13
"Mr. Mervin Tromp III",smueller@example.net,Johnsonton,56,2002-06-11
"Mr. Bernie Rolfson V",chammes@example.net,Marksview,85,1976-08-20
"Jenifer O'Connell",elvis.kiehn@example.com,Yasmeenville,82,2000-12-10
"Angus Morissette MD",dicki.candace@example.com,"Lake Lester",85,2000-06-03
"Mariane Spinka",champlin.leopold@example.org,Jaylanhaven,71,1999-08-31
"Lukas Buckridge III",greta62@example.net,Howardfurt,22,1991-08-02
"Candace Bins",achamplin@example.net,Zenafurt,81,2007-05-26
"Patience Lueilwitz V",breitenberg.hector@example.net,"West Rebekachester",78,1987-02-09
"Mable Becker III",zane50@example.org,Nicolasberg,67,1970-12-27
"Marco Dach",nannie40@example.net,"Lake Felix",79,1990-06-21
"Mr. Damian Berge",ana56@example.org,"Port Fredatown",63,1980-08-25
"Jessyca Gutkowski",bauch.rosalind@example.org,Erdmanton,69,1990-01-27
"Irving Pollich",flossie.predovic@example.net,"New Graycetown",42,1973-11-15
"Dillan Bogan",jared05@example.net,"North Zaria",83,2001-10-22
"Wilfrid Marquardt",pwilderman@example.org,Zemlakville,25,2017-07-27
"Alessia Homenick",percy.bernhard@example.org,Eddberg,51,1974-02-19
"Ola Gaylord",bradley24@example.com,Andreanneberg,56,2004-06-11
"Prof. Melissa Moen MD",audie.johnson@example.org,"South Malcolmland",63,2021-05-06
"Vernon Hammes",lowell.hauck@example.net,"Lake Leeside",25,2015-01-02
"Kayla Hane Jr.",parmstrong@example.com,"New Quincyton",47,2001-07-22
"Cortez Bergnaum",leuschke.edna@example.com,"New Opalland",25,1981-03-04
"Nickolas Skiles",imccullough@example.com,Rhiannonstad,23,2003-02-03
"Dr. Krystal Konopelski IV",terrence.stamm@example.net,Clemmieview,53,2021-04-15
"Britney Haag",lwelch@example.org,Letitiaberg,70,1972-05-13
"Gladys Hahn",anderson.kiana@example.org,Addieborough,63,2022-07-10
"Demond Grant MD",upfeffer@example.org,"North Bradfordville",25,2010-12-12
"Rafaela Wyman",breitenberg.oswaldo@example.net,"Lake Gerald",62,1999-05-18
"Darien Emard",ernestina.turner@example.com,"New Vicenta",46,1983-12-17
"Eleonore Rutherford",kiara.littel@example.com,Leonelmouth,24,1986-11-21
"Mariana Bechtelar",kacie95@example.com,Camilamouth,34,2012-06-12
"Maurice Nolan",lucile.zboncak@example.net,Lenniemouth,30,2020-07-28
"Mittie Lockman DDS",yost.jakayla@example.org,Walshland,82,1982-06-26
"Lavern Eichmann IV",arunolfsson@example.com,"Lake Maynard",28,1973-05-26
"Rebecca Pacocha",yundt.cleveland@example.com,Mayerville,64,2015-01-04
"Colin Steuber",kris.jamie@example.com,"Lake Nayeli",37,1988-05-10
"Dana Beahan",howe.serenity@example.org,"South Keshaunland",71,2013-06-09
"Helene Hegmann",wschuppe@example.net,"West Lilliana",64,1989-01-05
"Dr. Jaclyn Larkin V",forn@example.com,"Port Craigport",31,1985-09-24
"Otilia Littel",uankunding@example.net,"East Madonna",44,2002-12-13
"Geo Hudson II",bgutkowski@example.org,Blandatown,29,1972-03-08
"Zelda Stehr",chelsea32@example.net,Larkinshire,61,2001-08-16
"Germaine Langosh",nmante@example.com,Durgantown,66,2003-01-26
"Brayan Hintz",bartoletti.blaze@example.net,"Lake Karleyhaven",55,1997-03-21
"Elbert Zieme",obraun@example.net,Bransonfurt,31,2022-06-03
"Nikko Lockman",west.kale@example.net,"South Cornell",48,1984-07-10
"Forrest Larson",qschuster@example.org,Schmelerland,63,2005-04-08
"Laila Walter",elsa91@example.org,"Port Loma",49,2012-12-02
"Mrs. Marianne Kreiger DDS",winona.keebler@example.org,"North Mariane",28,1987-11-12
"Mr. Jermey Rau PhD",tremblay.jermain@example.net,Zenastad,32,1970-09-03
"Anabelle DuBuque Jr.",miles.dickens@example.org,Rylanview,85,2012-12-28
"Miss Blanca Heller I",carey82@example.net,"North Shakira",41,2010-05-20
"Jedidiah Hudson DDS",wisoky.rod@example.net,Trentontown,66,2003-06-27
"Jerald Schmidt MD",sabrina64@example.org,Batzmouth,35,1970-01-31
"Jamil Vandervort",therzog@example.com,Adahhaven,65,1982-05-15
"Leilani Feest",berry.langworth@example.net,Newtonstad,50,2000-12-04
"Dolly Schinner",billie.homenick@example.net,"Port Stewartland",47,2002-10-06
"Mr. Wendell Von",yadira52@example.net,"East Elianville",65,2020-04-10
"Prof. Garrett Bernhard",cynthia.corkery@example.net,Muellerton,42,1994-05-12
"Donna Medhurst",freddy62@example.net,Oberbrunnerborough,26,2010-06-29
"Brenden Parker DDS",jannie78@example.net,"North Ryann",46,2011-02-23
"Nedra Olson DDS",emmitt.king@example.net,Garnettmouth,22,1978-10-05
"Curt Koss DDS",williamson.kenna@example.com,"New Wilhelmmouth",20,1991-10-21
"Luciano Tremblay Jr.",kristina83@example.net,Brandomouth,54,2011-01-30
"Katrina Anderson",green.garett@example.net,Nasirberg,81,1999-11-24
"Ms. Brittany Dicki",ohauck@example.net,"West Jordynshire",53,2005-04-13
"Gardner Stoltenberg",dakota76@example.com,"North Demarcus",54,2005-08-13
"Royce McGlynn",annetta76@example.net,"North Dannyville",28,2008-01-16
"Lew Koch",stephen.king@example.com,"South Hilda",50,2014-10-22
"Electa Boyle",xmuller@example.org,Medhurstport,64,1986-07-24
"Fabiola Pfeffer",feest.estel@example.net,"New Stephan",57,1993-08-11
"Prof. Gabrielle Hahn",wunsch.stone@example.com,Loyland,74,2003-06-29
"Dr. Drake Kuhic DDS",rogelio.braun@example.net,Imanibury,72,1985-06-18
"Prof. Nathaniel Gibson DVM",schuster.kenyatta@example.com,"Port Celineville",26,2013-01-15
"Zoila Hane",rory04@example.com,Adamsshire,72,2015-04-07
"Shanie Greenfelder",leone85@example.net,Haileymouth,55,2015-12-04
"Yolanda Williamson",ecrooks@example.com,Bartolettiside,53,1999-03-29
"Lyda Ondricka",jacobs.mireille@example.com,"North Darion",27,1975-06-28
"Miss Greta Zieme Sr.",reginald21@example.org,Declanchester,67,2007-01-26
"Katelin Collier Jr.",reichel.manley@example.com,Raoulmouth,51,1982-03-04
"Adrianna Jacobson",baron.kiehn@example.org,Justynburgh,61,1976-06-10
"Shaun McGlynn",dan.mann@example.com,Croninbury,39,2005-03-13
"Albina Howe",coleman71@example.com,Wuckerttown,73,2015-11-01
"Tess Bergnaum PhD",reynolds.moriah@example.org,"New Fionahaven",71,1970-09-07
"Malcolm Lehner",stanton.trent@example.com,Duncanshire,57,1998-01-05
"Mrs. Albina VonRueden DDS",constance84@example.net,"Lake Cristobal",74,2023-10-11
"Arlo Miller",qhill@example.org,Pricehaven,82,2018-12-13
"Dr. Minnie Yundt",elliot.nienow@example.com,"East Santina",68,2023-11-07
"Dasia Tremblay III",fhamill@example.net,"Port Salvador",25,2013-12-09
"Prof. Clement Harris Jr.",bailey.elena@example.org,Cristalfort,59,1980-08-11
"Ms. Kathryn Bogisich",zmiller@example.net,Annieside,72,1977-10-22
"Walter Padberg",tremblay.fredy@example.com,Bogisichhaven,34,1975-09-26
"Mrs. Lora Leuschke",johnston.elody@example.org,"Lake Armanimouth",50,2003-05-20
"Alivia Will",kory.hudson@example.com,"North Chelsieshire",72,2000-08-31
"Agustina Gibson",zelda.herzog@example.org,Lehnerville,72,1998-12-18
"Vita Goodwin",hilpert.sabina@example.com,"North Emmett",36,1983-05-20
"Zelda Murphy",arely.nader@example.net,Satterfieldtown,79,1991-07-02
"Donny Hane",kcronin@example.org,Novellaberg,40,2022-01-18
"Johan Waelchi",ohara.leann@example.org,Bartellberg,74,2016-05-22
"Josue Morar I",ythiel@example.org,Lonzochester,41,1970-03-20
"Ms. Skyla Schiller I",hquigley@example.org,"Port Madysonton",57,1975-11-13
"Monty Orn",okeefe.kobe@example.org,Emilianostad,82,1996-01-06
"Dr. Stephon Wintheiser III",itowne@example.com,"New Dexter",36,2023-03-19
"Isaac Mitchell",lueilwitz.janiya@example.com,"South Edythechester",78,1998-09-17
"Hannah Shields",nathanial95@example.com,Graceton,76,1998-06-18
"Jay Boyer",lowe.adonis@example.net,"New Rubie",80,2007-11-30
"Ashleigh Turner",freida.runolfsdottir@example.org,Swaniawskiburgh,67,1971-10-28
"Eloisa Torp",deontae38@example.com,Georgettefurt,46,1989-10-23
"Douglas Koelpin",vrussel@example.com,"South Laverneland",35,2020-11-02
"Tremaine Davis",jettie57@example.net,Roweton,59,1992-02-23
"Ms. Simone Sporer",hermann.kuhic@example.net,Jadynside,40,2009-01-04
"Ashly Treutel IV",jacklyn.zboncak@example.org,"West Keeley",43,2009-12-27
"Shany Harris",tatyana32@example.net,Feestshire,40,1991-04-29
"Mr. Coy Boyer PhD",bemard@example.org,"North Maximillian",31,1982-01-19
"Jerald Deckow",asteuber@example.org,"North Lavonfort",65,2003-04-21
"Mrs. Aletha Strosin DVM",effertz.jacklyn@example.com,Wisozkton,31,2004-03-22
"Prof. Cathryn Greenfelder",oschaefer@example.com,"New Vida",85,2012-10-24
"Dr. Kylie Swaniawski Jr.",elsie.howell@example.org,"Port Julianatown",80,2017-03-08
"Karolann Hartmann",giovanni.graham@example.com,"West Tyreemouth",32,1983-12-05
"Santino Torp",terry.alden@example.com,Enafort,72,2004-04-27
"Jayde Spencer Jr.",hkertzmann@example.org,Claudbury,62,1972-08-27
"Broderick Schroeder",zemlak.rowena@example.com,"Port Lilian",85,2004-11-04
"Manley Mayer",ferry.desiree@example.com,Shieldsburgh,40,1992-06-04
"Prof. Naomi Berge IV",miguel84@example.com,Kittymouth,22,2020-08-18
"Caitlyn Legros",teresa.stracke@example.org,"New Seth",18,2001-06-12
"Dr. Cyrus Nolan",ellsworth89@example.org,Conroyfort,66,1990-04-10
"Javier Mayert",jmayert@example.org,"North Jacquelynborough",68,1982-11-04
"Shanny Trantow",ghamill@example.org,Olenside,33,2015-03-25
"Pattie Schiller",santina05@example.com,"New Demarcusfurt",20,2014-04-20
"Jarrett Crona",windler.jeremie@example.net,Feeneyburgh,81,1990-03-01
"Crystel Kovacek",jacky63@example.com,Robelshire,34,2020-01-28
"Danny Kirlin",angus23@example.com,"South Abigaylefurt",46,2014-05-08
"Stanford Williamson",leda.torphy@example.com,"South Heaven",61,1992-03-05
"Dr. Jovanny Ankunding",adams.aletha@example.org,"Port Jeffery",58,2007-03-24
"Flavio Yost",skiles.viva@example.org,"North Eileenfort",43,2015-12-30
"Brice Dietrich",sipes.verda@example.net,"Lake Samanta",44,1999-08-07
"Prof. Milton Smith IV",zbarton@example.net,"New Nyasiafort",56,2015-07-26
"Jack Gottlieb Jr.",runolfsson.norene@example.com,Raymondland,39,2009-04-13
"Wilbert Powlowski",douglas.schmidt@example.com,Reubenport,29,1986-08-14
"Mr. Johnathon Ward MD",fabiola.gulgowski@example.com,Efrainbury,38,2024-08-10
"Brenden Goyette",cjacobs@example.com,Deshawnfort,62,1980-05-31
"Myrtis O'Keefe IV",daphne26@example.org,"North Gayshire",24,1982-04-03
"Brennan Windler",ada.parisian@example.org,Macejkovicmouth,49,2023-08-26
"Ari Bogan MD",aaliyah29@example.net,Legrosborough,80,1987-08-30
"Tyrique McDermott",ecarter@example.com,Albinshire,33,2011-12-04
"Robb Ritchie",quentin89@example.net,"Port Earnesthaven",36,2001-09-18
"Mrs. Kamille Greenfelder",adam.friesen@example.org,"West Rahulton",85,2003-04-10
"Dr. Sigmund Predovic",elias.simonis@example.net,Bridiebury,43,2012-04-09
"Candida Koepp",fiona37@example.net,Rueckerburgh,38,2015-03-12
"Zachery Klocko",kbosco@example.org,"North Kayleighville",18,2007-01-17
"Ms. Lavonne Kreiger DVM",vkirlin@example.net,Lindfort,80,2015-03-28
"Clint Considine",dale.ankunding@example.org,Hodkiewiczbury,39,2001-11-12
"Hallie Becker IV",lstreich@example.org,"New Kameron",38,1977-01-27
"Shemar Kessler V",nmetz@example.com,"Lake Manuela",52,1987-01-04
"Karley Mills",streich.columbus@example.com,"North Freidaborough",62,2006-06-30
"Payton Grimes",vesta13@example.org,Trantowton,21,1994-06-04
"Cheyenne Baumbach",maegan.zieme@example.net,Daphneyfort,67,1970-12-31
"Verner Ledner",olen76@example.net,"South Earline",75,2023-11-18
"Vito Shields MD",herzog.darby@example.net,"West Norenemouth",68,1990-03-27
"Rachael Maggio",triston.kovacek@example.org,Mallieborough,56,1996-11-06
"Ms. Shana Kovacek",hansen.belle@example.net,Barrowsmouth,56,2013-09-30
"Celestine Christiansen",botsford.joelle@example.net,Saulville,40,2004-11-26
"Chandler Watsica",rolando15@example.com,"South Lethabury",84,1974-10-29
"Maverick Pacocha",cbarton@example.org,Jeffereybury,23,1971-11-23
"Kristian Bode MD",onie.klein@example.org,Bartellside,80,1999-02-21
"Prof. Vella Oberbrunner I",gibson.bernita@example.com,Charlottefurt,20,1974-07-23
"Miller Torp",annabel33@example.com,"Port Daphnechester",59,1979-07-05
"Henry Kreiger",nicolas.idella@example.org,Schummland,61,2002-12-25
"Prof. Audra Bergnaum",edwin.oconnell@example.org,Newtonchester,18,1983-09-16
"Santiago Abbott",dwillms@example.org,"East Shanny",35,2022-05-02
"Lisandro Willms",eda.wolf@example.org,Sporerside,32,1978-07-24
"Dr. Bobbie Gleichner III",torp.braulio@example.net,"West June",34,2005-04-05
"Ms. Carmella Gusikowski",wisozk.selena@example.org,Hazelport,28,2005-11-16
"Dr. Aryanna Olson",lamont.wintheiser@example.org,Kerlukeshire,48,1982-06-26
"Mr. Reed Kohler V",alexa75@example.org,Deckowview,50,2001-07-30
"Carlee Heaney",ullrich.aubree@example.org,O'Reillyville,29,1988-02-10
"Miss Dixie Baumbach MD",zackary.hill@example.org,Purdystad,41,1992-11-13
"Camille Jones",vonrueden.daphne@example.net,"West Madison",25,2001-02-01
"Angus White",lfriesen@example.org,"North Erin",69,2021-07-07
"Hailee King",talon.oconnell@example.org,Jordynport,33,1976-05-29
"Eusebio Hane",kristina22@example.org,Tremblayhaven,25,1980-01-08
"Bryon Hackett",ffranecki@example.net,"Lake Rozellabury",54,2020-05-08
"Prof. Michelle Maggio",savanah45@example.org,Eugeniaburgh,45,1973-08-08
"Vernice Hodkiewicz",ernestine.crona@example.com,"North Mohamedmouth",55,2021-10-22
"Alysa Kassulke",mikayla90@example.net,"North Abigayleview",64,2009-02-07
"Dr. Raymundo Renner Sr.",bogan.adrianna@example.net,Emiliastad,30,1980-07-12
"Vinnie Yost",beer.haven@example.net,"North Walker",37,2014-02-04
"Cletus Murphy",brenden.bode@example.net,"East Brentville",79,2017-11-30
"Garry Gleichner",afton36@example.com,"Lake Vivianneview",48,2014-12-03
"Dr. Mervin Wiegand DVM",schultz.hazle@example.org,"New Jettieland",49,1985-11-04
"Arden Abernathy",jblanda@example.org,Dewittbury,72,2007-09-27
"Friedrich Gerhold",khayes@example.com,Bergnaumtown,52,1984-07-25
"Margarete Stiedemann",iva.brakus@example.org,"Lake Garnettport",82,1987-08-04
"Alyce Heller",ondricka.bonita@example.com,Anthonyburgh,62,2017-08-14
"Jane Powlowski Jr.",karli61@example.net,Legrosbury,78,1985-02-21
"Leonel Erdman",ryan.stephany@example.net,"New Alfredoland",44,1981-08-03
"Miss Sadie Rippin",ttrantow@example.com,"Lake Kailee",40,2007-12-11
"Aleen Schamberger IV",oral78@example.net,Heidenreichside,71,1985-01-05
"Ms. Briana Ortiz",lue.littel@example.net,"Port Marietown",45,2011-10-08
"Elroy Langosh",mina.rippin@example.com,"East Mauricefort",64,2004-09-13
"Ms. Adrienne Pollich DDS",yasmin.ferry@example.net,"East Letitia",58,2010-11-25
"Myrtie Hammes",qrohan@example.net,Auerfurt,58,2005-07-25
"Haylie Renner",dwolf@example.com,Torphyton,56,2003-02-09
"Prof. Hailey Oberbrunner",mattie30@example.com,"Port Catherineberg",33,2005-02-18
"Karen Strosin",fadel.tanner@example.org,Nicoleview,81,1973-05-14
"Lon Pouros",croberts@example.org,"North Kyleighmouth",18,1997-12-13
"Jeff Cummings",prosacco.candida@example.net,"South Eveline",46,1998-02-04
"Lois Adams IV",reta42@example.net,"East Sibylburgh",50,1987-04-05
"Priscilla Nienow",addie21@example.org,"Port Kody",58,2002-01-24
"Bart Wiza",urunolfsson@example.org,Garrisonburgh,30,1980-06-16
"Lily Okuneva",kkautzer@example.org,"West Katharina",58,2000-07-28
"Prof. Sydnie Gerlach V",herminia12@example.com,Robertstown,50,1991-08-29
"Chaim Crona",gkulas@example.com,Lynchstad,58,2023-09-09
"Phyllis Trantow",uconroy@example.net,"New Edville",61,1993-01-29
"Mr. Korbin Kertzmann Sr.",osinski.crystel@example.com,Abbotthaven,62,2003-05-27
"Dennis Haag",pswaniawski@example.com,"New Ulicesbury",53,1990-10-06
"Vernie Klein",cmante@example.com,"Lake Ryleeberg",48,2021-04-13
"Maribel Harvey MD",mable.schiller@example.org,"West Antwantown",28,1970-04-22
"Ibrahim Corkery I",acorkery@example.com,"West Kaylaville",39,2005-04-17
"Otto Toy",weldon65@example.com,"South Romaview",48,1990-08-27
"Leatha Durgan",ondricka.timmothy@example.net,"East Rebeccaton",45,1971-06-20
"Ms. Theresia Hessel PhD",madisyn73@example.com,"Port Maria",71,2003-03-26
"Bradley Erdman DDS",ernser.brendan@example.net,Kossshire,82,1998-07-11
"Amalia Goodwin",providenci67@example.com,Yoshikobury,62,2020-10-16
"Prof. Liliana McLaughlin",zemlak.luna@example.com,"South Manuelaberg",31,1971-08-02
"Leatha Kuhic",cayla27@example.org,"Lake Summermouth",62,2017-11-28
"Mathilde Gaylord",apollich@example.com,Zulaufview,58,2001-09-14
"Forrest White",june76@example.com,Delmershire,75,2017-03-16
"Brooke Yundt",zrussel@example.org,Jordonborough,53,2022-02-24
"Maximus Lowe",shyann.schiller@example.org,Funkview,72,1982-11-13
"Mr. Lazaro Padberg",kamren53@example.org,Christiansenside,65,1992-09-21
"Jayce Stokes",wehner.alexander@example.com,"North Maureen",74,1990-09-20
"Aron Lueilwitz",renner.laurel@example.org,Newtonville,27,1988-09-26
"Marty Okuneva",dmacejkovic@example.org,Casperhaven,19,2021-03-22
"Brandy Green",davion42@example.org,"East Loniemouth",38,1997-09-27
"Jaylin Greenfelder",mdouglas@example.org,"Port Henderson",78,1988-01-11
"Prof. Adela Block MD",cassie90@example.com,"West Carter",42,1970-09-18
"Danny Ratke",heathcote.maximillian@example.com,Gillianmouth,73,1995-10-09
"Shaylee Schinner V",emmet66@example.net,Nathanport,83,2000-01-30
"Prof. Jerel Hoppe",keenan75@example.net,Satterfieldberg,53,2024-04-28
"Barney Marks",thora34@example.org,Dennisborough,52,1998-09-19
"Megane Wunsch",maeve.vandervort@example.com,Glendaville,43,1987-12-12
"Courtney Dickens",roconner@example.com,"Lake Assunta",45,2004-05-07
"Destinee Sauer",poberbrunner@example.net,Melvinaport,77,2005-07-19
"Prof. Jenifer Waelchi V",dblock@example.net,"South Elvera",38,1996-10-03
"Prof. Amy Huels DDS",edward60@example.net,Gagetown,56,1973-10-15
"Mr. Kim Rohan Sr.",lziemann@example.net,Hillarymouth,61,2020-05-22
"Tyrell Maggio II",matilde08@example.net,"East Deronland",39,1998-11-01
"Danielle Feeney",lynch.lindsey@example.net,"East Ryanmouth",52,1988-02-10
"Jane Farrell",pete60@example.org,Steuberview,28,2014-11-21
"Cole Bradtke MD",kari.kessler@example.com,Aiyanahaven,54,2016-08-05
"Lyla Bruen",cristopher30@example.org,Brekkeside,62,2004-08-15
"Ms. Madie Leuschke DDS",daniela.kunde@example.net,Ilianashire,83,1978-07-28
"Dr. Esteban Barton",sincere.heaney@example.com,Wolfchester,54,2015-11-19
"Noemie Bernier Sr.",wroberts@example.net,"West Jackie",32,1984-05-08
"Dr. Dejon Carroll",nlabadie@example.org,Ortizbury,42,2022-04-08
"Isabella Gusikowski",lemke.cassie@example.com,Guiseppeburgh,85,1989-01-15
"Demarcus Larson",bosco.jovanny@example.org,Runolfssonborough,25,1994-03-02
"Bradford Erdman",lubowitz.ned@example.org,"New Griffin",53,2022-09-25
"Shanny Rosenbaum V",king.delbert@example.net,Alysatown,80,2011-07-14
"Jazmyne Cronin",kfunk@example.net,Kuvalischester,26,1978-05-09
"Ms. Marjorie Jast Sr.",camren95@example.org,Millermouth,32,1990-08-22
"Daphnee Crooks",zetta78@example.com,Sierraberg,49,2014-05-20
"Prof. Florencio Auer II",ddickinson@example.com,"West Fredamouth",28,1994-10-14
"Blaise Morissette",tamara.green@example.com,Zoiefort,72,1989-09-11
"Silas Gorczany Jr.",clarabelle60@example.org,Monserratebury,56,2018-12-30
"Mr. Ramiro McKenzie PhD",hayes.monroe@example.net,"East Coltview",64,1988-08-29
"Moses Greenfelder V",xbatz@example.com,Jaidaberg,81,1978-06-07
"Hulda Cremin MD",camila.conn@example.org,"West Monserrateburgh",57,1992-02-17
"Dewayne Spinka",scot91@example.net,"North Hayleeland",74,2012-11-08
"Dr. Alexis Macejkovic",filiberto92@example.com,Nienowfort,70,1984-03-03
"Kaylie Kunde",jerrold84@example.org,"New Lorine",50,1982-06-19
"Alia Purdy",uwalsh@example.com,Sonyafurt,56,2012-05-23
"Rudolph Rempel",iklocko@example.com,Nigelmouth,28,1984-08-31
"Dr. Herbert Cassin Sr.",ueffertz@example.net,Denesikburgh,45,1994-05-17
"Trever Lesch",schuppe.joesph@example.net,Hesselborough,22,1979-02-27
"Rocio Becker",elinor85@example.net,Hahnborough,79,2008-09-19
"Dawn Blick",kallie95@example.net,Lizziestad,55,1997-04-10
"Clare Nikolaus",weber.felton@example.org,"East Jaketown",70,1973-06-15
"Patsy Maggio",rterry@example.com,"North Kaitlinton",43,1986-03-10
"Elinor Oberbrunner V",halvorson.hans@example.org,Estellmouth,51,1985-11-01
"Mrs. Anabelle Schmidt IV",jett.crooks@example.com,Nicoberg,24,1976-08-09
"Burley Gibson",lind.linnea@example.net,"North Stephen",33,1989-11-13
"Pascale Leannon",summer.kerluke@example.org,Windlerside,26,1985-04-17
"Pattie Blick",hkuhic@example.com,"North Demond",53,2015-03-27
"Tabitha Bosco III",ashlee.kessler@example.org,"East Aliya",67,1977-07-12
"Mustafa Nader",ndach@example.com,"West Alexandra",37,1992-04-11
"Sofia Bashirian",aaliyah.walsh@example.com,"South Maia",29,1987-10-04
"Virginie Fritsch V",lue34@example.net,"Port Breana",54,2018-10-29
"Breana Mann III",roger.mcclure@example.net,Taliahaven,85,1995-02-24
"Devin Kovacek",idurgan@example.org,Reichelhaven,65,2021-05-05
"Kaia Osinski",tdaugherty@example.net,"North Marcella",47,1984-10-25
"Dorothy Jacobson III",yvonne85@example.com,"East Annabelberg",65,2003-10-05
"Mrs. Estefania Stiedemann",heber.blanda@example.org,Bartonstad,72,1978-08-20
"Mr. Austyn Hudson DDS",fstehr@example.org,Nettietown,46,2014-04-08
"Nelda Mitchell",germaine.hoppe@example.com,Gastonchester,81,1999-03-13
"Dena Johnston",weber.khalid@example.org,"South Fletcher",30,2011-07-04
"Freddy Stanton",hraynor@example.net,Wildermanborough,55,1994-09-22
"Mrs. Elvera Mante",mayer.joan@example.org,"West Mikel",83,2021-07-29
"Bernadine Halvorson",swilkinson@example.net,"Port Jairoton",70,2001-07-10
"Dr. Mohammed Toy Jr.",harber.dayna@example.org,Maurineland,73,1982-10-03
"Raheem Kuvalis PhD",goyette.nicholas@example.net,"North Montanaburgh",63,1996-07-07
"Hollie Schneider",xzboncak@example.org,"North Gonzalo",83,2005-10-28
"Mrs. Jackeline Ebert DDS",catherine22@example.net,Ortizland,22,2022-07-27
"Terence Funk",jwillms@example.com,"Port Micahburgh",68,2003-11-08
"Keegan Jaskolski Sr.",dorothea.wolf@example.org,Kundefurt,50,2022-09-07
"Geovanni Nitzsche",devyn25@example.org,"Port Ardellachester",44,1996-04-08
"Amir Gaylord",haag.elinor@example.net,Isomport,38,1976-08-30
"Mrs. Tiffany Ledner PhD",camren.satterfield@example.org,McCulloughview,22,1986-08-31
"Miss Cassandra Nikolaus",ericka12@example.com,Wunschchester,35,1979-01-22
"Turner Luettgen DVM",jazmyn.gleason@example.net,Edwardoton,33,1973-01-18
"Zoe Beier",winfield.heller@example.org,"East Juanita",84,1992-07-14
"Amalia Crist PhD",ealtenwerth@example.org,Effertzfurt,71,2015-04-29
"Henri Sanford",antonetta84@example.org,"Lake Verdie",73,2022-01-08
"Sarina Heathcote",malcolm.ruecker@example.net,Jessycaview,48,1973-02-12
"Letitia Beier",toy.anne@example.com,Framiton,52,1988-10-04
"Cathy Johnston",trever44@example.com,Daughertybury,37,1972-08-10
"Dorcas Lubowitz",darrin19@example.com,Gorczanytown,41,2004-08-07
"Elvis Gusikowski",larson.verner@example.org,Kreigerland,59,2018-10-28
"Janet Fritsch IV",consuelo.hintz@example.org,Mortimerside,67,1995-10-29
"Jarrett Bartoletti Sr.",eldora.swaniawski@example.org,McGlynnstad,68,2020-06-29
"Mr. Amani Wunsch IV",kasandra39@example.org,Rippinshire,69,2004-03-09
"Ms. Gina Olson",pamela33@example.net,"Port Elbert",54,2010-01-22
"Alyce Schuster",kulas.keshaun@example.org,Gusikowskibury,76,1993-07-30
"Prof. Candace Kris DVM",leo10@example.net,"New Grayce",44,2022-04-19
"Rosanna Balistreri IV",psauer@example.net,"New Carolmouth",53,1975-06-08
"Vaughn Jaskolski",patrick83@example.com,"South Aracely",30,2018-05-11
"Jalon Kuphal",nash48@example.com,Ornfurt,62,2000-08-09
"Pedro Hodkiewicz",mante.henriette@example.org,"Port Candidaberg",51,1983-07-07
"Eldon Feeney",powlowski.levi@example.org,"Port Donnyfurt",57,2008-12-22
"Gage Borer",schumm.cierra@example.net,Colemanhaven,33,2017-12-27
"Sydni Hammes",nienow.kameron@example.com,Kautzerport,28,1988-12-30
"Horace Haag",hmurray@example.org,Reingerville,24,2008-03-09
"Desiree Schumm",shad67@example.com,"Port Tessie",82,2001-10-11
"Maud Schroeder",gerlach.juwan@example.net,"Lake Carleeland",39,2015-08-22
"Cathrine Marvin",balistreri.araceli@example.org,"West Leoneshire",76,2001-10-12
"Ozella Williamson Jr.",ewolf@example.org,Addisonbury,76,2011-11-02
"Mr. Donavon Krajcik MD",marisol.cremin@example.com,Willmsport,64,1980-11-29
"Mrs. Eulalia Ledner",lizzie53@example.net,"Lake Emeryhaven",32,1970-11-02
"Destany Stroman",ova10@example.com,"South Aliyahton",73,1988-11-04
"Ms. Blanche Padberg",karli45@example.org,Michelefort,84,1982-03-17
"Malvina Bruen",flatley.janelle@example.org,"Lake Keiraside",65,1984-04-29
"Ruby Zemlak",metz.bryon@example.org,Brekkestad,62,1975-06-08
"Delia Kub",abe.jaskolski@example.org,"Lake Rosaborough",83,2005-05-28
"Edythe Weimann",skiles.roberto@example.org,"Port Bayleeburgh",27,1989-05-06
"Miss Leora Williamson PhD",dolly.wisoky@example.com,"Port Keonmouth",42,2007-03-09
"Ms. Johanna Brown",alessandro.luettgen@example.com,"New Magnus",18,1992-08-24
"Elisa Zemlak",kavon25@example.com,Constanceburgh,78,2007-06-12
"Jesse Langworth I",qspinka@example.net,"Lake Icieburgh",46,1975-11-14
"Vincent Roob",juanita.nienow@example.org,Marquardtborough,73,1993-07-03
"Prof. Vicenta Hoppe",rosendo90@example.net,Weberport,77,1974-01-28
"Miss Lia Stanton",zbahringer@example.net,"Port Emelia",29,1975-08-04
"Cory Moen",rjohnson@example.net,Keiramouth,61,2015-09-25
"Darrick Herzog",alana91@example.org,Hermanntown,63,1975-10-05
"Amani Breitenberg",cristian97@example.com,Keshawnberg,21,1976-09-05
"Genesis Abshire",schuppe.dallas@example.com,"New Federico",33,2024-11-28
"Prof. Dejuan O'Keefe Sr.",veichmann@example.com,"West Tremainestad",81,2011-03-12
"Maybelle Cruickshank I",mcclure.chadd@example.com,"North Carmelo",22,2016-12-18
"Dr. Raymundo Gutkowski II",ali42@example.net,"South Priceside",60,1980-02-19
"Tracey Roberts",stewart73@example.org,Gutmannfurt,37,1984-04-15
"Katelin Wintheiser",cloyd.thompson@example.org,Hintzberg,57,1999-01-10
"Prof. Edgardo Schmidt",aida.kunze@example.org,"New Royland",44,1970-07-14
"Ramona Bahringer",reinger.dewitt@example.org,"East Torrancebury",29,1976-10-04
"Reymundo Muller",cornelius37@example.org,"West Verlie",34,1990-11-28
"Payton Gorczany",bogisich.domenica@example.org,Schimmelstad,28,1992-03-05
"Karelle O'Connell II",nick.nienow@example.net,Cronaside,78,2024-11-22
"Garth Hane",zmuller@example.net,Kuhicland,59,1977-05-31
"Kayden Ernser",feeney.wyman@example.net,Furmanview,81,2008-05-13
"Efren Hackett",schuster.zetta@example.net,Adrienhaven,71,2002-08-14
"Dwight Nolan",melvin.turcotte@example.net,"South Era",33,2020-11-16
"Gretchen Smith",fshields@example.com,"Lake Jamarcus",80,2024-10-12
"Thurman Haley",gmarquardt@example.com,Johnstonstad,58,1996-04-18
"Athena Koss I",roel41@example.com,"South Carmelo",65,1979-04-04
"Prof. Alexandrine Sauer PhD",helga.ondricka@example.net,Gertrudebury,32,2020-11-07
"Camilla Mante I",arlie.corkery@example.net,Nicolasfort,67,2001-12-21
"Lea Carter",emmanuel90@example.com,Gibsonside,65,1971-03-14
"Miss Krystina Hegmann",ddurgan@example.com,Monahanstad,50,1997-01-12
"Dallin Macejkovic",kay.littel@example.com,Barrowsburgh,53,2006-08-17
"Laverne Connelly I",golden55@example.net,"New Jaida",54,1993-03-28
"Dr. Brenden Schmidt DDS",kacey49@example.com,Evaberg,34,2006-08-12
"Corrine Macejkovic",karolann81@example.com,Eltahaven,84,2010-01-27
"Mr. Craig Lubowitz",kaitlin28@example.net,"East Josiahside",38,2010-04-23
"Arno Toy",casey81@example.org,Valeriefurt,28,2006-12-08
"Augustine Rosenbaum III",travis.stroman@example.net,Carlottamouth,42,1996-04-13
"Prof. Green Satterfield",tyra76@example.net,Kozeytown,40,1990-12-02
"Osbaldo Hoppe",princess39@example.com,"East Abnerside",43,1979-12-31
"Prof. Eloise Baumbach",labadie.alisa@example.com,"Port Weston",71,1990-05-06
"Velda Blanda",adela53@example.net,Chrismouth,31,1989-11-21
"Cleo Howe",dprice@example.org,Enochtown,45,2021-03-02
"Jedediah Stoltenberg",zmonahan@example.net,"New Adell",36,2001-11-24
"Elvera Hirthe",darian91@example.org,Emelymouth,84,1979-04-15
"Prof. Augustus Klocko IV",xskiles@example.com,"West Florencio",42,2002-10-20
"Dr. Kenneth Leannon PhD",osinski.weston@example.com,"East Audieville",73,1986-06-23
"Sanford Homenick",ptillman@example.com,"West Maidamouth",59,2016-07-23
"Delfina Dach",reynolds.kaleb@example.org,Jaydonstad,18,2022-05-26
"Unique Brakus V",marguerite.quigley@example.com,Brantton,49,2018-01-04
"Mrs. Jude Waelchi",angie.effertz@example.net,Hahnchester,60,2010-11-29
"Shannon Ruecker III",laila.connelly@example.net,"Port Otiliaton",80,2019-07-20
"Miss Alysa Lubowitz",sdeckow@example.net,Huelsberg,29,2010-04-03
"Deja Ritchie",ceichmann@example.net,Anaismouth,31,1997-08-12
"Matteo Blanda III",twindler@example.net,"South Miloberg",81,2010-04-27
"Charley McLaughlin MD",dusty20@example.net,Boyleland,30,2003-08-07
"Easter Keebler",bret.roberts@example.net,"East Brandomouth",81,1997-09-06
"Velma Bradtke",mossie.larson@example.org,Hoegerfort,48,2005-05-17
"Liza Hyatt",domenica.gulgowski@example.com,Gutkowskiport,76,2018-10-22
"Dr. Ruthe Schneider Jr.",mohammad.grant@example.com,Denesikbury,76,2006-05-21
"Millie Sauer V",libbie99@example.net,"West Devenmouth",24,1972-11-09
"Dr. Steve Davis",letitia.daugherty@example.org,"East Nannieberg",58,2006-02-16
"Ms. Cordia Kris Sr.",issac.larson@example.com,"North Verna",40,1975-08-19
"Kamille Hettinger Jr.",rose.sipes@example.org,Lavernemouth,18,2022-11-22
"Joelle Fay",ndibbert@example.net,Janetport,77,1989-11-12
"Kariane Gislason",ethel51@example.org,"North Zacharyville",39,2011-03-25
"Coby Hackett",josephine.labadie@example.org,"Lake Leiffort",72,2002-12-25
"Claude Kihn",vanessa.stark@example.org,"South Bradford",58,1992-01-13
"Colten Tromp",dion16@example.org,"Lake Isacshire",76,2016-12-05
"Melissa Rosenbaum",ohills@example.org,Kurtmouth,46,1996-05-19
"Jacquelyn Lockman V",abbigail.homenick@example.net,Uptonmouth,81,1998-09-29
"Rylan Stoltenberg",maybell.considine@example.com,Estaside,22,1975-11-08
"Mrs. Patience Collier IV",lia.rowe@example.net,Eliseofort,26,2007-08-13
"Rachael Kozey",jackeline59@example.org,"New Dakota",72,1989-11-15
"Eriberto Lakin PhD",ortiz.rocky@example.org,"Lake Tanya",64,1991-11-19
"Max Dietrich",zfranecki@example.net,Favianfurt,19,1980-06-28
"Miss Lila Schinner DVM",jaylin.leannon@example.com,Avamouth,82,2004-10-02
"Lacey Schimmel MD",gjenkins@example.com,"West Kayleymouth",71,1993-07-15
"Mrs. Lyla Ritchie DVM",isatterfield@example.net,"Lake Pierre",48,2024-03-17
"Deanna Rolfson",mozell.adams@example.net,Cecilstad,77,2023-05-04
"Dr. Ofelia Heaney III",raynor.ronny@example.com,Anikaburgh,18,1985-10-05
"Dr. Paul Hermann",qstamm@example.net,"West Maritzachester",24,2002-04-17
"Prof. Jarrell O'Connell II",ggreenfelder@example.com,"West Olaport",81,2006-02-22
"Prof. Glenna Turcotte DVM",samson13@example.net,Boganberg,18,2011-06-18
"Jeremy Ratke",jon.smith@example.net,"South Erik",61,1972-06-01
"Brooklyn Gleichner DVM",lebsack.dewitt@example.org,Christellefurt,66,1974-03-26
"Karlie Baumbach",raphael40@example.org,Roscoefurt,63,2013-07-18
"Prof. Meaghan Feil Sr.",upton.oliver@example.com,"North Danikaport",85,1992-03-01
"Mrs. Sydni Streich DDS",harvey.abagail@example.com,Iketown,62,2008-04-06
"Daphne Hilpert Sr.",micah02@example.com,Weberstad,22,2016-09-14
"Mittie Jenkins",leuschke.tressa@example.com,Lefflermouth,71,1981-05-21
"Raphaelle Hermiston",dock15@example.net,"New Burdette",19,2001-11-28
"Abbey Larson",roxane.daniel@example.org,Kerlukebury,33,2006-09-25
"Marcelino Koss",emery.ward@example.com,Myrtisland,38,2022-06-09
"Kareem Hoppe",feest.jon@example.com,Gaymouth,65,1980-03-10
"Owen Schuster DDS",wilderman.destin@example.com,Breitenbergside,77,1970-06-05
"Marietta Senger Jr.",yolanda11@example.com,"West Lunashire",19,1971-07-03
"Ernesto Littel",rita44@example.com,"East Marianaland",24,2001-09-06
"Trace Bednar Sr.",feest.emmalee@example.org,"Port Randall",25,2007-11-09
"Mr. Chesley Frami",otto.berge@example.net,"Port Melanyside",21,1994-07-04
"Pedro Nicolas",dena42@example.net,"East Juvenal",71,1973-12-15
"Ms. Celestine Heathcote",lina.green@example.net,Randalville,66,1972-02-18
"Elmore Hudson",jrunolfsson@example.net,"South Drew",70,2003-12-22
"Abe Prosacco",favian.okeefe@example.net,"Lake Soledad",76,1998-12-25
"Moises Purdy",martin.carter@example.org,Wiltonmouth,51,1989-09-06
"Dr. Krystina Gaylord",simonis.imelda@example.org,"Lake Brandoburgh",47,2002-03-11
"Paul Braun II",oterry@example.com,"New Alena",39,2023-06-24
"Alycia Langosh",bogisich.larry@example.net,"Lake Hazel",47,2001-12-31
"Alfreda Maggio",claud.mitchell@example.net,"South Guillermo",43,1976-12-16
"Ms. Kaylee Jast",donavon72@example.com,Russelhaven,72,2004-12-29
"Mr. Grady O'Connell DVM",estehr@example.net,"Lake Theoside",21,1981-11-02
"Ms. Camylle Hill",mann.okey@example.com,Greenholtbury,42,2022-01-22
"Antonina Purdy",miller.beth@example.com,Allanshire,48,1985-04-07
"Nicolas Keeling III",madisen18@example.com,"West Amirland",84,1999-02-11
"Mrs. Anais Zieme IV",whirthe@example.com,"Lake Lilaview",40,2006-09-23
"Abagail Funk",zola.ullrich@example.org,Mayerton,63,2013-01-20
"Jeanne Hyatt",destany36@example.com,"North Jeramie",53,1992-09-28
"Dr. Queenie Farrell",stokes.demond@example.net,"West Santos",39,2001-10-25
"Prof. Earline Cassin MD",jaeden.schaden@example.net,"New Ashamouth",18,1996-04-12
"Prof. Zackery Lockman",ylebsack@example.net,"Lake Maynardport",83,2005-05-10
"Mr. Makenna Bradtke",walker.kelvin@example.net,Emanuelfort,50,1980-05-06
"Lyda Rowe",qlangworth@example.com,"Port Sandrineport",40,1981-05-14
"Lindsey Gerhold III",cheyenne.erdman@example.org,"North Korey",34,1975-05-05
"Mrs. Joannie Zemlak Sr.",johnson.medhurst@example.net,Cronaton,18,2021-06-06
"Bryon Hintz Sr.",ofelia03@example.com,Baumbachville,52,1998-03-23
"Willow Nicolas",swaniawski.stacy@example.net,Bartellshire,58,2010-12-28
"Lilliana Osinski",keyon91@example.org,"North Eliseo",70,2016-02-06
"Ofelia Trantow",josefa.lemke@example.org,"New Elishaborough",71,1983-12-26
"Suzanne Schmitt Jr.",peggie.ondricka@example.net,"North Monroetown",74,1970-03-30
"Margarette Kshlerin",ostanton@example.net,"Lake Avery",19,1970-06-20
"Dr. Hershel Leuschke",ibosco@example.net,Boriston,28,1987-02-09
"Mr. Haley Kub",gerhold.larue@example.org,Smithamshire,83,1975-03-05
"Mrs. Odessa Rempel IV",kozey.maximus@example.com,Yeseniatown,30,2007-10-02
"Telly Kuhic",zmills@example.net,Prosaccomouth,55,1976-10-27
"Elsa Armstrong",gutkowski.dessie@example.com,"Lake Celine",25,1973-06-13
"Rory Koepp",ehowe@example.net,"West Randymouth",65,1994-03-06
"Judd Raynor",linnea18@example.com,"New Scottyville",23,2022-12-13
"Amari Reilly",dawson.schaefer@example.com,Elisabethfurt,76,1971-01-24
"Lela Kunze",drussel@example.net,"South Abraham",27,1981-03-18
"Zena Lakin",aufderhar.elva@example.com,Howellbury,83,2013-10-24
"Ms. Florine Runolfsdottir II",agleason@example.com,Spinkashire,34,1995-08-01
"Dr. Doug Becker V",libby66@example.net,Giovanniburgh,82,1983-07-24
"Idell Nicolas",robel.liza@example.net,Lubowitzside,56,1984-08-20
"Prof. Garry Lehner Jr.",obartell@example.org,"New Hoytborough",50,1972-04-14
"Dr. Marlon Crooks",wade84@example.com,"South Antonechester",64,2014-01-05
"Alford Goldner DVM",hirthe.harmony@example.org,Funkfurt,53,1993-11-18
"Eleanora Schroeder",marks.bradly@example.org,Krajcikport,69,2019-12-04
"Dr. Henri Williamson",manley.davis@example.org,O'Keefefurt,85,2004-06-10
"Ms. Rosalind Deckow II",floy75@example.com,Koelpinshire,85,1980-08-06
"Katrina Parisian",fsauer@example.org,Balistreriburgh,46,1981-03-25
"Prof. Shane Stracke",lexie.lehner@example.com,"South Morris",45,2022-12-07
"Arjun Nikolaus",kling.cassidy@example.net,"South Matteoshire",40,1997-04-22
"Prof. Raquel Davis I",sipes.isabella@example.org,"New Triston",82,2007-04-17
"Queenie Robel PhD",eloy19@example.net,"Port Vedamouth",74,2002-03-18
"Johnnie Stracke III",effertz.mariela@example.org,"South Sibylview",78,2007-05-29
"Warren Breitenberg",alfonzo.shields@example.net,Rebekatown,23,1989-06-24
"Genoveva Rau",ruben30@example.com,"East Kieran",57,1977-08-25
"Zane Mraz",nconn@example.com,Loriton,38,1991-06-08
"Ashlee Howe",dustin.weimann@example.org,"South Ruthiemouth",57,1992-03-11
"Lee Sipes III",jarrell14@example.org,"Port Maestad",35,1971-04-02
"Annetta Mueller",haylie03@example.net,Weimannfort,34,1992-10-30
"Shemar Marvin",ufriesen@example.net,Rutherfordmouth,41,2015-04-18
"Alycia Satterfield",laurine.bauch@example.com,Kristophermouth,37,2021-09-02
"Ms. Germaine Pollich",dach.nick@example.com,"West Mina",70,1997-08-01
"Brad Klocko DVM",cruickshank.matt@example.org,Hermannburgh,63,1991-11-26
"Mrs. Alexane Corwin V",ebins@example.com,"New Aaliyahbury",23,1992-04-05
"Quentin Walker IV",crystal40@example.net,"East Jaclyn",80,1988-11-09
"Enoch Moen",breanne32@example.org,Faytown,66,2002-03-17
"Eldon McGlynn",grant.raymundo@example.com,Santiagoside,33,1970-07-21
"June Schiller",prohaska.linda@example.net,"North Orlandbury",27,1976-02-12
"Deon Schmitt",phoppe@example.org,Gerholdmouth,20,1996-01-31
"Ms. Leora Dickinson",beier.raina@example.com,"North Vincenza",50,1997-08-31
"Helene Christiansen",kfay@example.com,"East Chadhaven",62,2020-11-27
"Derrick Abshire",antonio.ankunding@example.com,"Port Stuartbury",62,1993-07-14
"Dr. Foster Johns II",violet26@example.net,Donnastad,54,2018-04-02
"Jackeline Pacocha",tad22@example.org,"Port Aliya",20,2024-11-15
"Geovanny Kutch",efadel@example.org,Stanleyview,69,1999-05-01
"Enos Leuschke",onie18@example.org,Douglasbury,32,1999-07-05
"Aric Strosin",annamae30@example.net,Kenyattatown,73,2015-05-06
"Soledad Stroman",jamar.osinski@example.net,"West Alphonso",61,1996-02-12
"Prof. Grace Russel",ulises27@example.com,"North Orinfort",34,1981-06-21
"Rosendo Stracke V",ena32@example.com,Connellyberg,66,1976-05-06
"Evelyn Murazik",rwisoky@example.net,"West Dillanhaven",50,2019-05-23
"Dr. Linnie Gibson PhD",simonis.herman@example.com,"North Dayana",47,2012-06-04
"Ocie Stokes",deangelo.kub@example.org,Shannaport,47,2001-07-26
"Stephon Grimes",hreichel@example.net,Anastacioview,74,2005-01-04
"Darian Brown",umosciski@example.com,Jaceton,22,2010-11-21
"Tina Schroeder",osvaldo49@example.net,Caspershire,74,1995-03-18
"Alysha Hauck",nadia22@example.com,"New Babyfort",50,2001-09-18
"Jensen Gaylord",iupton@example.com,Darlenestad,74,1980-11-20
"Mafalda Gutmann",jeanie.botsford@example.org,"East Emmitt",29,1972-07-02
"Kylee Baumbach",litzy27@example.net,"West Carroll",44,1985-08-31
"Ford Paucek",schuster.abbey@example.com,Abbyhaven,67,1992-08-01
"Deshawn Mills",ledner.alex@example.net,Wuckertside,41,1970-06-10
"Antonietta Davis",lebsack.madalyn@example.net,Oswaldoshire,28,2023-11-03
"Dr. Troy Konopelski",jazlyn52@example.org,"Port Gailmouth",20,2022-08-02
"Kennedi King",monte53@example.com,Wisozkland,36,1991-08-09
"Cathryn Fisher I",schimmel.gwendolyn@example.org,Aylamouth,37,2017-09-10
"Maxime Rowe II",rosa.stanton@example.org,Maudburgh,32,1970-02-27
"Prof. Hans Koss",gage.von@example.org,"New Linnie",78,1980-10-16
"Christelle Corkery",josh16@example.org,"East Deborahfurt",22,1979-05-24
"Florida Waters",ziemann.chaim@example.com,"Lake Vincenzochester",27,2005-03-17
"Bernardo Heller",quitzon.griffin@example.com,Elwynmouth,78,2012-06-03
"Darrel Wilderman",kirlin.kathryne@example.com,"East Lila",36,1974-03-11
"Mr. Garry Hill",apadberg@example.net,"East Alisonmouth",47,1979-03-29
"Maia Conn",cdamore@example.net,"North Geovany",51,2011-05-25
"Prof. Eugene Schuppe V",easter.morar@example.net,"North Malcolm",67,2024-03-12
"Aileen Boyle",ardella.schmeler@example.net,"North Kasandra",67,2000-11-05
"Destany Hagenes",christiana.keebler@example.org,Schmidtberg,20,2022-07-26
"Terrence Collins",johathan00@example.com,"East Francesborough",50,2019-05-13
"Mr. Jasper Mertz",gstokes@example.com,Traceyville,43,1982-06-30
"Lindsay Hansen III",gail.mcclure@example.com,Boehmview,68,2008-03-24
"Mr. Douglas Wiegand",winifred.blick@example.net,"Port Joefort",84,1974-03-17
"Rosemary Marvin",rahsaan38@example.com,Zeldastad,76,1997-05-15
"Lucy Nitzsche",alfonzo29@example.net,"Lake Linnea",73,2008-06-05
"Rashad Rice II",adrienne.lowe@example.org,"East Axelbury",27,1992-05-29
"Felicity Sanford",lionel.haag@example.com,"Port Charlieside",56,2018-12-31
"Earlene Maggio",devante.weber@example.org,"Port Victoria",52,2001-05-29
"Germaine Ferry",ortiz.joy@example.net,Simonisport,68,1979-08-27
"Ms. Leann Davis",crystal20@example.org,"Lake Jeromyside",60,1992-06-18
"Delfina Moen",wisoky.claudie@example.org,"Lake Ila",74,2014-10-02
"Royal Gaylord",willms.lonny@example.org,Frederickmouth,72,1985-12-02
"Patience Rogahn PhD",trycia.klein@example.net,"South Juneburgh",21,2023-04-11
"Timothy Lindgren",kirlin.ephraim@example.net,"New Brennonburgh",18,1983-12-04
"Prof. Annamae Kling",yleuschke@example.org,"East Garfield",41,1972-07-26
"Buddy Batz",aurelia.considine@example.org,Nicolasburgh,66,1978-10-29
"Nakia Hessel",krystal.kessler@example.net,"Port Amariborough",34,2014-03-17
"Merl Yundt",rolfson.josie@example.org,Kuphalfurt,30,2005-07-07
"Corbin Ledner",carolina85@example.net,"South Sandra",40,2023-03-22
"Cleve McGlynn",irenner@example.org,"North Verlie",20,1985-03-15
"Darlene Hirthe III",ottis.homenick@example.com,Bartonfurt,21,2015-06-05
"Angelita Heathcote",rowe.hayley@example.org,Vestashire,55,1984-06-04
"Johanna Reichel DVM",uhermann@example.org,Collinsborough,34,2009-01-28
"Newton Kub I",penelope50@example.com,"South Katelyn",58,2017-01-12
"Martina Bergnaum",wiley45@example.com,"East Lavonmouth",47,2009-12-22
"Maritza Bins",raven62@example.com,Wintheiserfort,27,1982-07-10
"Travis Emard",franecki.vicky@example.net,"North Imogenefort",64,2014-08-06
"Beryl Rempel",camren52@example.org,"East Brittanyburgh",43,1985-05-04
"Ms. Sarina Ziemann",lcormier@example.net,"Port Earl",30,2004-08-04
"Mr. Loyal Wuckert MD",jovan66@example.org,Johnnieview,36,2024-01-24
"Jeromy Mitchell",gibson.carolyn@example.com,Rexfort,25,1989-02-23
"Electa Jenkins",jillian63@example.org,Auerside,48,2013-12-26
"Terrance Grant",hgreenholt@example.org,Aurelioborough,46,1989-01-02
"Jonas Bayer",lockman.della@example.org,"South Kierashire",47,1991-06-05
"Mr. Joaquin Weissnat II",kautzer.marjorie@example.net,Josuechester,79,1996-09-25
"Flo Zulauf PhD",augusta.ziemann@example.net,Joelland,64,1983-03-03
"Prof. Rachel Kub",dvolkman@example.com,"Lake Alysson",27,1971-01-19
"Dr. Giovanni Ward I",alan85@example.net,"West Skyla",25,2020-08-29
"Tristian O'Conner",ava53@example.com,Arnoldoberg,27,1988-09-29
"Carter Romaguera",virginie26@example.com,Murazikmouth,63,1998-09-15
"Dawson Kilback",ismael.wunsch@example.net,"West Dayneport",53,2006-03-09
"Prof. Wendy Watsica",heller.adrianna@example.com,"Lake Major",26,1980-08-01
"Myriam Hoeger",lemuel00@example.net,"Lake Eldridgeport",31,2016-03-25
"Crystal Pagac II",cdonnelly@example.org,Loweville,76,1978-02-27
"Abagail Heller",casey.dooley@example.com,Einarberg,51,1987-03-22
"Dr. Myrtice Bruen III",raleigh.stiedemann@example.net,Denesiktown,20,1975-07-09
"Aniyah Boyer",pmckenzie@example.net,Blickfort,30,1986-11-16
"Dr. Lorenz O'Connell",cfeeney@example.com,"North Candace",26,1976-01-01
"Dr. Mariela Stoltenberg",green91@example.org,Pouroschester,31,2010-10-14
"Estefania Kilback",rippin.misty@example.org,Bechtelarville,40,2014-08-11
"Dr. Bailey Olson",hans.mayert@example.net,Feestfort,80,2006-06-04
"Dr. Cristopher Rodriguez IV",romaguera.virginie@example.org,Whitehaven,79,1993-10-21
"Dr. Lon Terry",bradford11@example.net,Watsicaland,84,1992-05-23
"Prof. Samir Lemke I",gchristiansen@example.net,"East Billy",43,1980-07-25
"Dr. Jailyn Breitenberg",zachary27@example.org,"New Forrest",46,1971-09-27
"Calista Kris",kbalistreri@example.net,Langoshhaven,54,2024-06-08
"Hyman Jerde",hickle.sierra@example.com,"South Mac",60,1998-11-02
"Norbert Conn",zkertzmann@example.net,Melanyton,34,2013-04-20
"Sarah Purdy",darron20@example.com,Margretmouth,83,1983-01-10
"Kyleigh Moore",abbigail24@example.org,Stephonmouth,23,2009-01-25
"Lexus Larson",mhowe@example.com,"Port Maddison",21,1997-03-18
"Jerel Hills",kristy.beer@example.org,Blockberg,45,1974-07-23
"Mr. Modesto West Sr.",hnicolas@example.com,"Port Lillianabury",42,2019-06-14
"Ms. Astrid Goldner Sr.",wboyle@example.org,"West May",26,1985-10-27
"Dr. Nathan Dickens",royce80@example.net,"East Troyshire",54,2002-01-14
"Sven Quigley",bbeier@example.org,Mitchellburgh,73,2008-10-01
"Prof. Madelyn Kuhn PhD",lysanne.lynch@example.net,Porterborough,37,2011-09-10
"Linda Sporer",akonopelski@example.net,Caspertown,78,1982-09-07
"Torrance Orn",aliyah.vonrueden@example.org,"New Lionelport",48,1988-04-23
"Dr. Hillard Jones",douglas.baumbach@example.com,Torphyton,52,2010-10-12
"Hobart Nolan II",aufderhar.joanny@example.net,Madelynnton,62,1988-08-28
"Kale Beier",eleazar.ankunding@example.net,"East Damonhaven",70,1993-06-23
"Juliana Lesch Sr.",leannon.lenny@example.com,"West Berry",49,1984-04-13
"Prof. Mitchell Hessel PhD",kshlerin.corbin@example.com,Gradyfort,25,2004-04-12
"Mr. Nico Yundt Sr.",ssanford@example.org,"Port Joshview",76,2014-07-13
"Mikayla Olson I",wendy90@example.com,"Lake Hadleyland",47,1996-11-12
"Cleta Parisian",reginald33@example.net,Hermannport,72,1974-10-31
"Keely Orn",rogahn.heather@example.com,Mullershire,48,1974-08-21
"Prof. Geovany Hand",fabiola.leannon@example.org,Westmouth,72,1973-08-26
"Antonetta Luettgen",sven.mraz@example.com,"East Eloise",42,2018-07-10
"Marlee Tromp",hoppe.allene@example.com,Jacobiville,18,2012-05-09
"Hollis Klocko",lester.farrell@example.org,"West Juanitaton",66,2016-04-07
"Prof. Rory Pfannerstill",westley.witting@example.net,Germanland,65,2013-09-05
"Mrs. Yasmeen Okuneva",kirsten94@example.org,"New Wilson",52,1978-07-24
"Dr. Ibrahim Hansen",mbahringer@example.org,"Port Rico",29,2020-05-03
"Miss Alisha Dibbert",cecelia70@example.com,Zakaryside,30,1972-08-31
"Jairo Emmerich",rkiehn@example.net,Turnerland,83,1972-07-13
"Terence Gutkowski",jdoyle@example.net,Chloeborough,80,2024-03-24
"Camren Adams",ymarvin@example.org,Luciohaven,55,1984-12-05
"Ray Towne",swyman@example.net,Kiehnside,85,1989-02-12
"Guillermo Stark",phyatt@example.net,Vernonview,47,2019-05-23
"Ena Dickens",phyllis.wintheiser@example.com,"East Jillian",64,2001-01-06
"Dr. Lon Douglas",lou36@example.net,O'Keefeborough,40,1980-06-06
"Mr. Evan Cassin",nlakin@example.org,Halvorsonburgh,21,1976-04-23
"Gene Bayer",dpfeffer@example.org,"North Marisolmouth",49,1992-03-24
"Dr. Grover Stroman III",dustin.hermann@example.com,"Lake Lesterton",24,1981-07-31
"Fidel Abshire",dborer@example.org,"West Duncanborough",63,2023-02-08
"Shanelle Friesen",stephania.deckow@example.net,Johnpaulburgh,48,1978-09-17
"Evangeline Graham",ralph.cormier@example.org,Kulaston,71,2020-01-03
"Pauline Reynolds",victor.heller@example.com,Tessieview,49,2022-08-24
"Tom Cummings",padberg.heloise@example.org,Grahamfort,24,1998-03-15
"Raina Wiza PhD",janelle89@example.net,Jenniferfort,67,1996-12-18
"Einar Hirthe",nmertz@example.org,Mayertton,19,1993-08-29
"Dr. Edwardo Hills",corene.stanton@example.com,Jayceeville,61,2023-07-25
"Prof. Joesph Cassin",jacobs.oda@example.org,Kingchester,19,2001-06-16
"Larry Lindgren I",rigoberto.dubuque@example.com,Aliastad,43,2008-07-28
"Mr. Diamond Konopelski MD",suzanne32@example.net,"East Jada",59,2007-02-07
"Miss Erika Harber MD",srunolfsson@example.org,"East Maye",81,2013-04-14
"Keanu Fadel",schumm.adrienne@example.net,Turcotteside,85,1987-10-18
"Brenda Muller",betty05@example.org,"South Adan",84,2011-03-08
"Mr. Elijah Terry",barbara.kuhlman@example.org,Noemimouth,48,1982-09-06
"Fleta Langworth",maryjane31@example.net,"East Mohamedmouth",69,2017-09-05
"Dr. Delphine Fadel",jast.citlalli@example.org,Shannabury,50,1972-02-25
"Eriberto Boyer",zboncak.werner@example.net,"West Carmela",30,2000-11-24
"Annabel Runolfsson PhD",harber.jabari@example.org,Carmelochester,74,2021-10-21
"Nicola Adams",bertha91@example.net,"East Laura",76,2024-03-01
"Vicente Gaylord",abel23@example.net,Russeltown,22,2020-10-02
"Sabryna Botsford",denesik.anjali@example.net,Watsicaport,55,1973-04-04
"Francesco Emmerich",bauch.julia@example.com,"East Berylburgh",78,2011-10-25
"Elian Bergstrom",dillan22@example.net,Wilfredoton,53,2006-11-17
"Prof. Mack Swift DDS",thad03@example.org,"East Herminiochester",32,1994-11-08
"Bernice Streich",nella00@example.net,"New Hazlebury",55,1995-12-21
"Dr. Melba O'Hara",schaefer.jannie@example.org,"New Crystel",21,1980-02-21
"Ransom Veum",ziemann.sedrick@example.com,Evelynstad,69,1996-03-19
"Dr. Noble Schinner PhD",dflatley@example.com,Elizaville,82,1998-07-05
"Mr. Thurman Bashirian",von.lewis@example.net,Cassinburgh,67,1977-11-13
"Heaven Stark",friedrich.monahan@example.org,"New Cyril",19,1978-08-15
"Ewald Hettinger",ullrich.fern@example.com,"South Trinity",71,2015-01-24
"Miss Cora Bartoletti",gulgowski.wayne@example.org,"South Elmore",26,1998-08-30
"Afton Gaylord",theron.muller@example.net,"South Malachichester",68,1974-08-03
"Bernice Hahn",jalen48@example.com,"Lake Jazmin",77,1999-11-22
"Lyla Heidenreich II",haley.danial@example.com,Stiedemannborough,20,1993-09-04
"Micheal Kovacek",fannie.douglas@example.net,Jovanitown,48,2022-11-15
"Tevin Hane",keebler.rocky@example.net,"South Hildegardtown",60,2008-09-03
"Prof. Misael Halvorson",amari.hayes@example.com,"Lake Nathanaelmouth",77,2012-09-05
"Lucious Kling",adams.carmella@example.com,"West Mariane",21,1989-07-02
"Ms. Queenie Howe",qmorar@example.net,Rosalynchester,44,2024-04-14
"Reanna Labadie",lind.rhoda@example.org,"New Wilmahaven",44,1994-04-01
"Dr. Magnolia Smith IV",curtis.bailey@example.com,"West Jonas",26,1990-04-23
"Tia Lindgren",stroman.earline@example.net,Nienowside,21,1978-06-17
"Nadia Blick",kianna.larson@example.com,Fritschmouth,82,2005-08-01
"Reta Hudson",ruecker.althea@example.org,Jaysonshire,54,1974-11-27
"Skye Schmitt",khalid.roberts@example.com,Mitchellfort,51,1987-02-06
"Brittany Funk",ykling@example.net,"Lake Madisenport",82,1997-05-14
"Justina Braun DDS",twest@example.net,"Port Charlene",80,2003-07-15
"Katrina Ferry",tracey96@example.org,"Lake Hilario",80,2014-08-18
"Al Pagac PhD",flemke@example.com,Melbaland,50,2001-05-02
"German Grimes",xkilback@example.com,Wilbertstad,20,2013-09-25
"Miss Kenya Dach I",vickie.reinger@example.com,Wuckertstad,64,2000-12-21
"Emmalee Satterfield",gardner13@example.com,Cummerataside,21,2004-04-27
"Elise Dare",smitham.mortimer@example.net,Schultzmouth,85,1997-07-17
"Oda Hoeger",vrogahn@example.net,"North Ariel",50,1999-12-18
"Blair Kertzmann",reichmann@example.com,"South Miloville",73,1985-02-23
"Isabella Spencer DVM",mohr.deon@example.com,"East Ottis",29,2012-02-19
"Damaris Kuhn",frederik15@example.net,Judgestad,38,2018-06-16
"Mr. Davion Crona III",juvenal19@example.net,"Lake Bo",41,1996-12-22
"Dylan McDermott",bmorissette@example.com,"South Dorothystad",29,1983-02-25
"Dr. Dejuan Beatty I",kathleen93@example.com,Favianview,32,2011-01-20
"Tia Prohaska",heloise99@example.net,Watsicaville,68,2002-07-01
"Dr. Ashleigh Hudson IV",fmcclure@example.com,"South Janessa",26,2015-11-24
"Ruthie Boyer III",tfeest@example.net,"North Mekhistad",54,1979-06-01
"Neoma Wiza",bobbie53@example.org,Jeanieton,39,1974-01-15
"Nico Bergstrom",laurine53@example.com,Peterland,53,1981-11-24
"Ford Quitzon",effertz.may@example.com,"West Drew",76,1973-09-29
"Darwin Schuster",julius.dickens@example.net,Rodmouth,42,1974-10-22
"Ms. Beaulah Hill Sr.",ipowlowski@example.net,Martyfurt,56,1998-12-21
"Kyle Vandervort",pollich.rosalia@example.com,Ralphhaven,83,2012-02-27
"Katrina Yundt",pwyman@example.com,"East Sylvan",18,2017-09-19
"Prof. Heloise Hirthe Jr.",lavada.hills@example.net,Vinniehaven,80,2000-12-23
"Anastasia Schumm",ocasper@example.com,"West Emilie",53,2009-11-02
"Donnie Welch",herman.miller@example.com,Cyrusport,47,1974-03-25
"Miss Shanny Witting",montana55@example.net,Croninborough,71,1994-06-01
"Prof. Fleta Kub PhD",wilburn24@example.net,"North Kristianfurt",55,2011-02-21
"Giovanny Franecki",murray.vandervort@example.com,"New Arnaldo",67,2022-04-08
"Mrs. Calista Greenfelder IV",price.cathy@example.net,Abshirefort,67,1976-07-14
"Jo Hayes",bobby49@example.net,Hahnland,38,1989-07-20
"Taya Walsh",camille67@example.org,Augustinehaven,32,2021-08-30
"Ms. Annalise Braun Jr.",lizeth26@example.net,Elisahaven,38,1997-03-26
"Ruby Hayes",cheller@example.org,Alexaborough,33,1999-07-22
"Lavina Zulauf",mabelle.prohaska@example.com,Willmsfurt,76,1996-01-16
"Keagan Labadie",greg67@example.com,Dickenschester,36,1991-07-15
"Lillie Hayes Sr.",alison76@example.net,Timmytown,64,1988-11-02
"Tatum Block",francisca95@example.com,Willfort,78,1992-04-01
"Prof. Domenick Cassin PhD",marcus.schaden@example.org,"North Francis",28,1996-12-28
"Alexane Brown",htoy@example.net,"East Adelbert",54,2022-10-13
"Pearl Volkman",alvis.bashirian@example.org,"Lake Kennith",68,1982-06-03
"Mrs. Kaycee Sawayn",cummerata.eduardo@example.net,"North Anne",80,1992-07-03
"Karson Boyle Sr.",schaefer.bartholome@example.org,Skylaland,51,1977-05-14
"Dr. Emmy Dietrich DVM",wendy62@example.org,Broderickmouth,20,2002-03-30
"Louisa Hermiston",nquigley@example.net,Gulgowskichester,41,2012-01-14
"Macie Beatty",osborne93@example.org,Dewaynetown,25,1972-02-17
"Elisa White",xnikolaus@example.net,"New Frieda",51,2024-09-20
"Elza Hintz",gleichner.americo@example.com,Wehnerhaven,79,2001-10-14
"Miss Stephania Weissnat Sr.",tgoodwin@example.net,"West Jeanie",24,2019-05-02
"Jerrell Ullrich",isaias73@example.net,Treutelberg,34,1976-09-15
"Marcus Schoen",adams.camron@example.com,Hillport,43,2008-10-01
"Mr. Quinn Maggio I",yschneider@example.net,"Port Cierra",85,2017-01-14
"Lessie Tromp DDS",initzsche@example.net,"Port Virginieville",63,2020-12-05
"Diana Ondricka",sim.mann@example.com,"South Seamus",25,2011-08-27
"Nettie Moore",mueller.arne@example.org,"New Clementstad",52,2008-02-11
"Elbert Turcotte",sweber@example.org,"North Jamarcus",25,2001-03-21
"Otilia Goldner",krajcik.kianna@example.org,"New Rosemary",32,1976-05-14
"Prof. Dannie Herman DDS",fritsch.nyah@example.net,"West Armandberg",55,2002-11-11
"Krista Volkman",hansen.alicia@example.net,"New Toy",31,2015-09-20
"Chelsey Okuneva",hane.kasey@example.org,"East Jarrod",45,1982-04-05
"Shyanne Schiller",qondricka@example.net,"West Hudsonchester",80,1975-12-20
"Willard Harvey",mitchell.haven@example.net,Rosstown,46,2017-08-29
"Zachariah Medhurst",ebrown@example.net,Huelfurt,18,2013-07-11
"Mrs. Nova Mills V",ebruen@example.net,Babyfurt,35,1979-02-02
"Jarrett O'Kon",kelsi.considine@example.com,Hilpertside,36,1976-02-24
"Ron Sanford",antwon.gulgowski@example.net,Fadelville,35,2008-10-16
"Mrs. Alexandria Bode II",dahlia.howell@example.net,"North Clotilde",71,1972-01-22
"Allan Mann",dangelo.boyer@example.org,"New Jocelyn",78,1982-11-07
"Emerald Murazik",katarina.daugherty@example.com,Colliermouth,55,1993-05-25
"May Lemke MD",enid.fay@example.net,Emmanuelleville,18,1973-06-10
"Jasmin Rice",okon.ulices@example.org,Cristhaven,41,1996-06-24
"Shayne Graham",aokeefe@example.org,"Lake Danikamouth",26,2018-09-20
"Ms. Pamela Christiansen V",sreinger@example.org,VonRuedenview,75,2006-05-21
"Scotty Powlowski I",rowan92@example.com,Sengershire,77,1987-12-19
"Rodrick Auer",wweber@example.org,McKenzietown,53,2006-05-15
"Dr. Hugh Bauch",marta.dietrich@example.org,"South Morris",23,2023-11-13
"Elias Gibson",king.laurine@example.net,"New Lea",43,1995-09-04
"Nya Douglas",kbeahan@example.com,"South Joshuahview",33,1985-07-15
"Dr. Laurie Hyatt",wintheiser.floyd@example.org,O'Haraside,62,2010-12-14
"Kathleen Medhurst",treva05@example.org,Adeliafort,38,2024-10-18
"Mr. Mohamed Roberts Sr.",schamberger.eunice@example.com,Joshuabury,43,1978-09-17
"Sadye Schinner",zola46@example.com,"North Triston",85,1976-10-21
"Favian Hegmann",doyle.junius@example.com,"Lake Alysha",59,1987-09-04
"Dr. Hazel Stark II",assunta.rohan@example.org,Margarettemouth,42,1988-03-25
"Michael Abernathy",corkery.vivienne@example.com,"New Virginia",50,2001-08-10
"Prof. Kamren Padberg IV",ondricka.ozella@example.com,Quentinshire,33,2007-02-05
"Ron Ankunding",langosh.roy@example.com,"South Martinashire",76,1985-02-10
"Rodrigo Wilderman",kylie.reichert@example.net,"Port Helenaborough",57,1982-02-01
"Cheyenne Parisian",ymaggio@example.net,Randihaven,85,1986-01-22
"Lelia Kris",roscoe37@example.org,Morartown,19,1989-06-22
"Anne Koepp",guiseppe.cremin@example.net,"Port Neha",32,1978-02-18
"Wilmer Schimmel",christop.nienow@example.net,"North Randalfurt",78,2015-11-22
"Mose Hills",myah.fadel@example.com,Baileeton,59,2006-05-31
"Briana Padberg",mrempel@example.com,"North Citlalliland",30,1970-01-31
"Quinten Bode",lonny.emmerich@example.org,"Lake Myronton",27,2020-07-24
"Dr. Gregory Sauer I",jonas70@example.net,"East Susanna",61,1976-08-28
"Stanford Champlin",nebert@example.net,Tessfurt,63,1990-07-26
"Federico Effertz",maureen.oconnell@example.org,"Port Hubertfurt",74,1994-07-10
"Joseph Konopelski Sr.",warren.hand@example.net,Marjoryborough,38,1988-01-12
"Mrs. Renee Paucek",bailee07@example.org,Pfefferview,51,2000-11-22
"Kelsi Upton",jgreenholt@example.org,Aidaberg,49,2017-09-22
"Meghan Sporer",carleton.hegmann@example.com,Amberside,57,1987-02-25
"Tanya Satterfield",kris.hadley@example.net,"Lake Isom",62,2015-03-14
"Jaquelin Jacobson",vincenzo.graham@example.net,"West Bo",77,2006-03-03
"Jacky Koss",gerlach.haylee@example.com,Vestaland,51,2012-02-11
"Freda Beahan",vivienne41@example.org,"East Verda",60,1978-02-02
"Camron Greenfelder",randy.kshlerin@example.org,Runolfssonland,29,2008-02-03
"Anais Grady",elinore.rau@example.com,"North Marjory",20,2010-08-10
"Arne Marquardt",delphine.donnelly@example.com,"Lake Wilhelmine",41,1976-09-18
"Lane Rolfson",athena31@example.org,Jakubowskichester,23,2007-11-24
"Dr. Rex Mueller Jr.",rex.huels@example.org,Starkmouth,82,1996-02-26
"Clementine Hayes",yhuel@example.org,"Lake Arnaldo",37,2000-03-28
"Ms. Elza Smitham II",rowan.powlowski@example.net,"Lake Enos",56,2006-02-24
"Vinnie Cassin",annamae.ortiz@example.net,"West Russellborough",39,1989-02-04
"Manuela Considine V",nikolas.terry@example.com,"North Zoe",18,2020-01-26
"Miles Hansen",schmitt.alberta@example.com,Maybellberg,45,2024-01-25
"Mr. Gaston Mills IV",rullrich@example.org,"New Clementinashire",83,1986-10-26
"Lolita Hyatt Sr.",ashley.schaefer@example.com,Sawaynborough,79,2018-02-06
"Annetta Lebsack",savion.prohaska@example.org,"East Clint",64,1975-12-28
"Geovanni Hilpert",jayne.terry@example.com,"North Anika",38,1991-06-29
"Theo Gulgowski",nikolaus.karolann@example.com,"East Gustaveview",40,2015-02-26
"Elijah Spencer",riley.johnston@example.com,"West Aniyahmouth",41,1986-10-20
"Helga Schneider",qcartwright@example.net,Kutchview,48,1976-12-15
"Lambert Rodriguez",sconn@example.com,Okunevaborough,69,1972-12-03
"Angelita Ernser",hayes.russ@example.com,Lavadafurt,78,1975-05-06
"Cristian Raynor",wlowe@example.net,Adolphustown,83,2023-04-05
"Blair Heller",mdaniel@example.org,Antoinettebury,33,1971-01-20
"Karson Beier",christine.kling@example.com,"North Vita",63,1974-02-15
"Hollis Fay",jgerlach@example.org,Zoraport,61,2020-07-31
"Lori Graham MD",kutch.elouise@example.org,Demarcusfurt,23,2021-07-01
"Ewell Adams",silas00@example.com,"North Anastasiaville",39,2006-08-03
"Viviane Smitham",hhills@example.com,"South River",58,2024-11-14
"Myrtie Gibson",karley.bradtke@example.com,Maryambury,20,2002-02-16
"Jailyn Denesik",agnes.thiel@example.net,"East Hallieside",85,2014-10-05
"Dr. Raoul Crooks",issac19@example.net,"East Ismaelmouth",34,1972-12-10
"Reece Harber",jane.hyatt@example.org,"West Georgehaven",70,1972-10-29
"Rogers Runolfsson",joannie.emmerich@example.org,Wendytown,53,2021-11-10
"Lincoln Fritsch",doris18@example.net,"South Dolores",79,2015-01-21
"Prof. Deborah Reichert",frunte@example.com,"Lake Jaeden",44,1986-06-25
"Scot Goyette II",milford27@example.org,"New Flossie",68,2004-11-27
"Mr. Angus Abernathy",dillan88@example.com,"West Adeliamouth",84,2024-09-12
"Mrs. Kara Cassin III",carissa.pfannerstill@example.net,Padbergfurt,64,2002-11-05
"Mara Walter",valerie.collier@example.org,"North Dena",75,2004-01-22
"Mrs. Mandy Heller Jr.",pleffler@example.com,"Port Carlottaborough",38,2003-10-23
"Queen Connelly",tracey89@example.org,Beckerburgh,51,1999-06-18
"Halie Christiansen V",jewel.will@example.org,McLaughlinport,31,2017-06-13
"Ms. Edyth Stanton",unique06@example.org,Schadenborough,29,2017-02-23
"Lester Cole Sr.",rempel.aric@example.com,Baumbachshire,24,1996-05-15
"Virgil Strosin",lillian.lubowitz@example.net,Marvinview,48,1983-06-28
"Dr. Piper Cremin",fjacobson@example.net,"East Jayneborough",63,1997-05-06
"Ms. Katrine Funk",koch.price@example.net,Devinfurt,48,2023-12-27
"Agustina Greenholt",ekunze@example.org,"West Preston",18,1994-05-06
"Alvena Hyatt Jr.",xhessel@example.com,"North Rheachester",34,2000-04-16
"Dr. Dominic Rutherford II",rogelio.roob@example.net,"West Narcisoport",19,1979-06-01
"Cyril Zemlak",ebert.jimmy@example.org,"North Pamela",56,1994-10-21
"Orville Collins",fay.alexander@example.net,"Port Zelmafort",84,2019-09-27
"Oleta Schneider",schmidt.cole@example.org,Abbigailshire,54,2000-12-12
"Ernie Marks IV",zoila20@example.com,Weissnatborough,30,2001-11-09
"Mr. Colton Koepp",chaya16@example.org,Feestmouth,65,1985-01-08
"Valentin Towne",miller.schimmel@example.net,"South Yvettemouth",74,1991-03-07
"Prof. Nathan Rogahn",brandy56@example.com,Dorastad,26,1974-07-13
"Dr. Everett Hagenes DVM",berta.purdy@example.net,"Port Elenor",44,1981-05-27
"Cortney Weimann",jeramie02@example.com,"Port Ashleyville",83,1972-11-18
"Mr. Moshe Koss MD",johnathan.schmitt@example.net,"Lake Sebastianton",56,2000-11-12
"Stella Hoppe",kerluke.lamar@example.net,"Lake Eltonshire",74,1973-07-08
"Lane Bartoletti",corene42@example.net,"West Oraberg",54,1993-11-15
"Naomi Anderson",hthiel@example.org,Franeckistad,66,2013-10-16
"Mr. Cristobal Davis",laura.rempel@example.net,"South Rachael",36,1988-05-26
"Dr. Kiel Klein",ambrose54@example.com,"Port Giovanna",19,2022-01-14
"Roma Nicolas",feil.nannie@example.org,"West Kaley",74,1981-07-25
"Wilhelmine Wolff",candice.kautzer@example.org,Vanhaven,82,1991-02-03
"Brice Klein",matilde32@example.net,"North Giovani",38,2005-01-30
"Joannie Weimann",randy.schinner@example.com,Melliestad,24,2009-07-15
"Belle Kunze",gstark@example.net,Londonville,32,2016-08-30
"Brennon O'Conner",ygoyette@example.org,Shieldsview,60,2015-03-03
"Warren Kassulke",nborer@example.org,Estefaniamouth,83,1981-12-06
"Darrell Mohr",joshuah24@example.org,Grantville,40,1990-10-04
"Dina Hilpert III",weimann.roberto@example.com,"South Donnaview",51,2016-05-13
"Cornelius Fay",hschowalter@example.org,Saraiport,64,1973-03-18
"Dr. Effie Abshire",yveum@example.org,"Port Karlifort",29,2015-02-03
"Keven Harber",neil52@example.net,Terryport,79,2005-02-10
"Mr. Miller Reichel",trempel@example.org,Mantefort,33,1970-02-12
"Michaela Ernser",santos19@example.net,Jaquelinshire,39,1976-05-30
"Dr. Sigrid Gottlieb",fsipes@example.com,"Lake Terranceville",48,1998-07-01
"Tiara Parisian MD",sshanahan@example.org,Dulceborough,58,1984-10-27
"Dr. General Skiles",blake.powlowski@example.com,Kolbymouth,81,1977-12-02
"Berry Cartwright",alf65@example.net,Gleichnerhaven,72,1996-07-05
"Elbert Stroman",bernadette.wolf@example.net,"North Angie",40,2008-03-09
"Dr. Clarabelle Kunze",abdul.oreilly@example.com,Spencerstad,28,1997-11-19
"Casper Jakubowski",yjohnston@example.com,Schillermouth,83,1996-10-21
"Shanie Ritchie",sydnee.rau@example.org,"South Paxtonside",77,2004-08-07
"Fleta Moen",kessler.nichole@example.com,Valentinmouth,39,2017-02-26
"Rosalia Kiehn",adrian30@example.org,Botsfordberg,35,1994-12-07
"Maybell Stracke DDS",kconn@example.com,"East Ferne",74,2001-08-17
"Dr. Solon Cremin II",lincoln46@example.org,DuBuqueland,64,1992-08-26
"Cordell Hill DDS",irobel@example.net,"East Magnolia",85,2010-02-19
"Eula Walter Jr.",sthiel@example.com,"East Alethabury",20,1996-02-17
"Tina Skiles",delphine.okon@example.net,"New Samanta",60,2021-11-23
"Miss Liza Homenick",mflatley@example.net,"Port Letitiashire",42,1973-03-16
"Durward Bechtelar",rusty77@example.org,"South Melyna",74,2009-09-10
"Alexandro Miller",rnicolas@example.net,"East Brionnaton",46,1979-09-11
"Evans Rowe",uoconner@example.net,"Port Zetta",71,1996-12-20
"Dr. Jerrod Greenfelder",lily90@example.org,Koreymouth,72,2018-05-25
"Maiya Kuhn V",umitchell@example.org,"New Godfreyhaven",74,2012-07-02
"Jacklyn Brakus V",mario.mosciski@example.net,"South Alleneland",56,2004-04-18
"Izaiah Ziemann",lmorar@example.com,"East Billyton",45,2008-06-03
"Nannie Goyette",conroy.patsy@example.com,Schneiderburgh,40,2007-08-18
"Stephen Pollich",medhurst.anne@example.com,"South Brandtmouth",46,2012-12-21
"Chanelle Mills",kuhn.marilyne@example.org,"Port Zolamouth",76,1981-12-06
"Mr. Martin Johnson II",devante90@example.org,"Port Maximus",84,2017-10-15
"Pascale Jast",dmurazik@example.org,Willfurt,19,1990-10-11
"Mr. Levi Lehner PhD",virgil41@example.com,"West Marilou",42,2022-08-15
"Mr. Max Little I",adela83@example.net,Brodericktown,59,2021-10-31
"Jerome Lehner",dorian.prohaska@example.com,Doylemouth,72,2004-01-26
"Thomas Considine",alejandra39@example.com,Stiedemannchester,79,2011-09-13
"Mandy Tillman",isom85@example.com,Myrlfort,55,2013-09-28
"Penelope Ferry",leanna.thiel@example.com,Dareton,72,2004-02-13
"Miss Bailee Green",hickle.asia@example.org,"West Brucefurt",82,1999-12-18
"Prof. Odie Wolf I",weimann.ressie@example.org,Katlynnville,48,2005-05-17
"Garett Hane",adrianna96@example.net,Marleneside,70,1987-08-01
"Prof. Abigale Ruecker MD",metz.yolanda@example.org,Murphyberg,26,2013-07-22
"Jess O'Connell",brianne.stanton@example.org,"North Alenefort",62,1976-12-21
"Terrill Shields",qzieme@example.com,Trevionmouth,48,2002-10-02
"Mireya Johns",turner.judge@example.com,"New Lloyd",30,2019-05-21
"Cooper Kerluke Jr.",fahey.catharine@example.com,Tommiefurt,70,2006-07-03
"Ms. Heidi Steuber II",merritt.wintheiser@example.net,Chesleyton,46,1998-01-12
"Jalon Shanahan",feil.dave@example.net,Okunevamouth,61,2016-04-10
"Macie Reinger",pasquale21@example.net,"South Destanyfort",39,1976-09-27
"Kailyn Olson",weimann.rebeka@example.org,"East Wilhelminemouth",62,2008-03-19
"Tracy Leannon",santos52@example.org,Gleasonshire,23,1996-09-01
"Cortez Kerluke",marques86@example.com,"South Hallemouth",19,1989-10-30
"Amina Christiansen",erutherford@example.com,"Port Leoniestad",61,2020-02-17
"Dovie Carroll",vgoodwin@example.com,Maggioville,39,2000-04-20
"Maggie Hayes",tbarton@example.com,"East Lawson",80,1985-03-10
"Julia Schmidt",pnienow@example.net,"Lake Tyra",30,2019-11-08
"Mr. Roosevelt Dietrich",shaylee.macejkovic@example.net,Sigurdside,39,2016-10-16
"Mr. Garrett Bruen",marcia76@example.com,Lenorechester,37,2003-10-17
"Macy Stanton",vbauch@example.net,"Port Estebantown",56,1995-05-21
"Bernice Durgan DDS",elmore34@example.org,"New Callie",48,2013-12-20
"Dr. Lynn Torphy IV",hackett.flo@example.net,"South Aracely",83,2010-01-04
"Prof. Reynold Steuber",katelin15@example.net,"Port Krystal",61,2021-07-02
"Mrs. Lucienne Bernier PhD",liana.bogisich@example.org,Mariaport,29,2017-04-23
"Mr. Brock Weber",dannie.kessler@example.org,Yundtfort,51,1996-10-10
"Rodger Bartell",nicolette.stokes@example.com,"Port Aaliyahchester",40,2016-09-14
"Neoma McLaughlin",randy.hand@example.com,Danielville,23,1989-11-17
"Dr. Keanu Bruen",etrantow@example.net,"North Charleneton",45,1983-03-31
"Mavis Breitenberg",bahringer.jermaine@example.com,"South Nathan",54,2003-06-13
"Dr. Glennie Stanton DVM",raphaelle.brekke@example.org,"East Trentonton",70,2003-07-06
"Lydia Spencer",mosciski.rebeca@example.net,Gutmannville,67,2019-11-10
"Mrs. Joy O'Kon Sr.",mac57@example.org,"New Christ",36,2007-06-09
"Paris Miller",kaleigh.crist@example.com,Keanuhaven,38,1984-03-19
"Miss Betty Gutkowski III",yyundt@example.com,"New Kameronville",25,1978-04-26
"Mrs. Eve Graham",dana.block@example.com,"East Olintown",23,1977-02-23
"Yessenia Waters",abraun@example.org,Jacobsonbury,21,1993-01-24
"Tierra Smitham",kenny65@example.net,"East Tatum",81,1980-06-04
"Dave Hoeger",veum.dorris@example.net,"New Myrticemouth",29,1983-04-28
"Libby Ryan",tromp.carlee@example.com,Rainahaven,44,1984-08-10
"Cyril Kling",bertha.reilly@example.org,Malvinamouth,37,2000-03-02
"Dr. Rodrick Lind",donny06@example.org,"New Bethel",60,2010-10-30
"Kattie Abbott",will.erich@example.org,"South Alysson",41,1973-07-30
"Dr. Jeremy Jacobson DDS",alexie.hyatt@example.com,Ashlynnshire,44,2005-09-12
"Dr. Romaine Murray IV",kaylie.purdy@example.org,"West Harrison",65,2011-12-14
"Miss Concepcion Heathcote IV",kamille.pollich@example.net,Yundtview,73,1985-01-25
"Krystal Ratke",jacey.stamm@example.net,Gabrielleburgh,52,1973-12-06
"Miss Vallie Goldner",padberg.brooke@example.org,Sibyltown,55,2001-04-25
"Toney Runte",jarret76@example.net,Frederikstad,35,1985-07-08
"Neva Ankunding MD",krobel@example.net,Hansenside,31,1977-08-29
"Marcus McClure II",casandra09@example.com,Monserratefort,60,1972-03-26
"Mrs. Cathryn Wunsch MD",colleen61@example.net,"South Sallie",38,1974-02-10
"Christian Fritsch",jermey75@example.net,"East Deonteport",85,2022-11-18
"Dr. Berniece Mosciski",wrice@example.org,"New Jarvisbury",68,1983-04-09
"Mollie Kuphal",runolfsson.zackery@example.net,Orinport,52,1992-10-06
"Rosella Shields PhD",ova.oconner@example.com,"South Ilenestad",84,2011-06-25
"Vernie Lind",vroberts@example.org,"Port Sunny",69,1972-06-10
"Mrs. Kaci Haley",brennan42@example.org,"West Vladimir",81,1994-07-13
"Ali Nader II",kendrick.lesch@example.org,Lilyanchester,73,1997-03-22
"Theron Ullrich",metz.kevon@example.com,"Port Colleen",21,1992-04-03
"Lance Altenwerth",mryan@example.net,Deontaeshire,85,2009-10-17
"Sammy Robel",jennings.schultz@example.com,Abbeyshire,37,2013-01-08
"Dr. Ewald Homenick MD",hollie.borer@example.net,Denesikhaven,43,2007-02-13
"Hermann Rau",patience45@example.net,Keaganmouth,26,1988-04-04
"Abraham Altenwerth",josephine.schmeler@example.net,"South Imelda",62,1992-03-15
"Roy McLaughlin",emely73@example.com,"East Maybellton",40,1993-01-05
"Prof. Makenna Pollich",iborer@example.org,Ryanstad,41,2007-08-08
"Mrs. Jennie Weimann",leffler.breanna@example.org,"North Annabell",33,1980-03-03
"Buford Jacobson V",kuhn.aric@example.com,Vinnieburgh,21,2014-12-16
"Velma Weissnat",larissa.murazik@example.org,"West Feltonside",77,1982-05-28
"Prof. Freddie Walker",sibyl25@example.com,Lunaburgh,81,1998-07-13
"Simeon Nitzsche",sheldon01@example.net,"North Zack",42,2002-04-23
"Vena McKenzie PhD",hfahey@example.com,Kohlerbury,61,1970-03-29
"Stacey Marks",dabshire@example.com,"East Audrey",45,1996-04-21
"Keyshawn Willms DDS",lmaggio@example.com,Baumbachmouth,37,2021-03-20
"Ms. Camylle Williamson",aracely.hamill@example.com,"East Kara",52,1989-10-02
"Dr. Genesis Jakubowski II",trantow.marlee@example.net,Barrowstown,84,2009-02-16
"Margie Romaguera",cummings.ozella@example.com,Aliviabury,73,2008-11-11
"Tamara Murazik Jr.",niko99@example.com,"South Eli",66,1989-10-31
"Raheem Littel",ebert.orie@example.org,Ullrichton,36,1977-12-09
"Arielle Schulist",haltenwerth@example.com,Rafaelamouth,73,2016-11-18
"Watson O'Conner",zgleason@example.com,"Lake Eleanorefort",22,2018-06-18
"Bernita Stehr",delia68@example.org,"Lake Alvenabury",62,1984-01-27
"Tina McLaughlin",pkemmer@example.net,Heaneyton,79,1970-01-31
"Cleora Watsica",yemmerich@example.com,Kipborough,25,1970-11-24
"Claudie Waelchi",maegan.braun@example.net,Rosenbaumview,64,2004-03-12
"Maribel Littel",elwyn37@example.net,"West Camyllechester",82,2009-06-26
"Paxton Barton",ybeer@example.org,Jamirport,61,1972-08-03
"Petra Stokes",reed.reinger@example.com,"North Eliseo",20,1984-11-27
"Tyree Gerlach V",padberg.tristian@example.org,"North Darian",80,1979-07-15
"Prof. Candelario Streich DVM",spencer.eliezer@example.org,"East Gustave",63,1979-03-09
"Dr. Elisha Rohan",schulist.koby@example.org,"Port Alyce",83,2013-10-02
"Miss Ivah Krajcik",lysanne.bergstrom@example.com,Howellshire,39,1991-10-01
"Pearline Cassin",lebsack.dejah@example.org,"South Sydniehaven",40,1995-05-09
"Ms. Lois Franecki DVM",champlin.tianna@example.com,Owenburgh,40,1975-09-16
"Dr. Tyrique Hintz II",anderson.dejuan@example.org,Casperport,42,1989-10-21
"Mr. Dane Schinner II",scottie24@example.com,Lebsackside,29,1988-01-14
"Karina Bode",carmine.gusikowski@example.org,Shyanneville,76,1992-10-31
"Kay Fadel",casimir.cartwright@example.net,"North Brandtville",72,1978-12-23
"Trisha Bauch",lavonne.abbott@example.com,Hanemouth,45,2010-06-18
"Shaun Jakubowski DDS",nathen71@example.net,Ortizborough,46,1979-07-20
"Mrs. Julie Cormier",wlubowitz@example.com,"North Danialborough",73,2008-03-05
"Jacinto Heathcote",bradford.reichert@example.com,Naomiefort,74,1988-12-13
"Dexter Will",chet06@example.net,"Port Jamarshire",42,1990-10-28
"Felipe Hayes",brown.chadrick@example.org,"East Paulinemouth",31,1974-03-19
"Jeremie Stamm MD",pierre.toy@example.com,Norwoodton,73,1973-09-27
"Ms. Amely Cummerata III",ubaumbach@example.org,"North Reggie",52,1996-02-27
"Dulce Collier",destin.carroll@example.net,Quintenmouth,48,1983-12-20
"Dr. Noemi Flatley DDS",ldickinson@example.net,"West Colbyville",32,2013-04-11
"Amos Weber",abraham36@example.net,"New Michelle",19,1996-10-06
"Darrell O'Conner II",greenholt.morris@example.com,"South Domenicamouth",49,2003-09-14
"Dr. Sammy Wuckert",lacy05@example.net,"Lake Jerodberg",52,1993-11-23
"Daron Ritchie",brendan.thompson@example.org,"South Rhiannon",79,1993-07-05
"Kavon Hoppe",rey20@example.com,"North Faetown",50,1982-08-06
"Osbaldo Zulauf",crona.kraig@example.org,Thompsonside,64,1972-06-27
"Jackie Robel",dayne.kilback@example.com,Mayerfort,20,1983-04-08
"Will Schultz DVM",peyton34@example.org,Reillychester,76,2006-10-30
"Mr. Sheridan Williamson",rice.miguel@example.org,"East Yvonne",80,2014-07-08
"Enrico Christiansen",deckow.sedrick@example.net,"Port Amira",29,1982-01-31
"Andreane Johnson",ucremin@example.com,"Lake Magnolia",54,1977-07-30
"Prof. Taurean Padberg III",brakus.juwan@example.net,"Port Franz",22,1995-01-06
"Emilie Turner III",mmetz@example.net,"West Amaliaborough",62,2023-04-27
"Maiya Schowalter",tromp.amelia@example.org,Lindgrenville,29,1974-02-14
"Antonette Dooley III",izabella79@example.com,"East Ilafurt",21,2011-10-28
"Pamela Murphy",canderson@example.org,"North Brookeview",77,1976-05-27
"Rudolph Flatley",paucek.camren@example.com,"East Paula",61,1986-04-06
"Santos Yundt PhD",mercedes79@example.com,Veronicafort,66,2022-06-13
"Everett Lockman",kevin.ortiz@example.net,DuBuquebury,34,2003-11-22
"Ulises Weissnat DVM",emelia26@example.com,"West Martinaberg",47,1996-09-08
"Mr. Douglas Schultz",julio.kuvalis@example.org,"Lake Stephanie",30,1983-09-29
"Mr. Nicklaus Terry PhD",tressa54@example.net,Maximohaven,40,2001-03-26
"Lizzie Willms",reyna92@example.com,Bertberg,52,2011-12-16
"Jamison Vandervort",norval29@example.org,Conroyton,20,2006-04-13
"Rosendo Windler",hank42@example.com,"New Mireillestad",26,1984-08-17
"Dr. Orion Funk",jakob27@example.org,Everettbury,57,2012-03-05
"Madyson Berge",nikolaus.dillon@example.org,"Lake Perry",24,1975-09-09
"Amir Stokes",clementina.doyle@example.net,Malloryland,77,2024-02-14
"Esperanza Schaefer",kenyatta76@example.net,Silasland,67,2023-09-22
"Selena Schuppe",borer.vicky@example.net,Sedrickchester,55,1993-06-24
"Jazmin Powlowski",walker.fritz@example.net,Sageburgh,75,1985-11-21
"Rudy Kshlerin",runolfsdottir.asia@example.com,"West Laneland",19,2014-08-02
"Miss Jailyn Boehm PhD",uschumm@example.com,Violettefurt,27,1987-05-14
"Ursula Grimes",libbie.hill@example.com,Grahamshire,21,1996-01-30
"Arnulfo Hauck",charles00@example.org,"New Rethahaven",22,1976-07-23
"Joel Rutherford",schamberger.kaia@example.net,Macejkovicview,43,2004-08-16
"Miss Felicity Langworth",freddy.fritsch@example.net,"Port Jovani",34,2016-11-25
"Guiseppe Monahan III",tmedhurst@example.net,"Lake Jedediah",66,2009-09-06
"Hubert Konopelski",hackett.trisha@example.com,Schusterfurt,81,1975-06-01
"Alfreda Feest Sr.",gleichner.darian@example.com,"Lake Marisol",80,1987-01-04
"Retha Monahan",cade.greenfelder@example.net,Janelletown,51,2004-04-01
"Enoch Okuneva MD",erick.labadie@example.net,"Port Esmeralda",29,1996-09-02
"Nelle Schulist IV",vkiehn@example.org,"East Laurynstad",37,1991-01-30
"Dr. Delfina O'Reilly",zboncak.shana@example.com,"South Lavon",34,2018-08-17
"Sister Gislason",pgraham@example.com,"Port Deanna",84,2011-03-14
"Maxime Heaney",darien95@example.net,Gradytown,36,2019-06-09
"Gavin Roberts",brakus.lori@example.org,"East Amosbury",25,1983-07-21
"Ms. Sienna Sporer",forest86@example.org,Schoenville,75,1977-06-09
"Rebeka Von II",lpfannerstill@example.com,"South Kevonborough",49,1985-10-04
"Dr. Aron Bartell V",hodkiewicz.gage@example.net,Walkerbury,80,2020-09-04
"Prof. Marisa Hill",raymundo75@example.com,"Port Emmanuellemouth",84,1976-10-06
"Dusty Grant II",kemmer.gertrude@example.net,Murraystad,60,1997-09-20
"Ona Heller",boris93@example.org,"North Imogene",62,1994-06-14
"Presley Mohr",judy.mcglynn@example.net,"South Eduardo",74,1974-05-20
"Missouri Kshlerin",caleigh31@example.net,Ramonberg,45,1974-05-20
"April Luettgen",lowe.efrain@example.net,"West Geovannistad",82,1992-07-12
"Raquel Stracke",velda.bahringer@example.net,"North Corbin",31,2022-05-03
"Kadin Hammes",pschaden@example.net,"East Misaelport",75,2015-01-31
"Lilla McCullough",claudine.wolff@example.org,Kiehnfurt,18,2023-07-30
"Dillon Bauch",bernier.zachariah@example.com,"West Allen",33,2001-01-12
"Eliseo Auer Jr.",ekertzmann@example.com,"New Idella",24,1999-05-14
"Rodrigo Bayer",carroll.tad@example.org,"West Rosario",73,2001-11-15
"Ms. Shaylee Lang",balistreri.jaden@example.com,Vandervortchester,20,1978-02-05
"Winifred Barton",mpfeffer@example.org,Kovacekfort,57,1980-11-22
"Alana Gutmann",mills.carrie@example.net,"South Buddyberg",61,2023-06-02
"Dr. Jeremie Fisher Sr.",klocko.clark@example.net,"East Kaleighport",81,1982-01-14
"Jacinthe Harber",hrodriguez@example.net,"Lake Donavonside",54,1989-04-27
"Gregg Casper PhD",alia64@example.net,"North Rashawnmouth",34,2015-02-17
"Benjamin Abbott",gia.harber@example.org,"New Cornellport",47,2016-02-12
"Mario Gutkowski",mann.kenyon@example.net,Chesleyfort,45,2009-07-18
"Keshawn Romaguera I",hegmann.nickolas@example.org,"South Philip",72,1994-03-09
"Ms. Mollie Boehm PhD",lehner.cullen@example.net,Heathcotefurt,81,1989-06-29
"Sigmund Mohr",ladams@example.org,"Lake Jocelyn",23,1994-08-04
"Fanny Grant",vonrueden.giuseppe@example.com,"East Myabury",31,2008-02-03
"Hillary Boyer",zbailey@example.net,Turnerfurt,52,1989-03-15
"Emmanuelle Bednar",etha.witting@example.net,"Lake Harmonyton",24,1985-12-25
"Pearlie Ebert",douglas60@example.net,"West Caylaborough",60,1997-09-29
"Georgiana Sanford",franco.strosin@example.org,"East Odiefort",54,1980-08-12
"Giuseppe Schmeler",jerrod.johnston@example.com,Laurenhaven,36,1998-04-10
"Oswaldo Sporer",bartoletti.keith@example.com,Balistreriborough,38,2018-07-15
"Prof. Jayme Stark",estell.wyman@example.com,"West Constance",21,2007-09-30
"Nicolette Moore",bzieme@example.net,"South Sophiaton",54,1972-11-24
"Mr. Jameson Bartoletti PhD",nkoelpin@example.org,"West Florian",31,1993-04-25
"Dr. Sibyl Larson DVM",schumm.macey@example.net,Considineburgh,39,2011-07-01
"Katrine Becker",vandervort.hollie@example.com,Tedville,52,1973-02-19
"Dr. Lori Aufderhar",cedrick46@example.net,Emmanuelletown,42,2021-12-21
"Carmela Keebler",bergnaum.tess@example.net,Kirstinmouth,64,2021-01-31
"Mr. Olen Heidenreich",krosenbaum@example.net,Karlifurt,33,2013-08-16
"Brandi Swift",minerva43@example.com,"North Ally",62,1979-05-04
"Murphy Feest",schulist.ken@example.net,Hazelchester,27,2011-04-21
"Lesley Green DVM",nwuckert@example.org,"North Everett",70,1982-03-22
"Shayne Rippin",mann.grace@example.net,"South Hadleyburgh",38,1991-03-02
"Keven Bailey",gsawayn@example.com,"Port Camrynburgh",51,1978-02-18
"Dr. Raleigh Goyette DVM",sanford.reichert@example.org,"North Green",75,1995-02-28
"Amanda Kassulke",metz.rubie@example.net,"South Kirkmouth",76,2019-07-05
"Laney Beatty",kenya.mann@example.net,"New Ignatius",41,2016-02-25
"Prof. Josh Cremin",wbalistreri@example.com,"New Marquis",61,1994-11-13
"Danielle Jakubowski",pouros.kayden@example.net,"South Camila",54,1998-10-21
"Kayla Schaden DVM",qmccullough@example.com,Haneside,42,2010-01-20
"Eliseo Crona DVM",rex.treutel@example.org,"Lake Ibrahimburgh",58,2002-02-01
"Maurine Schneider",nlegros@example.org,"New Colbystad",72,1980-07-03
"Rita Willms",funk.gerardo@example.com,"East Connerville",53,2004-02-20
"Anthony Corkery",loraine84@example.com,"North Noemieburgh",24,2002-01-21
"Roosevelt Rodriguez",edyth.ohara@example.net,Robelfort,50,1994-02-14
"Stefan Purdy",kyler78@example.net,Zemlakberg,45,1995-10-28
"Tyrique Zieme",white.nayeli@example.net,"West Jeaniemouth",33,2006-11-03
"Alfonzo Strosin",lueilwitz.cletus@example.org,"Lake Lilliehaven",29,2011-09-22
"Gertrude Runolfsdottir",loma13@example.org,"North Leathafort",38,1988-11-18
"Jeramy Konopelski",monahan.quinten@example.com,"North Augustine",79,2017-08-29
"Dr. Verner Fisher PhD",myriam77@example.net,Lindgrenshire,71,1973-08-30
"Horacio Lockman",marlon.smitham@example.com,Dibbertland,68,2014-07-28
"Miss Vella Kris",schiller.brooklyn@example.com,Idellbury,64,1986-04-15
"Trenton Casper",hassie.gutmann@example.org,Adatown,51,2024-03-23
"Margarette Zboncak",kcormier@example.org,"South Lou",20,2001-05-15
"Mr. Mateo Cummings I",tomasa08@example.net,"East Asia",74,2000-12-25
"Madison Olson",vladimir80@example.net,"Port Leilafort",34,2002-03-13
"Madisyn Flatley",viviane.mueller@example.org,"North Enrico",47,2005-08-11
"Prof. Florence Klein",giovanna.crist@example.com,McGlynnshire,65,2024-08-29
"Ms. Imogene Runte II",xherzog@example.net,Auerfurt,51,1996-07-21
"Dr. Erwin Schamberger I",clyde.blanda@example.org,Hildaview,50,1986-03-27
"Carmel Quitzon",kstiedemann@example.net,Kristown,66,1995-12-16
"Chris Barton",buck.jerde@example.net,Ezequielport,22,1984-03-29
"Finn Ritchie",deion.jones@example.com,Bodeberg,26,1993-09-15
"Virginie Cronin Sr.",lucious31@example.com,Brownside,63,1997-05-17
"Sheila Carroll",kailyn.berge@example.net,"North Haliefurt",56,2017-06-05
"Mrs. Lilyan Krajcik",zena.fisher@example.org,"East Jacyntheberg",29,1982-10-03
"Rozella Jenkins DVM",haley.guy@example.org,Ellisstad,27,1997-12-18
"Alfred Farrell",ncummerata@example.org,Heaneyborough,84,1984-02-17
"Kale Donnelly",veum.margarita@example.com,Kaciton,69,2020-05-25
"Mr. Nicola Lehner",donna.white@example.net,"Port Dorthy",23,2015-06-17
"Moshe Gerhold",floyd.bruen@example.com,"South Eloy",38,1987-04-01
"Ofelia Fay",rodriguez.baby@example.net,Cadenmouth,35,1990-12-10
"Eleonore Armstrong",lrunolfsson@example.org,"North Tyrique",85,2010-07-03
"Dr. Leopold Ratke III",jason.roob@example.org,"New Elva",57,2009-01-15
"Dr. Johnnie Huel",fboehm@example.com,Reillyland,19,2014-01-25
"Kallie Zemlak I",kylee59@example.org,Bofort,80,1975-06-29
"Icie Davis I",bquitzon@example.com,Macejkovicfort,34,2022-02-26
"Harmony Toy MD",shintz@example.net,"West Ellen",59,2002-07-12
"Libbie Corwin DDS",kovacek.oliver@example.org,"East Antwonland",69,1983-06-29
"Marco Swift",rod.dibbert@example.com,"West Tatum",85,1991-08-26
"Mrs. Sarina Collier",qkoss@example.org,Murazikland,73,1986-03-02
"Miss Roxanne Dickens Jr.",alford13@example.net,Macejkovichaven,24,2022-12-23
"Unique Gorczany",jovan37@example.com,Heathcoteberg,43,2001-12-20
"Nils Schuster",okon.edmund@example.net,Howelltown,85,2007-05-15
"Dr. Wyatt Marvin II",maeve27@example.org,Reingermouth,39,1997-02-10
"Dr. Lauryn Bruen III",melissa63@example.net,"South Aracelyfurt",57,1982-10-15
"Yasmine Zboncak",jenkins.darian@example.net,"South Kiaramouth",55,2012-07-01
"Darby Bayer",hmcdermott@example.org,Walkerfort,19,1973-10-31
"Mrs. Brittany Dach Jr.",jordane38@example.org,"East Simeonville",31,1977-02-10
"Jonatan Ernser DVM",bettye.sanford@example.org,"West Hailee",45,1974-12-05
"Colin Jacobi",elroy.maggio@example.com,Ryanchester,36,1988-10-03
"Else Prohaska",sasha27@example.com,Americastad,72,2007-09-06
"Lisa Gottlieb",effertz.clotilde@example.net,"Port Loyal",65,2015-04-06
"Aida Jakubowski",unique76@example.net,"West Elodyville",76,1992-04-11
"Maiya Medhurst",maia07@example.org,"East Yesseniahaven",18,1983-11-10
"Lucio Kutch",wilderman.king@example.net,"North Carletonberg",22,2018-04-11
"Destinee Bergnaum III",sheldon29@example.com,Framimouth,55,2017-10-06
"Dr. Lavon Rice",bradtke.jimmie@example.com,"East Keeley",79,2002-02-16
"Celia Cruickshank",walter.haylee@example.net,Newellland,26,2009-04-10
"Miss Dovie Hand DVM",dorothy.kuhlman@example.org,"North Wade",57,1987-04-01
"Brenden Hagenes IV",lbrakus@example.org,"South Catherinetown",81,1995-04-29
"Alene Shanahan",cathy.wilderman@example.net,"New Milford",71,2021-03-03
"Margarita Cartwright",ckub@example.com,Framimouth,39,1975-03-29
"Mrs. Rebecca Lakin",pschmeler@example.net,"North Julien",85,1972-11-18
"Dasia Stroman",lbednar@example.com,Magnoliaview,54,2000-01-17
"Dr. Carleton Welch V",jayden.bartoletti@example.com,"East Linda",55,2013-02-25
"Tremayne Bogisich",malvina16@example.org,Dulcefort,62,1989-04-06
"Willy Schaefer",ggrant@example.org,Sterlingmouth,36,1987-05-19
"Jett Dibbert DVM",winfield.hayes@example.com,Myrtisfort,60,1972-06-08
"Rosella Schinner",jada68@example.com,Emeraldland,27,2017-08-11
"Sydni Bruen",rohan.dorthy@example.com,"North Koryfurt",48,2007-01-24
"Jesse Schmeler",konopelski.janae@example.org,"East Isaac",54,2004-03-29
"Stanton Crist",cheathcote@example.net,Robertsmouth,58,2014-08-04
"Yolanda Reilly Sr.",ogoodwin@example.com,"West Jameyport",65,2022-11-08
"Marge Hill",rrempel@example.com,Stephenfurt,52,2023-12-09
"Prof. Miller Runolfsson II",ziemann.bernita@example.org,"South Virgie",31,1997-04-02
"Vernice Gislason",pthiel@example.com,Johnsontown,19,1990-04-14
"Hermina Hudson",rogers.gleichner@example.org,"South Mara",67,1973-04-22
"Otilia Robel",zkoepp@example.org,Handfurt,75,1993-11-03
"Kristopher Heaney",lisandro.schoen@example.net,"South Stephon",47,1983-02-16
"Cary Mante",fahey.jovani@example.com,Hickleport,69,2020-04-26
"Grayson Swift",maggie66@example.org,"New Alekhaven",82,1999-10-30
"Kristopher Dare I",cormier.jalyn@example.com,Williamsonbury,59,2012-09-24
"Ms. Helga Emmerich V",ortiz.scot@example.com,"Lake Geovannitown",47,1974-01-20
"Mathew Ernser",swelch@example.com,"West Darrylton",66,1986-11-12
"David Bechtelar",bertha.dickinson@example.com,"Lake Molliechester",19,1980-05-10
"Mrs. Burnice Hoeger",jordan.oberbrunner@example.org,"Port Brendon",45,2002-04-08
"Prof. Chelsea Balistreri DDS",wilburn.senger@example.com,"Lake Madelyn",71,1994-04-06
"Elmira Brekke",lang.rory@example.org,Maggiotown,64,2019-02-23
"Kaley Walsh",wolff.jerad@example.org,Greenholtmouth,66,1989-07-09
"Dangelo Halvorson",vella.ernser@example.org,McLaughlinborough,71,1992-12-15
"Dr. Vidal Leuschke",alfonso.pouros@example.org,Torphyburgh,22,2005-10-13
"Syble Schumm",schmeler.derick@example.net,"Lake Demetrius",28,1979-05-19
"Cheyenne Glover",caitlyn73@example.com,"North Kaylie",19,1997-04-28
"Leann Sporer Jr.",alexander.murazik@example.com,Koepphaven,37,2005-02-11
"Ms. Sadie Hahn II",fjacobs@example.org,Rubenfurt,30,1986-09-20
"Buddy Medhurst",jewel.emard@example.net,Bahringerbury,80,2013-10-05
"Rosalia Grady",shaylee40@example.net,Macejkovicmouth,42,2013-07-08
"Kamren McGlynn",mann.laverna@example.net,"Lake Wendyton",69,1995-07-16
"Prof. Addie Gleichner",braxton.ernser@example.org,Blockton,46,1990-12-06
"Anastacio Moen MD",okeefe.kyler@example.org,"Port Destanychester",62,2022-04-15
"Mr. Baron Haley",bbeahan@example.com,"Port Jaquelintown",56,2015-03-30
"Savannah Reynolds",pwatsica@example.org,Kyleburgh,43,1987-01-27
"Corene Ebert",schmitt.stephan@example.org,"North Kaelaport",67,1988-07-06
"Ethyl Stamm",pfannerstill.cristopher@example.net,Chaunceyton,30,1998-06-13
"Hollie Emard",amiya.hills@example.com,"New Zakaryville",34,2014-02-01
"Makenzie Farrell",travis.huels@example.net,Watersport,34,2022-03-24
"Breana Tillman IV",flatley.lafayette@example.com,Homenickton,55,1985-06-05
"Hassan Torphy",areichel@example.net,Gloriashire,52,1976-01-10
"Dr. Ophelia Schaden DDS",lucius.rau@example.net,"Port Dorothy",50,1981-01-30
"Mr. Morton Ryan DVM",carleton23@example.com,"West Joaquin",39,1979-11-05
"Delilah Gislason",kamryn.huel@example.net,"North Lewisville",30,2007-02-07
"Brielle Hamill",name.kiehn@example.org,Zenamouth,53,2008-05-09
"Mrs. Edwina Lueilwitz",lonnie.berge@example.org,Ankundingstad,21,2011-10-26
"Ericka Gorczany",ferry.lemuel@example.org,"Lake Alexa",45,1994-03-31
"Prof. Edna Little",dorothea96@example.com,"East Camylleburgh",65,1996-03-17
"Garfield Senger",supton@example.org,"East Emanuelton",60,1973-09-25
"Euna Muller",iparker@example.net,"East Keon",21,1975-08-29
"Vallie Bartoletti II",jordane.macejkovic@example.org,Windlerton,70,1972-07-26
"Loraine Bogan Sr.",ola.durgan@example.org,Marksmouth,68,2023-06-12
"Casey Schuppe Sr.",leanne.heaney@example.net,"West Michalefurt",45,2012-01-24
"Verner Berge",amelia.brekke@example.com,"East Alishaview",51,2016-10-10
"Hallie Williamson",geoffrey73@example.net,Myriamport,29,1995-04-15
"Baron Mitchell",jane.carter@example.org,"New Rethafurt",21,1990-03-22
"Aracely Schamberger",kirlin.robbie@example.com,"New Malindastad",64,1993-12-03
"Deion Paucek",della.harvey@example.net,"North Christ",77,1983-01-11
"Mr. Silas Koss",johan94@example.com,"Lake Charlene",77,2012-06-21
"Monique Hand",barbara93@example.com,Rexmouth,70,1990-08-14
"Luz Bins",esther.zulauf@example.org,Felipaville,63,2010-03-18
"Prof. Jamie Hagenes",gzieme@example.com,"North Aracelyland",53,2004-04-04
"Blanche Parisian",wlemke@example.org,Quintenville,27,1990-02-17
"Dr. Darrion Walter",tromp.keyon@example.net,Delfinahaven,67,1997-12-20
"Dwight Grady I",pstracke@example.com,Clarestad,78,2005-12-25
"Dr. Garrett Zulauf DVM",champlin.theresia@example.net,"North Alessandro",58,2018-03-29
"Kobe Nicolas I",sadye44@example.org,Zulaufchester,83,2017-06-12
"Ashlynn Reichel",alta75@example.com,"Lake Jarredhaven",49,1983-12-23
"Lenny Hayes",phoeger@example.org,Leonelburgh,60,2010-09-10
"Caitlyn Kemmer",alexanne88@example.net,Amparotown,74,2017-10-14
"Lukas Brekke",herzog.javon@example.net,Hesterburgh,44,1987-03-03
"Cecilia Hickle",veum.shanel@example.org,"Port Graciela",38,2009-11-14
"Prof. Selmer O'Kon",devan56@example.net,"Lake Samara",56,2022-10-06
"Miss Maya Ondricka PhD",spencer39@example.com,"Port Peter",18,1976-06-20
"Dr. Anastasia Gulgowski III",blanda.christop@example.org,Eloymouth,29,1974-11-15
"Gideon Kling",bosco.laurence@example.org,"New Berta",18,1985-12-15
"Lavina Hilpert",antwan.powlowski@example.com,Sporerbury,40,1983-10-02
"Prof. Malachi Fisher",lkreiger@example.net,"Lake Zariamouth",84,2009-10-10
"Barrett Beier",houston57@example.net,Stephanyborough,22,1993-10-07
"Jevon Mills PhD",kgrady@example.net,Bellahaven,24,1993-04-30
"Ms. Stacey Champlin DDS",lang.joany@example.org,Jaquelineborough,81,2016-06-11
"Jennyfer Skiles",fbergnaum@example.com,Virgieport,66,1974-11-26
"Anabelle Grimes",maria48@example.net,Jacinthemouth,82,1971-11-10
"Marco Simonis",douglas.leonor@example.com,"South Jarrettville",80,2021-11-16
"Theodore Bednar",bartoletti.kiarra@example.net,O'Konside,58,1974-12-13
"Benton Walsh",murl49@example.org,"Lake Elainaville",55,1973-07-04
"Leann Osinski",kacey08@example.com,Kemmerland,46,2016-05-16
"Mylene Schultz",milton.kilback@example.net,"East Marcelina",82,2004-06-09
"Shana Wolff IV",emie89@example.com,McClurefurt,73,1985-11-13
"Mr. Rafael Denesik",norris.treutel@example.net,"New Kirsten",85,2013-04-10
"Aditya Dibbert",hcorkery@example.com,"New Miracle",47,2012-06-10
"Miracle Zboncak",clement.pfannerstill@example.net,Maggiobury,28,1981-03-12
"Mrs. Jolie Prosacco",paul.kovacek@example.com,"Port Courtney",56,1990-06-03
"Giovanna Huel",brent08@example.net,Edisonmouth,60,1983-12-16
"Cassie Weissnat",fconnelly@example.org,"Lake Remington",21,2008-12-16
"Verlie Willms",fstroman@example.org,"Lake Dariana",66,2007-04-05
"Rosalind Watsica",flossie.gulgowski@example.org,Conroyport,36,2018-10-09
"Tara Schumm",ramiro69@example.net,Gloverchester,44,1992-06-06
"Mason VonRueden",federico00@example.net,"South Margehaven",36,1979-02-26
"Ms. Carli Eichmann",nikita15@example.org,"East Riverton",55,2016-04-25
"Myah Mraz III",patience.dickinson@example.com,"South Wanda",18,1993-02-02
"Randal Hills",qbednar@example.net,Rydermouth,31,1984-11-27
"Mr. Geovany Schroeder III",bswaniawski@example.org,Urielburgh,31,1980-06-03
"Daniela Rau",julian.becker@example.com,Leannonshire,46,2003-08-14
"Camren Schmidt",quentin.murphy@example.com,"Port Mollychester",18,2003-06-30
"Jordane Bernier",hollis.stiedemann@example.com,"Lake Madilyn",71,1977-12-24
"Stevie Hintz MD",orpha15@example.net,Emmerichfort,74,2012-10-01
"Prof. Makenna Corwin",vstokes@example.net,Arvillastad,57,1987-05-31
"Esther Douglas MD",uharris@example.com,Brakusland,41,1980-08-14
"Violette Russel",jade.balistreri@example.net,Daughertyshire,49,2012-05-19
"Aryanna Walsh",kiehn.annabel@example.com,Millerton,54,2002-02-05
"Presley Jakubowski",porter.gutkowski@example.com,Muellertown,38,1976-10-08
"Dr. Zetta Eichmann I",marlene.bergstrom@example.net,Elfriedaburgh,80,1993-03-06
"Jerel Armstrong",chartmann@example.net,"Lake Rocio",48,2014-01-26
"Stacy Smitham",pearlie.nader@example.org,"North Adam",45,2017-01-30
"Helena Stoltenberg",mann.silas@example.net,"Port Asiabury",68,1990-06-23
"Javier Rohan",jakubowski.edison@example.net,Cummingsmouth,28,1976-11-18
"Maeve Dibbert",rozella15@example.org,"East Bryce",27,1988-05-09
"Lonny Schmitt",federico.sanford@example.net,"South Ila",85,2004-06-06
"Ms. Hertha VonRueden PhD",adams.boyd@example.org,Herzogland,75,2011-07-26
"Beth Grant",zhermann@example.net,"Port Yadirashire",57,2002-09-08
"Beau Muller",nathaniel88@example.org,Madisenview,27,2009-06-30
"Nico Swift Jr.",janiya.thompson@example.com,"Port Elvieborough",26,2020-01-27
"Murphy Mayert",samson82@example.net,"West Kodyfurt",58,2016-12-13
"Darlene Kassulke",alexandre.bailey@example.com,"New Casimir",32,1984-07-14
"Isobel Bernier",gillian.mckenzie@example.com,Sarinachester,21,1983-04-21
"Skyla Hammes",ashlynn46@example.com,"Lake Ofeliaton",58,2019-02-19
"Mrs. Kyla Hermiston MD",hills.fay@example.org,"South Martinechester",79,1993-06-22
"Mrs. Roma Morar",dayton87@example.com,"Port Jennieland",28,1972-10-11
"Paxton Fisher",monty.koss@example.com,Russelmouth,65,1993-02-09
"Wilford Mante",godfrey45@example.net,"North Cristobal",69,1998-01-21
"Prof. Brandi Carroll I",marian84@example.com,"New Khalilchester",84,1996-08-07
"Ian Kub MD",rhianna05@example.net,"South Fannyland",29,2012-01-05
"Ms. Jade Bogisich",cmccullough@example.org,Labadiefurt,36,1992-10-01
"Kiera Barton I",kstoltenberg@example.net,Izabellaborough,54,1999-01-05
"Prof. Ike Friesen MD",brielle52@example.net,"South Garthbury",45,1993-10-13
"Kayla Kohler",reese.beer@example.com,Adeleton,72,1975-05-01
"Freda O'Hara",emile.marks@example.org,Elwinstad,38,1996-02-23
"Missouri Cronin",madalyn.barton@example.com,Bartonmouth,34,1993-01-07
"Reggie Breitenberg MD",jaquan.dickens@example.org,"South Erinberg",51,1981-10-31
"Dixie Casper",schulist.kaylee@example.net,"Port Salvatorehaven",70,1984-05-25
"Prof. Edwin Jaskolski III",maximillian.schumm@example.com,"Lake Richardstad",55,2024-03-04
"Shaun Schowalter",rosenbaum.alexane@example.com,Evanfurt,33,2020-03-24
"Wilburn Morar",amya04@example.net,Ottiston,84,2022-10-15
"Dewayne Bednar MD",mellie04@example.org,"Port Ransomburgh",26,1978-07-17
"Prof. Tyrel Waelchi",bernhard.leonora@example.org,"New Shannyshire",37,1970-01-21
"Anastacio Franecki",frolfson@example.org,"Lake Pat",55,1993-01-23
"Abraham Kunze",kianna74@example.net,Franciscabury,39,2023-03-03
"Roxanne Crist",jabari26@example.com,"Lake Jerel",38,1974-04-24
"Mr. Scot Herman Sr.",rippin.sherwood@example.org,Korbinmouth,78,2000-03-23
"Torey Weber Sr.",roob.diamond@example.net,Lauriannemouth,30,2000-06-10
"Abe Smitham",thiel.royal@example.com,"New Maximiliantown",72,1998-08-26
"Miss Dannie Dare",cpurdy@example.net,"North Shanonfurt",68,2004-12-23
"Ressie Goodwin",kreiger.mathilde@example.com,Ashahaven,48,1992-06-23
"Elza Dicki",jacinthe84@example.com,Brekkeland,26,2006-09-17
"Mr. Joan Morar",kturner@example.org,"East Deeside",30,1986-12-01
"Mckenna Jerde",erik72@example.com,"New Eloyfort",67,1974-09-11
"Annamae Cole",nedra.wintheiser@example.com,Estebanchester,37,1976-07-16
"Annamae Sawayn",murray.nichole@example.net,Mackmouth,52,2004-03-02
"Bella Reichert",oconnell.keely@example.com,Bradlystad,27,1996-03-26
"Mr. Deontae Rempel",bechtelar.cordell@example.org,"Port Domenickfurt",79,1998-08-23
"Kaylie Gleason",aric58@example.com,"West Devonfurt",74,2024-04-07
"Dr. Romaine Champlin",mcglynn.jaunita@example.com,Aldaville,19,2017-12-22
"Annette Hilpert PhD",jenkins.roxanne@example.net,"West Shaylee",21,2006-04-20
"Manuel Mills",berge.sage@example.net,"North Armani",66,2005-06-13
"Prof. Braden Kuhn",treutel.sanford@example.org,Jamalhaven,46,1979-01-26
"Katarina Balistreri DVM",jairo66@example.org,"North Jackelineborough",56,2019-10-14
"Mrs. Pattie Hermann",ymosciski@example.net,"South Ellabury",68,2020-12-01
"Palma Fay MD",hartmann.tania@example.com,"New Helmer",56,1991-09-06
"Ms. Noemy Sipes PhD",fay.jaeden@example.org,"North Jaquelin",43,1986-04-26
"Elenor Ortiz",linda.mcglynn@example.net,Lottieland,85,2005-03-08
"Jacinto Mosciski",ondricka.rahul@example.net,"Port Raeganfort",64,1985-08-07
"Vena Predovic",erika.mccullough@example.com,Gladyceside,23,1978-03-04
"Virginia Denesik",crystel52@example.org,Wisozkville,65,1988-11-03
"Mr. Otho Runolfsson",maci.bogan@example.com,"West Bret",44,1988-04-24
"Eileen Prohaska V",bergnaum.jasper@example.com,Osinskifort,35,1990-05-02
"Dr. Magali Rodriguez",stefanie13@example.org,"Lake Alyciaville",53,1992-12-04
"Prof. Ricardo Reilly MD",nigel.okon@example.org,"East Bernadetteburgh",59,1982-07-29
"Miss Effie Lemke",viola29@example.com,"West Nolaville",30,1999-09-23
"Maximo Stanton",bradford.brown@example.net,Okunevaton,75,1977-04-12
"Kaylah Pfannerstill",raynor.una@example.com,"West Delphinebury",39,1996-09-14
"Wiley Emard",ymurray@example.net,Schowaltertown,62,2019-05-21
"Holly Gusikowski",carson.mraz@example.org,"New Javierport",32,2024-08-11
"Prof. Peggie Pfannerstill I",cicero.kreiger@example.org,Hectorview,31,1992-12-04
"Alfred McDermott MD",emmerich.paige@example.net,O'Haramouth,76,1998-01-31
"Miss Cassie Green I",khayes@example.org,Hammesside,81,2015-06-30
"Gerard Stamm",radams@example.com,Rueckermouth,60,1999-05-16
"Vivian Pagac",rose38@example.com,Fayport,46,1994-09-14
"Gladyce Gleason",kstroman@example.com,Treutelside,34,2008-06-18
"Dorthy Leffler",hollis72@example.org,"Port Dewitttown",32,1979-11-02
"Isac Schaefer",neha15@example.org,"Port Wilton",48,1995-04-30
"Bryon D'Amore",qharris@example.org,Hoegerland,74,1984-06-22
"Godfrey Veum II",ufritsch@example.com,Murielport,58,1973-07-17
"Esmeralda Weber",rosamond.stokes@example.net,Briannechester,82,1981-10-04
"Domenic Beer",hamill.tate@example.org,Klockoborough,53,2004-11-26
"Dr. Conner Monahan",felipa.medhurst@example.net,Aishaberg,66,1979-06-10
"Elta West",guy79@example.com,Smithamtown,46,1997-06-06
"Suzanne Parisian",marlen.becker@example.net,"Port Jeffereyfurt",60,1987-10-25
"Nestor Yost I",mann.nelson@example.com,"Lake Pamelaview",72,2019-10-24
"Ibrahim Macejkovic",dickens.elmira@example.net,Hermannfurt,70,1972-01-24
"Ofelia Robel",graham.ortiz@example.com,"Lake Hassanside",43,1988-06-23
"Ervin Ferry",parker17@example.com,"West Douglas",76,2008-08-19
"Dr. Zoila Olson",wwhite@example.net,Genevievechester,66,1971-08-14
"Imelda Greenfelder III",maci03@example.org,O'Konfort,35,1992-10-19
"Dr. Laurie Reichert PhD",agustina.witting@example.net,"Port Ethelyn",18,1999-04-16
"Dr. Tavares Emmerich",sleuschke@example.net,Jakaylaside,59,2015-11-27
"Stephania Grady",samara.cummerata@example.org,Loweborough,73,2024-05-21
"Weston Maggio II",alvena39@example.net,Kyleeland,83,1994-01-24
"Ms. Zoey Ferry",vrice@example.net,Santinoshire,69,1992-09-19
"Angelita Raynor",djakubowski@example.com,"Lake Virgie",68,2022-08-18
"Elijah Pfeffer",enrico.muller@example.org,Marianemouth,52,1979-08-18
"Miss Myriam Bauch",barney89@example.com,"New Charlenehaven",50,2007-06-06
"Mrs. Janae Crooks I",kerluke.dawn@example.org,"Port Tanyafurt",62,1976-12-18
"Ward Lindgren",mollie.wunsch@example.org,"East Lavinia",80,2002-04-16
"Bud White",zbayer@example.net,Chadrickmouth,82,1975-08-06
"Ms. Adrianna Corwin",nicolas.rosalinda@example.org,"Port Aracely",20,2008-03-11
"Hazel Hartmann",nader.verdie@example.org,"Port Kaylin",33,1987-11-16
"Olin Kautzer",alyson.parker@example.net,Rosellaville,66,1976-01-22
"Ashlynn Jacobs",sanford.veum@example.org,"North Garnet",69,2003-08-26
"Dwight Cruickshank",lehner.raoul@example.org,"East Merrittview",78,2010-06-16
"Miss Hortense Kuhic",yundt.ahmad@example.net,"West Maramouth",68,1984-04-26
"Amy VonRueden II",franecki.kaitlyn@example.net,Grantton,73,2016-01-07
"Effie Windler",lkshlerin@example.org,"West Isabel",42,1971-03-01
"Miss Anika Reichel",satterfield.carrie@example.com,Stromanchester,76,2009-08-08
"Prof. Violette Lockman DDS",rachael47@example.com,"West Orpha",43,1992-06-11
"Isadore Buckridge",london.simonis@example.com,"North Corymouth",63,2003-12-21
"Simone Dickinson",cielo57@example.org,"North Thea",75,2023-09-05
"Kathlyn Ratke DVM",ankunding.newton@example.com,Ondrickaborough,31,1983-02-12
"Dr. Ottis Sawayn",olowe@example.com,Schadenfort,33,2009-12-27
"Jarrett Bins",mayra.fahey@example.net,"Lake Neha",29,2000-03-28
"Lelah Harber",joanne.smitham@example.org,Hipolitoborough,41,1981-10-15
"Mr. Stuart Hodkiewicz MD",block.seamus@example.org,"West Zachery",34,1977-02-14
"Neil Balistreri",wmetz@example.org,"Port Emmett",19,2000-03-28
"Kirsten Schowalter",wiegand.niko@example.net,"Lake Nataliatown",39,2018-03-10
"Charity Bode DVM",jeanne.jast@example.net,Anthonychester,80,1991-10-24
"Frances Collins",ycronin@example.net,"Lake Dulcemouth",33,1985-03-14
"Moshe Durgan",theodore.lakin@example.org,"South Cristal",34,1986-02-03
"Rico Dietrich",kyla.roob@example.org,"Port Florianside",25,2015-05-07
"Miss Daphne Spencer",josie84@example.com,"Port Octaviatown",58,1996-09-30
"Ms. Dessie Schultz MD",tevin05@example.org,"East Tellyburgh",70,2009-02-15
"Mr. Bryce Kozey DVM",uharber@example.org,"North Abdullahstad",59,2011-07-31
"Prof. Kailee DuBuque Sr.",padberg.felicity@example.com,Louisaport,78,1977-05-15
"Hilario Okuneva",harber.solon@example.org,"Port Tyshawn",35,2021-07-02
"Roel Dooley",ahackett@example.com,Kemmermouth,31,2008-12-17
"Prof. Jeanne Corwin",fstrosin@example.com,"North Krystal",73,1991-11-02
"Caden Ratke Jr.",mann.theron@example.org,O'Connerport,61,1992-10-14
"Jaron Kuhlman",moconner@example.net,Breitenbergtown,23,1980-11-07
"Roxane Kirlin",hreichert@example.net,"North Maryjane",26,1997-04-09
"Virgie Thiel",dmayert@example.net,Giamouth,25,1975-08-27
"Geovanni Bergnaum",betty09@example.net,Marquishaven,67,1987-01-05
"Rashawn Ernser",ortiz.jacquelyn@example.com,"New Aracely",52,2009-12-22
"Aimee Feil",marta46@example.org,Margarettatown,43,1991-09-17
"Krystal Klein IV",lelah44@example.org,"North Carley",65,1971-03-18
"Dr. Ralph Hintz",stanford36@example.org,Altenwerthstad,30,2023-05-14
"Gilbert Lindgren",ztorphy@example.net,"South Mileschester",56,2011-06-23
"Jamir Hyatt Sr.",vincenzo.stehr@example.net,"East Casandrafurt",69,2012-04-04
"Adaline Klein",vmohr@example.org,Mateoland,44,2011-04-02
"Joel Treutel",zmcclure@example.net,Darefort,60,2024-11-27
"Carley Greenfelder",walton84@example.com,"Lake Carter",69,2018-08-18
"Annabell Fahey",jacques13@example.com,Dorothyburgh,18,2004-01-28
"Prof. Jennifer Kuhlman",frank35@example.org,Haneburgh,59,1974-07-20
"Leo Reichel",kara87@example.org,Elroystad,43,2020-04-12
"Estell Beatty",streich.frida@example.net,"New Nathanaelbury",19,2010-10-13
"Amir Abshire IV",wbode@example.net,"Lake Amos",59,1973-02-21
"Maurine Reichel",candida35@example.com,"New Donnellview",49,1992-12-20
"Ms. Bridgette Cummerata V",gerhold.mara@example.org,Beierland,33,1989-01-04
"Ezequiel Bode",yraynor@example.net,"North Uriel",34,2006-08-11
"Emmanuelle Volkman",rice.lina@example.com,Garrickton,56,2001-01-07
"Prof. Layne Welch",carroll.annalise@example.org,"Lake Everardo",66,2020-09-23
"Enrico Hyatt",asia01@example.com,"North Arnaldoland",34,1987-08-17
"Ms. Shanel Roob Sr.",quitzon.electa@example.net,"North Randalshire",27,2020-02-29
"Darren Herman",lavon.brekke@example.com,Streichport,49,2001-02-02
"Ferne Moore",mervin.legros@example.org,"East Larissahaven",71,2014-11-21
"King Feil",alana38@example.org,"North Kasandra",66,1983-03-11
"Annamae Reilly II",edward05@example.org,"Lake Annie",81,1974-06-16
"Vincenza Farrell",quincy97@example.org,"South Vincenzochester",32,2008-01-14
"Dr. Barbara Goyette Jr.",ukozey@example.org,Wilfridside,32,2011-08-21
"Makenzie Beahan V",emmy.yundt@example.org,Gutkowskimouth,40,1998-01-01
"Vivianne Lynch",eward@example.org,Mireyaton,45,1970-04-07
"Mark Cormier",gertrude.mitchell@example.net,"New Destiniborough",35,2011-05-06
"Billy Moen",dolly.abshire@example.net,"Port Junetown",36,1971-04-26
"Prof. Rodrick Rolfson",obrown@example.org,"New Alexysland",59,1983-09-27
"Kaleb Krajcik",rudolph26@example.com,"West Ethel",38,1996-04-02
"Haleigh Hane",flossie.tillman@example.org,"Port Joesph",56,1976-09-04
"Britney Thompson",orpha01@example.net,Brakusberg,24,1990-08-02
"Elyssa Botsford",stark.laurine@example.net,"Port Florencehaven",61,1978-09-01
"Dr. Jadon Windler",neoma58@example.com,"South Camrynbury",51,1995-08-19
"Mrs. Samanta Walsh Sr.",maxime.price@example.net,"West Cleoland",72,1983-06-28
"Lucienne Casper",bayer.jarred@example.net,"New Polly",79,2005-09-24
"Dr. America Bechtelar",pete74@example.org,Tarynland,48,2001-03-12
"Nicolas Dickens",hauck.michel@example.net,"Lake Ella",35,1995-07-30
"Kacie Sporer",trantow.ubaldo@example.net,Langoshfort,79,2000-05-27
"Dr. Jerel Fadel V",ayana48@example.com,Strosinfort,26,1994-06-04
"Ariane Johnston",hermann.sheldon@example.net,Zacharyshire,38,1995-01-17
"Tillman Skiles DDS",oconner.chadrick@example.com,"Port Ocie",74,2015-03-09
"Dr. Eusebio Jast",rschaden@example.org,Sabrynaborough,79,1977-05-02
"Mr. Fritz Cassin",bernadine.wilderman@example.net,Sauerborough,45,1997-08-23
"Chad Reynolds",hortense.toy@example.com,"North Cecelia",38,1983-07-29
"Mr. Isac Krajcik MD",swift.cleora@example.net,"East Lisette",80,2005-05-15
"Emmanuel White",ayden.franecki@example.net,"Lake Marisol",79,2006-02-10
"Edwin Murphy",xeffertz@example.net,"North Rebekaburgh",56,1971-11-02
"Ima Ritchie",kbartoletti@example.net,Rodriguezmouth,70,2001-12-04
"Prof. Eladio McKenzie PhD",brown.liliane@example.org,"New Michelland",22,1973-01-19
"Celestino Glover",matteo.stanton@example.net,Chanceburgh,41,1984-12-07
"Santina Mann",qcorwin@example.net,Emmerichtown,80,1972-04-09
"Josie Wiza",earline51@example.com,"Lake Alison",48,1996-01-02
"Glen Eichmann",xzavier09@example.org,Watersville,60,1990-05-06
"Litzy Koepp",ghackett@example.com,"South Susanaborough",26,2010-08-12
"Dr. Alphonso Dare II",xtoy@example.org,"New Benton",60,1991-08-29
"Dr. Tianna Crona",ymacejkovic@example.org,"Lake Amara",34,1989-12-13
"Gillian Macejkovic",velva59@example.org,Ebertchester,85,2004-07-01
"Destiny Sanford Jr.",sswaniawski@example.net,Elouiseton,47,1977-01-13
"Prof. Gisselle Lemke",jacobson.ilene@example.org,Davontechester,37,2013-09-26
"Jennifer Muller",rosario13@example.org,"Port Tessie",49,1977-05-23
"Ms. Alana Renner Jr.",fay.raul@example.org,Jastfort,77,2010-07-20
"Efren Hill",jessica65@example.com,Abernathybury,28,1976-05-31
"Chadrick Kiehn",vharber@example.com,Sidneyside,22,2023-03-02
"Mr. Buford Okuneva",adams.tanner@example.com,Jacobsfurt,75,2008-02-27
"Coty Mueller",brody70@example.org,"Port Jewell",63,2015-02-24
"Art Bahringer",murray.candace@example.org,"Lake Amiya",26,2013-12-06
"Jeanette Rohan",jbednar@example.net,"Lake Tituschester",42,2000-07-25
"Cleo Jenkins",pbrekke@example.net,Norwoodfurt,58,2015-09-12
"Briana McGlynn",wunsch.jeromy@example.org,"East Christa",58,1992-10-16
"Dusty Halvorson",andres70@example.com,"North Ryann",73,1997-03-12
"Newell Breitenberg MD",abeatty@example.net,Estevanburgh,34,2019-11-17
"Arielle Wilkinson Sr.",ena.leffler@example.net,Hermannbury,34,2016-08-15
"Mr. Wendell Rau",sarah.luettgen@example.com,Kassulkeshire,68,1999-03-28
"Freeda Haag",nikolaus.wilhelmine@example.org,Deontown,54,2015-12-13
"Leopold Kuvalis",nathan.ohara@example.net,Hermistonton,41,1996-03-14
"Mr. Holden Yundt I",shuels@example.com,"North Mikayla",38,2007-12-03
"Jaren Gutkowski",ischultz@example.com,"South Hunterberg",31,1996-05-08
"Prof. Damon Haag",karley27@example.com,"Port Tiffanyville",60,1998-02-28
"Kari Kassulke I",ayana01@example.org,Freddiebury,72,1992-05-27
"Stephen Barton",heathcote.natalie@example.net,"Lake Margarettemouth",23,2018-08-24
"Carlos Fritsch",simeon.treutel@example.net,"East Ignaciobury",69,1976-03-22
"Dr. Rick Kerluke MD",sanford.chadrick@example.org,Garrytown,51,1999-04-26
"Kris Renner",alexandrea.mcglynn@example.org,"New Cindy",60,2021-03-13
"Dr. Manuel Reynolds Sr.",santiago.oberbrunner@example.org,Spencertown,63,2017-03-14
"Rocky Berge",reuben.stokes@example.org,"Port Evert",65,1992-02-13
"Daisy Crooks",edickens@example.net,Ilianabury,73,2003-06-26
"Ford Langosh Sr.",hammes.enid@example.org,"West Audreanneland",36,2019-01-01
"Eliane Grady",swaniawski.tracy@example.org,"South Melynatown",80,1976-04-30
"Prof. Lawson Bahringer PhD",ncasper@example.org,Dixiehaven,19,1972-06-05
"Roosevelt Davis IV",ywiegand@example.com,"North Giovani",82,1999-05-30
"Alycia Durgan",mschaden@example.org,"Port Lavinia",52,2008-06-18
"Mr. Oran Anderson",zzemlak@example.com,"Lake Maida",77,1974-05-10
"Rosie Murray II",carleton92@example.com,"New Imabury",35,2014-11-09
"Clifford McDermott",gene.mayert@example.org,Veumland,48,1996-04-19
"Dr. Franco Dooley V",rowe.elva@example.org,Morissettechester,80,1990-01-16
"Delbert Roob",gorczany.torrey@example.com,Peteville,72,1992-10-19
"Ms. Aglae Huel II",oryan@example.org,Nienowborough,27,2020-03-19
"Cletus O'Conner",welch.laurianne@example.com,Franeckiton,30,2008-12-30
"Mr. Bill Stokes PhD",sydney63@example.com,"East Gregoria",39,1997-05-10
"Abigale Lakin III",gtremblay@example.com,Virginiaside,36,1991-09-01
"Moriah Green",bbeahan@example.net,"South Korbin",33,1992-11-28
"Ms. Theresa Schmeler",cielo65@example.com,"North Elna",45,1977-12-23
"Merl Larson",fsporer@example.net,Franeckiport,25,2017-05-31
"Susanna Heidenreich",krystel.price@example.org,Zboncakfort,81,2006-05-03
"Madilyn Lakin",bahringer.piper@example.com,"North Alyce",52,2003-04-18
"Tracey Nolan",hoppe.keara@example.org,"North Benniefurt",42,1995-10-17
"Blanca O'Kon",brandyn15@example.org,Madisenhaven,44,1975-12-15
"Ashleigh Lemke",josie48@example.com,"South Stefanie",81,2022-08-29
"Mervin Waelchi",lafayette23@example.org,Santabury,23,2000-08-18
"Kaylin Rippin",sam56@example.org,"Port Noelia",44,2002-09-14
"Miss Zoey Stamm",laisha.mcdermott@example.org,Arliechester,76,2015-07-07
"Wyman Ullrich Jr.",ronny50@example.org,Kutchburgh,43,1986-03-01
"Abagail Harris",mcclure.allison@example.com,Jamelland,33,1995-11-22
"Salma Fritsch",fbreitenberg@example.com,"Port Vidatown",70,1996-03-22
"Sadie Altenwerth",demario.schiller@example.org,"Lake Jamel",66,1996-07-06
"Prof. Alexandre Ward Sr.",hudson.watson@example.net,"West Ebbaside",33,2011-03-20
"Dr. Fred Legros",kovacek.michael@example.net,Keeblerfurt,52,2018-06-03
"Sandra Klein",fdooley@example.com,Keshaunberg,64,2019-08-14
"Mrs. Eldora Wisozk DDS",cleveland55@example.com,"South Burley",71,2023-06-12
"Linwood White",heather.hahn@example.net,"South Hiramstad",51,1999-11-30
"Sallie Lubowitz",tshields@example.com,Katharinamouth,34,1977-03-30
"Drake Ward",era.lebsack@example.org,"North Gaetanoview",51,1996-06-05
"Clementine Moen",prosacco.brenden@example.org,"Port Ivy",56,1971-02-24
"Cortney Metz",ellis.lehner@example.org,Berylton,20,1973-12-18
"Dr. Ronaldo Paucek",augusta.hoeger@example.com,"West Anya",28,2013-01-29
"Stephania Grimes",mckenzie.hilario@example.com,Sipesshire,28,2003-05-31
"Heber Thiel",ricky.corkery@example.net,Schuppeborough,38,1988-09-25
"Jessyca Romaguera",prosacco.yasmin@example.net,Prohaskashire,67,2000-04-25
"Jovany Nader",winfield67@example.com,Kalliefurt,36,1998-11-06
"Eleazar Quigley",larkin.maida@example.com,"East Dameon",80,2002-06-27
"Madelyn Koelpin",leta.effertz@example.org,"Port Kodybury",82,1985-05-25
"Abagail Klocko",bdeckow@example.org,"North Ephraim",65,2015-11-07
"Vincenzo Hansen",gleason.asa@example.org,Reynoldsport,61,2023-09-23
"Cedrick Legros",carmel.schimmel@example.org,Bahringermouth,49,1990-02-06
"Allison Hansen DVM",rowan.dietrich@example.net,"North Leta",22,1990-08-30
"Dr. Darrell Stehr",wilkinson.nikita@example.net,"New Liliane",23,2017-03-06
"Melyssa Keebler",neva.ledner@example.org,"New Ravenbury",51,1993-04-02
"Khalid Lubowitz",wkunde@example.net,Doylechester,32,1988-03-30
"Miss Jacky Block MD",spencer.barbara@example.net,"Lake Darian",71,2021-03-07
"Russell Shanahan",mohamed66@example.com,"South Natashamouth",28,1992-11-29
"Ms. Audie Padberg",helen41@example.net,"South Shayne",74,1971-04-03
"Golda Upton",reina.douglas@example.com,Blickstad,27,2019-01-22
"Devonte Botsford",maxwell.rohan@example.org,"North Yasmeen",72,2012-02-14
"Ms. Brenda Konopelski DVM",camryn99@example.org,"New Elmo",84,1970-04-23
"Prof. Buck Hyatt DVM",umurphy@example.org,"West Clareland",25,2011-08-26
"Tatyana Parker",parker.kellen@example.net,Jazmynebury,81,2014-03-12
"Gayle Breitenberg MD",trantow.omer@example.com,Vernerfurt,38,1970-03-23
"Destany McCullough",tgaylord@example.com,"East Baron",27,2024-04-01
"Prof. Beau Fay",buster.kessler@example.net,"New Yazminside",27,1978-09-25
"Queen Ankunding PhD",nader.mackenzie@example.net,"Lake Krystal",67,2014-05-28
"Alana Koelpin",haag.lou@example.net,Feilfort,23,1972-08-13
"Rosanna Weimann",slarkin@example.com,"South Felicia",34,1988-09-27
"Dr. Brice Orn",joanne.cummings@example.com,Isomville,75,2004-12-25
"Denis Langosh",arnold12@example.org,"North Toymouth",52,2024-02-17
"Julio Hegmann",sylvester.stamm@example.net,"North Jeanne",85,1981-06-15
"Emma Keeling",okuhn@example.org,"Lake Shawna",44,2013-01-04
"Sister Weber",toy.alvina@example.org,Elisabethhaven,35,1970-08-20
"Ruthe Jacobs DVM",jaeden.schaden@example.com,"North Reilly",56,1980-02-10
"Marcella Harber V",cristal.fahey@example.net,"Port Tressaburgh",42,2014-05-14
"Mr. Roosevelt O'Connell",tgrimes@example.com,Grimeshaven,19,1981-11-17
"Prof. Erika Ebert",kameron67@example.net,Moenton,80,2010-10-16
"Tom Kulas",predovic.cortez@example.net,Stromanland,84,2002-11-15
"Mrs. Josephine Wisozk",connor40@example.com,"West Zelma",40,1999-02-07
"Wellington Mertz DDS",qmurray@example.com,Rowefort,64,1988-09-25
"Kira Gleason",nia34@example.com,"East Edgarport",59,2011-07-03
"Brandyn Conroy",urban.adams@example.org,"West Jadenville",61,2021-12-02
"Miss Janet Pollich PhD",emmanuelle.pollich@example.com,Judehaven,54,2015-11-18
"Ayla Quitzon",zgorczany@example.net,"Lake Imaniburgh",39,1982-12-23
"Eldridge Gibson",schaefer.antwan@example.org,Windlerland,45,1980-06-05
"Donato D'Amore",trudie50@example.com,"East Cassie",36,1984-05-10
"Miss Carolyne Stanton II",berge.rocio@example.com,Adammouth,37,2018-12-25
"Lincoln Purdy",hmann@example.org,"New Concepcion",55,1977-01-18
"Kameron Orn DDS",rutherford.hillard@example.net,"New Nedmouth",19,1972-01-15
"Miss Winifred Farrell II",pietro.keeling@example.org,Feestport,26,2013-07-21
"Samson Aufderhar II",heloise43@example.org,Tyrellton,82,2019-12-30
"Mazie Jones",hershel18@example.org,"South Thurman",59,1976-09-11
"Asa Hahn",zbruen@example.net,"North Violaside",62,2013-02-23
"Muriel Anderson",fstanton@example.org,"South Elvie",74,1998-11-23
"Dameon Bins",hemmerich@example.org,Lilliemouth,74,1994-03-19
"Prof. Rosalee Rohan II",gibson.darius@example.com,Boyershire,73,2002-03-25
"Kamren Sawayn",jvolkman@example.org,"Port Ameliemouth",24,1973-12-08
"Adela Murazik II",ratke.dell@example.com,"South Cayla",40,1972-01-02
"Edythe Rogahn Jr.",isabell58@example.org,"Lake Josueland",68,2016-09-23
"Lionel Wilkinson",ythompson@example.net,"South Russstad",56,1978-02-25
"Juston Hintz",jbeatty@example.com,"East Keenan",36,2016-09-01
"Miss Earline Leannon",kulas.brown@example.org,Augustaland,82,1974-06-26
"Dr. Dereck Bogan V",phirthe@example.com,Julianview,42,2016-10-07
"Allene Batz",eve18@example.com,"North Jeramy",83,1999-08-23
"Idell Koelpin III",rosemarie.wintheiser@example.com,"Lake Loyalburgh",61,1996-02-21
"Kenny Osinski",kdubuque@example.net,"South Joanyborough",24,1981-04-03
"Dylan McClure",jaunita.williamson@example.org,"East Elise",62,2013-02-23
"Tatyana Cronin",thelma62@example.org,"Port Weston",74,1973-03-02
"Prof. Helga Ziemann",allen.torp@example.org,"New Laura",84,2021-11-22
"Ofelia Legros",padberg.cassidy@example.com,Giannibury,62,2010-09-26
"Reyna Thiel",gretchen.shields@example.com,Roscoeton,79,2004-05-25
"Brandt Rodriguez",icasper@example.org,O'Connellport,26,2014-03-02
"Kiera Witting II",wilford.watsica@example.org,"South Samara",76,1977-03-08
"Arlie Bayer",floyd.ankunding@example.org,"Lake Lilla",32,2004-03-30
"Clara McLaughlin",nils04@example.com,"South Yolandabury",75,2024-03-09
"Ernesto McCullough",thudson@example.net,"Lake Jessika",39,1992-06-18
"Samara Zboncak",esteban.jast@example.com,"North Enrique",78,1984-08-12
"Dianna Watsica",pagac.ruthe@example.net,"South Sterling",76,1992-10-29
"Laron Kihn",alberta.schaden@example.net,"South Eltatown",41,2007-09-28
"Dr. Stone Kessler II",zauer@example.com,"South Jerad",76,1985-04-27
"Prof. Annette Cartwright I",hoppe.ella@example.com,Karineview,60,2013-11-13
"Nigel Gislason",ursula.ernser@example.com,Erdmanborough,52,2004-11-07
"Mr. Jules Bergnaum",idella53@example.org,"New Casimerbury",59,1978-03-05
"Elian Willms DDS",amanda.gutmann@example.org,Amelyport,69,2014-10-22
"Prof. Marty Predovic",dax54@example.net,"East Cicero",18,2002-03-04
"Prof. Leanne O'Reilly V",modesto32@example.net,Mackenziefort,43,2005-07-21
"Prof. Vicky Lowe IV",grover.heathcote@example.org,Prosaccoport,46,1984-10-25
"Krystel Botsford",beahan.roselyn@example.com,"North Alayna",57,2007-03-31
"Dr. Terrance Abshire DDS",rasheed56@example.org,Gradyland,32,1981-05-10
"Thurman Breitenberg",weber.dallin@example.net,Derekborough,80,2000-10-08
"Prof. Uriel Daniel DVM",atromp@example.com,"North Dessiechester",54,1975-12-15
"Hayley Hayes",rico.marvin@example.org,Angelicaborough,36,2008-05-06
"Cassandra Romaguera",camron37@example.com,Mckaylaton,24,1997-01-02
"Mr. Emiliano Wintheiser",shana.ruecker@example.org,"New Fredy",36,2014-01-03
"Sincere Huel",treutel.jackie@example.com,"Lake Heather",39,2021-11-16
"Prof. Karolann Mertz",jaida.bradtke@example.org,"Lake Colbyshire",72,2004-12-06
"Prof. Blanche Harber PhD",jerde.ramona@example.com,"South Hanna",50,2011-01-30
"Daisy Morissette",ward.karli@example.com,Bashirianbury,54,1979-06-03
"Milo Ortiz",alia.paucek@example.com,"South Lavina",83,2020-02-19
"Meda Mohr",ekeeling@example.net,Huelsview,54,2015-10-31
"Jaleel Weimann",brice36@example.net,Littleburgh,73,2000-03-06
"Danny Schmeler II",demario64@example.org,"New Delfinashire",45,2018-09-25
"Serenity Schmeler",maegan60@example.com,Aidanhaven,73,2006-04-18
"Brionna Jacobson V",wiza.erling@example.com,Ivaton,29,2022-06-20
"Rollin D'Amore",berniece.hackett@example.org,Myaland,45,2024-03-12
"Triston Marvin",marty72@example.org,Tabithaport,29,1986-09-11
"Eleonore DuBuque",eulalia.lubowitz@example.org,Crystelbury,21,1978-09-24
"Prof. Sadie Hammes",wreilly@example.com,"Lake Dorian",50,1991-08-10
"Meggie Kihn",gibson.felicia@example.com,Thomasstad,76,2017-04-28
"Emil Schroeder I",olson.kaitlin@example.com,"Lake Elizaville",46,2004-02-18
"Dr. Jailyn Metz",cara.grant@example.org,"East Mavisland",70,1999-01-03
"Prof. Werner Reichert",lreynolds@example.net,"West Ally",31,1995-03-16
"Rosemarie Kulas",wpollich@example.com,Maiastad,66,1986-04-26
"Miss Wilma Stokes DDS",kale.cummings@example.net,Kenyaburgh,80,2009-09-06
"Chelsea Armstrong",rlittel@example.com,Granvilleburgh,84,2007-07-19
"Mr. Tyshawn Strosin I",hirthe.letha@example.net,"New Kristoffer",63,2011-07-11
"Miss Sabina Lemke",general51@example.net,"East Llewellynton",74,2004-01-12
"Mrs. Yasmine Jast",davis.sydney@example.org,"New Audraburgh",64,1985-06-01
"Wellington Wehner",bruce70@example.org,Rooseveltbury,71,1986-03-02
"Maiya Jacobson",wyost@example.com,"North Phoebefurt",39,1972-08-11
"Makayla Howell",jlynch@example.org,"West Jaydaville",57,1998-07-12
"Mr. Kade Kiehn",marcos49@example.com,"East Ashtonport",33,1973-03-20
"Willa Purdy",reuben.effertz@example.com,"Lake Haylie",26,2003-02-24
"Alvina Bartell I",veum.erling@example.com,Howellside,38,2003-12-11
"Dr. Janis Crist",elza66@example.com,Batzborough,29,2002-09-16
"Carson Pagac II",mdaugherty@example.org,"West Margretborough",71,1987-08-08
"Betty Rempel",arlie52@example.org,"Port Marianamouth",58,2017-07-05
"Joan Bergstrom",haylee95@example.com,Reynoldston,80,1970-11-14
"Reyes McCullough Sr.",trudie.frami@example.net,"South Mabellemouth",23,1985-12-29
"Prof. Elvera Feeney III",oleta83@example.com,"Port Lillianfort",80,1975-12-04
"Norbert Eichmann II",dasia24@example.com,"Port Bernie",66,2001-10-18
"Prof. Bridie Beatty Jr.",yesenia.weissnat@example.net,Spinkafort,25,1993-10-08
"Kieran Predovic",walsh.lurline@example.com,Lenoramouth,38,2007-05-17
"Kenyon Schoen",bryon.becker@example.com,"Port Demondport",31,1999-06-23
"Brooklyn Morar",floy79@example.com,"South Brigittestad",84,2008-09-07
"Ewell Thompson Sr.",kuhlman.kristopher@example.com,Bridgetview,79,2002-10-14
"Emma Hodkiewicz",witting.murray@example.com,Efrenchester,52,1993-08-12
"Terry Marvin DVM",steve03@example.com,"West Allanshire",80,1977-11-18
"Dr. Ulises Weimann Sr.",arvel94@example.org,Mariashire,47,1984-11-04
"Marguerite Schmidt",esther78@example.com,"Port Karlee",85,1981-05-25
"Juwan Hintz PhD",rowena.luettgen@example.net,"Lake Wilsontown",52,1995-02-13
"Joshua Braun",micheal.kutch@example.net,"Port Amieland",82,1976-12-07
"Dr. Josh Tremblay MD",earline.hammes@example.org,Sawaynhaven,34,1978-03-18
"Verlie Heidenreich",nicola.sipes@example.com,"North Felipastad",70,2018-11-13
"Rudy Osinski V",joconner@example.net,Townefurt,45,1998-01-01
"Enrique Greenfelder V",zhessel@example.com,"New Meda",71,1987-08-06
"Kraig Emard",grover.torp@example.org,"West Bethany",39,1999-07-08
"Chase Kunde",pacocha.victor@example.net,Deborahville,82,1987-10-06
"America Larkin",cbailey@example.net,"North Sally",57,2023-09-30
"Dr. Armani Torp",xander76@example.net,Heatherville,22,1999-02-21
"Trystan Bins",willy.borer@example.org,"South Westley",33,1994-01-03
"Madilyn Hammes",willy88@example.com,"North Fabiola",57,1982-11-30
"Bartholome Roberts",rowan.hills@example.com,Runtehaven,73,2016-02-13
"Eriberto Raynor",mitchel.gutkowski@example.net,"Lake Dariuston",79,1985-08-31
"Heaven Morissette",deon93@example.net,"New Alexzanderview",32,2012-04-04
"Chase Bartell",gibson.cristian@example.net,Schroedershire,80,2003-08-24
"Aniya Kihn",vickie.ziemann@example.com,"Port Rodrickshire",46,2013-11-18
"Prof. Ezra Vandervort",milford16@example.org,Lisachester,67,1991-03-10
"Jeramie Hansen",hulda.stanton@example.com,Conniehaven,66,1993-07-05
"Sigmund Welch III",lockman.waylon@example.org,Nattown,43,1996-05-02
"Sigurd Kemmer",leila63@example.org,"North Demariochester",47,1981-06-13
"Ms. Susie West Sr.",bblock@example.com,Baileyport,26,1981-05-10
"Tiffany Gerhold I",camryn.senger@example.org,Lucilefort,57,1984-09-23
"Martin Gottlieb",erunolfsdottir@example.com,Saigeport,53,1995-04-21
"Manuel Denesik",karlie.hane@example.com,"North Michaela",64,1985-05-29
"Mrs. Crystal O'Reilly DDS",turcotte.marilyne@example.com,"North Anika",34,1983-05-26
"Miss Claudia Ruecker I",casper.pat@example.com,"South Gerson",55,2019-01-29
"Mr. Golden Feest DDS",catharine.mcclure@example.net,"South Christiana",83,1985-11-25
"Dr. Sebastian Hettinger",erdman.brielle@example.org,"Port Loyberg",84,1996-08-22
"Ms. Elvera Emmerich II",remington84@example.net,Amandafort,23,1998-07-27
"Coby Purdy I",bcremin@example.com,Waltonland,61,2018-09-07
"Walker Barrows",talia.boyle@example.net,"North Christianahaven",71,1989-12-21
"Valerie Rau Jr.",cecil51@example.com,Eleonoremouth,41,2004-07-21
"Prof. Kelly Mraz DDS",wilhelm88@example.org,Kutchstad,46,2011-12-14
"Prof. Lyric Rempel DDS",reynolds.annetta@example.com,"Port Priscilla",24,1982-06-20
"Deborah Bartell I",treva.durgan@example.net,"New Jarod",39,1974-01-02
"Dr. Macey Oberbrunner IV",vella91@example.com,"West Barbara",60,2015-02-25
"Angela Kovacek",edwin35@example.org,Hillchester,48,1981-04-30
"Nasir Bartell",schroeder.kaylie@example.com,"East Pablohaven",67,2020-07-04
"Maudie Lynch",mante.leon@example.org,"New Marisamouth",71,2021-03-19
"Harrison Mraz",wgrady@example.com,Adrianaview,85,1988-05-10
"Garett Hintz",rocio15@example.org,Schadenbury,61,1978-10-16
"Tara Jerde",delta85@example.net,Ritchiehaven,56,1983-03-12
"Emanuel Mraz",dudley16@example.com,Pierceberg,59,1982-09-11
"Lucy Beier",edwina.lakin@example.com,Zeldaview,46,1982-09-08
"Giovanny Orn",purdy.fatima@example.org,Stantonburgh,22,2014-03-03
"Beaulah Koepp",delilah.collins@example.net,Ricestad,68,1982-12-05
"Carmine Watsica",okoch@example.net,Hilarioburgh,76,1998-02-13
"German Kreiger",concepcion99@example.org,"South Sandrineberg",39,1991-03-11
"Janae Herman",npfeffer@example.org,Eleanorestad,75,1982-04-22
"Alexie Ledner Jr.",cfadel@example.com,Esperanzabury,83,1999-08-11
"Clemens Cassin V",matilde15@example.com,Estellashire,65,1986-03-03
"Ethyl Fay",davis.jameson@example.org,"North Aiyana",68,2018-08-23
"Abigale Block",tfay@example.com,"Port Maxwell",66,1993-05-11
"Lavina Adams",malinda.dare@example.net,"Lake Elton",22,1999-07-25
"Caesar Stokes",leonardo54@example.org,"East Domenico",32,2002-08-07
"Lavada Kling",yschuppe@example.com,Gloverstad,69,2001-10-20
"Prof. Raven Streich Jr.",mohr.ashley@example.net,"Port Bryonmouth",32,2008-09-18
"Carson Schmidt",anibal28@example.org,Lorenzafurt,32,1993-07-06
"Uriel Kunze",christine.koch@example.net,"North Myles",67,2015-08-25
"Maude Kertzmann I",hintz.sally@example.net,"West Berneiceberg",73,1999-03-12
"Marjorie Schuppe",jairo83@example.com,"North Waldoton",84,2012-03-10
"Lenore Swift",ukunde@example.org,"Shanahanfurt",28,1994-09-29
"Catalina Swaniawski",xbaumbach@example.com,"Janessaborough",23,1993-07-02
"Okey Pouros",ikonopelski@example.com,"South Ezramouth",45,1992-09-27
"Dorothea Kovacek",stoltenberg.bernadine@example.org,Littelborough,34,2024-10-16
"Billie Ferry Jr.",pete.langworth@example.net,"West Dandre",47,1973-05-05
"Muhammad Durgan",harvey.jocelyn@example.com,"South Estebanborough",59,2023-01-01
"Skye Pfannerstill",ava.wehner@example.org,Allenborough,33,2008-04-03
"Presley Kling",parisian.rosamond@example.net,Luciefurt,46,1995-12-11
"Brennon Balistreri",cale.kessler@example.com,Careyton,80,2018-11-02
"Rosie Batz",green.stephanie@example.org,Reidville,70,1999-07-03
"Grover Stracke",walker.jarrett@example.org,Mireyaborough,64,1976-07-25
"Mr. Charles Rutherford",bobby54@example.org,"West Lexiland",70,1978-07-26
"Keeley Konopelski",reinger.vito@example.net,"Port Alverashire",41,1971-10-27
"Mathilde Konopelski",reanna26@example.org,Cormierborough,59,1981-12-23
"Marcus Kshlerin",xdenesik@example.com,Kimberlyview,85,2009-03-20
"Asha Lynch",zswaniawski@example.com,"East Johnnie",22,2002-02-12
"Elda Schroeder I",ashtyn97@example.org,"New Ronshire",67,2005-12-18
"Julio Kozey I",gmorar@example.org,"Port Antonio",29,2007-03-10
"Alfredo Runolfsdottir Jr.",oconroy@example.org,"Port Oda",24,1977-12-19
"Mya Hessel",ygreenholt@example.com,Jacobsonbury,65,1995-08-31
"Mr. Vito Watsica III",theresia.wehner@example.net,Loganchester,63,2024-10-05
"Dock Weimann",davion.johnston@example.org,Beerside,28,2022-09-19
"Claudine Schuster",astrid74@example.net,"East Alantown",78,2003-03-21
"Ms. Melyssa McLaughlin",bailey.madyson@example.com,Kuphalton,81,1977-08-22
"Sigmund Cormier IV",farrell.evalyn@example.net,Jaidaborough,29,1997-04-01
"Ian Sauer",prudence.bashirian@example.com,Tyriquemouth,45,1973-12-27
"Ola Wisozk",leffler.madelyn@example.org,Emerymouth,81,1982-02-16
"Johnathon Dicki",mzboncak@example.net,Rileyland,76,2015-08-06
"Miss Bria Johnson DDS",kailyn.zemlak@example.com,Chandlermouth,42,1978-10-06
"Tia Keeling",beer.pinkie@example.net,Kunzehaven,71,2017-06-26
"Pauline Spencer I",hope.lemke@example.com,"Port Regan",65,2016-03-08
"Freeman Stiedemann",zschaefer@example.com,"Lake Lenniemouth",67,2003-08-11
"Bella Windler",pauline.haag@example.com,"North Jaimechester",56,1983-05-04
"Dr. Susanna Bednar IV",jarred.moore@example.net,"South Camryn",35,2021-03-25
"Levi Price",hwaters@example.com,Kuhicshire,39,2004-09-25
"Dana Powlowski Sr.",leonie29@example.com,"North Desmond",22,1990-11-15
"Montana Kohler",kunde.neha@example.org,Schultzfort,37,2019-12-18
"Name Rice V",erick08@example.org,"Port Mafalda",74,1994-10-19
"Merlin Frami",cwunsch@example.com,"West Laronhaven",68,1994-04-17
"Prof. Karl Runolfsdottir",ugreen@example.com,"West Randyfurt",80,1989-05-08
"Gianni Mayert",mccullough.stewart@example.org,"South Demariomouth",46,1972-08-05
"Elisha Langosh",valentina55@example.com,Schneiderhaven,37,2017-01-13
"Mr. Santino Hermiston",beth.graham@example.com,Lenoreton,31,2012-08-31
"Ms. Nettie Baumbach",larkin.brielle@example.com,"South Jenniferfort",42,1982-01-10
"Beth Predovic",fkessler@example.net,Hammesbury,81,1978-07-30
"Roslyn Ankunding",adan23@example.com,Lavinaview,85,1987-07-25
"Glenna Jenkins",daisy.rodriguez@example.net,Meaganfurt,28,1978-02-02
"Dr. Americo Lemke IV",selmer65@example.org,"East Paulbury",48,2011-09-21
"Prof. Dahlia Smitham DDS",dale43@example.com,Arleneport,53,1978-01-28
"Miss Katheryn Kassulke MD",ralph.bailey@example.com,"South Orrinside",82,2003-05-24
"Anderson McLaughlin",marge.nitzsche@example.com,Moshechester,67,2019-02-26
"Dolly Fisher",reymundo.zulauf@example.com,Loweburgh,78,1984-12-29
"Gudrun Rutherford",block.giuseppe@example.org,"East Salliechester",21,2023-01-14
"Rossie Altenwerth",keeling.fatima@example.net,"South Fionaborough",78,1971-01-30
"Gene Hirthe",keshaun24@example.org,Corkeryview,43,1985-11-15
"Judah Bashirian",marjolaine.blanda@example.com,Noelburgh,34,2010-03-10
"Alysa Bode",micaela24@example.org,"New Aaliyahbury",71,2014-07-16
"Prof. Nona Becker III",beatrice58@example.net,Naderberg,41,2019-11-18
"Dr. Albert Cassin III",bergstrom.melisa@example.net,Vitaport,78,1971-07-18
"Jaida Koepp",isabell20@example.net,"New Brook",23,2018-12-01
"Dario Wintheiser",hilpert.gisselle@example.org,"South Jensenland",29,1983-06-09
"Jovanny Heidenreich IV",xweimann@example.org,Savanahbury,70,1976-05-13
"Olaf Strosin",kristian42@example.net,Cummeratahaven,40,1981-09-06
"Cassidy Simonis",price98@example.net,"South Diamond",70,2008-05-05
"Alfreda Ritchie",parker.everardo@example.com,Bednarmouth,71,2012-04-27
"Dane Moen",white.russ@example.net,"North Hilbert",77,1984-07-22
"Lelia Collins",maegan53@example.com,Layneport,66,2014-11-04
"Mr. Lonnie Rohan Sr.",emard.jesse@example.org,Schroedertown,63,1986-12-16
"Mrs. Pinkie Halvorson V",lehner.june@example.com,Buckridgeton,40,2014-11-03
"Miss Patricia Doyle MD",rory.schroeder@example.com,"New Margrettown",76,2019-07-21
"Filiberto Baumbach",alexandrine50@example.net,"West Richiechester",33,1994-05-06
"Dr. Glenda Koss",novella64@example.net,Eldorabury,40,2016-07-17
"Neha Nader",ivah34@example.net,Elenorburgh,69,2002-01-10
"Dulce Kessler",stanford.jakubowski@example.com,Kuhichaven,78,2024-09-29
"Jared Schroeder",jerde.marley@example.org,"New Nova",44,1976-09-16
"Vito Gutkowski MD",webster81@example.net,Webermouth,56,2002-10-19
"Dr. Jessie Stehr MD",lowe.shaylee@example.net,"Port Lincolnburgh",79,1981-01-15
"Asha Beier DDS",winfield.wuckert@example.org,Kozeybury,79,2022-05-29
"Dr. Triston Bayer Jr.",rhackett@example.org,"West Jarret",40,1972-01-10
"Cordell Schroeder Sr.",favian.von@example.org,Jastmouth,56,1988-05-14
"Lora Ferry",hintz.eliezer@example.org,"North Kyrashire",56,2007-11-22
"Dr. Morton Borer IV",rachelle28@example.com,"East Ruth",67,2010-11-26
"Prof. Kristofer Baumbach",merl.bauch@example.com,Kingmouth,50,1995-06-08
"Heaven Pagac",kdamore@example.com,"South Alexane",43,1976-01-01
"Jakob Lynch",erich10@example.org,"East Roy",56,1989-06-26
"Tracy Carter Sr.",ijenkins@example.net,Johnsview,48,2015-04-20
"Jakayla Boyer",fidel.goldner@example.net,"Port Heidi",36,1985-05-10
"Abbie Morissette",retta.kling@example.org,Abdullahhaven,54,2011-05-08
"Dr. Ivory Davis",howe.colby@example.com,"Port Alanis",31,2022-04-13
"Dr. Simone Lesch III",hauck.juanita@example.org,Emeryland,34,1970-10-07
"Abbie Jakubowski",rhahn@example.org,"West Kory",77,1986-07-05
"Sigmund Kirlin PhD",camille.mitchell@example.com,"Port Lorna",80,1971-09-27
"Jolie Schultz MD",zmayer@example.org,Ornview,43,1970-03-04
"Dr. Eriberto Denesik",audrey11@example.org,"Port Tyrellstad",29,2004-01-11
"Ms. Elisa Armstrong",eldridge.schoen@example.org,Davisborough,30,2013-10-29
"Dr. Noemy Goldner DVM",meta.hauck@example.com,Dibbertland,32,1986-02-27
"Emmie Abshire",stacey85@example.com,Bechtelarton,41,1999-02-24
"Zoila Ortiz",sipes.kyleigh@example.com,Hettingermouth,38,1984-04-22
"Dr. Jamel Bahringer",khand@example.net,Maritzabury,60,2014-07-07
"Dylan Erdman Jr.",lowe.maritza@example.org,"West Gretchenborough",76,1983-07-13
"Finn Harber",zack.connelly@example.org,Cordiatown,53,1988-04-12
"Ernie McGlynn Sr.",parisian.bella@example.com,Zoeyside,70,2016-09-03
"Prof. Karlie Mitchell Jr.",lizeth16@example.org,Paucekbury,56,1981-04-25
"Moriah Miller Sr.",raynor.orville@example.com,Lavernehaven,71,2003-12-02
"Mr. Lesley Hartmann PhD",wcasper@example.com,"Port Bailey",45,2007-06-11
"Kirstin Weimann",vmoore@example.com,Lowemouth,44,2009-04-04
"Cruz Ortiz",sage.hodkiewicz@example.com,"East Sigmund",73,1988-06-10
"Reed Volkman",schimmel.gertrude@example.net,"East Eloisashire",70,2011-06-19
"Mafalda Zieme",jreichert@example.org,Baileyfort,58,2016-03-13
"Astrid Turner",haley.candace@example.org,"New Ezraville",82,2017-04-07
"Mrs. Janiya Schoen II",romaguera.carmelo@example.net,"South Jermain",37,2002-06-02
"Ramona Mann",peyton16@example.org,"West Danikashire",77,1993-01-28
"Macey Schamberger",wisoky.kenton@example.com,Cartertown,84,1976-09-07
"Aliyah Gulgowski",fokon@example.com,Hicklemouth,81,1993-04-03
"Lindsay Mante",kshlerin.kaley@example.net,"West Norval",52,2009-12-25
"Dr. Mohamed Durgan I",christophe.ebert@example.net,Rafaelmouth,45,1979-12-09
"Lafayette Dickinson",amos20@example.org,"South Raegan",20,2002-06-05
"Mike Williamson",neoma77@example.org,"East Marcusview",54,2023-05-08
"Mckayla Waters",zokeefe@example.org,Kossburgh,61,2017-11-26
"Joshuah Heidenreich II",lauren46@example.org,Carolstad,22,2004-01-07
"Shirley Hills",richard.mayer@example.net,"East Margarette",82,1986-08-01
"Barbara Runte DDS",annabell32@example.org,"East Salma",37,1974-08-17
"Lenore Smitham",margret43@example.net,Orionview,59,2021-09-22
"Alize Stoltenberg",lexie.beatty@example.net,"Port Paigeton",65,1982-04-26
"Josephine Macejkovic",charles.cremin@example.com,Osinskitown,38,2005-03-13
"Garret Mohr",ubeatty@example.org,"Port Nedberg",70,2021-07-09
"Destin Beier DDS",tkling@example.org,Tomasashire,20,1994-04-20
"Beryl Bradtke DDS",amya.miller@example.net,"Lake Hassan",78,1989-04-13
"Miss Taya Dare III",brakus.augustine@example.com,"Port Hugh",43,2011-08-28
"Oda Robel",gnicolas@example.net,"Port Gust",74,1971-11-16
"Zelma Schiller",queenie.oconner@example.net,"Lake Angusland",75,2006-01-02
"Hortense Bartell",xbarrows@example.org,"South Delia",32,2010-05-23
"Eva Halvorson",clakin@example.org,Ratkestad,21,1984-03-24
"Jaclyn Beer",nolan.meredith@example.org,"Lake Jaycetown",69,2023-08-06
"Keven Quitzon",jarrett00@example.org,"West Margueriteshire",59,2000-03-01
"Ona Zboncak",deckow.quinten@example.org,Tressieside,50,1978-04-12
"Elnora Stoltenberg",angus00@example.net,"Port Elroyton",53,1973-06-23
"Abner Rempel",vesta31@example.net,"East Adonisstad",47,1976-04-18
"Imogene Sawayn",randi.fisher@example.com,"North Kyra",63,2024-07-14
"Lukas Jacobi Sr.",dwight61@example.com,"New Verla",73,2008-03-17
"Juliana White",penelope.stamm@example.net,Volkmanchester,35,1973-07-22
"Carissa Kihn",altenwerth.jett@example.net,Sanfordborough,27,2010-09-03
"Casimer Fadel",elody47@example.net,Betsyborough,83,1986-05-27
"Yasmeen Sipes",omari27@example.com,Shanahanmouth,45,2023-09-09
"Beaulah Harvey",jaycee.koch@example.com,Tressaview,25,2013-09-21
"Dr. Elva Mueller I",dcrooks@example.net,Alenehaven,29,2013-01-11
"Isac Senger",delphia24@example.net,"North Dorcas",20,1999-09-30
"Mike Fritsch",whowe@example.org,Murazikville,66,2019-09-05
"Clemens Satterfield",jdamore@example.com,Mayertchester,46,2013-02-18
"Prof. Isabelle Bernier II",orlo71@example.org,"North Emmie",22,2006-06-10
"Virgil Pouros",alford.rempel@example.net,Bryonstad,37,2010-06-26
"Geovanny Monahan Sr.",satterfield.eda@example.com,Ernestofurt,64,1988-11-20
"Emory Reilly",rhills@example.net,"South Matthaven",66,1991-06-07
"Marlen Homenick",dessie.herman@example.net,Kayleystad,84,2015-03-24
"Abbie Kuhlman",hemard@example.com,Rohantown,51,2011-07-07
"Lincoln Haag",dino.armstrong@example.org,Newellchester,25,1974-11-05
"Rocky Auer DDS",stanley.johns@example.net,Treyshire,27,2016-09-26
"Vern Howell MD",garrison18@example.net,"South Tyrelchester",41,2005-07-15
"Victoria Ortiz",jast.logan@example.com,Osinskichester,62,2008-07-01
"Mozell Mertz",nathen.dickens@example.com,Alyssonland,85,2021-12-24
"Cicero Yost",mrohan@example.org,Brakusfurt,28,1992-05-11
"Sigurd Dickinson",shanny.weimann@example.net,Leathamouth,67,1997-07-03
"Kody Bayer PhD",eliza21@example.com,Bodeland,42,1971-09-07
"Annetta Davis",kris.granville@example.net,Hellerborough,30,1973-02-03
"Mohamed Raynor",mschinner@example.org,Schimmelmouth,41,1985-06-15
"Deshaun Balistreri Sr.",jameson62@example.net,Jonesberg,50,1981-03-03
"Kailey Zboncak",emmanuelle.denesik@example.net,Runolfssonton,60,2002-07-27
"Laurianne Oberbrunner Sr.",macie.simonis@example.net,Robertsshire,73,2015-11-27
"Tatyana Shanahan Jr.",ruby75@example.org,"Port Rosaliaview",19,2013-06-16
"Angeline Effertz PhD",leannon.tad@example.org,"South Jaysonport",36,1987-12-04
"Eldon Macejkovic",creynolds@example.com,"New Estrella",64,2006-04-27
"Lillian Kulas",angelica.grimes@example.net,"New Rayland",29,1971-05-10
"Antonette Waters DVM",dillan87@example.com,"New Thad",80,1992-04-29
"Aurelia Cremin",louvenia.casper@example.org,Kreigerview,74,1990-12-31
"Christine DuBuque DVM",hamill.jolie@example.org,Curtisfurt,36,1978-10-30
"Berneice Swaniawski",isanford@example.com,"West Lucious",43,1989-09-24
"Mr. Omari Schamberger",nmosciski@example.org,Cummingsmouth,23,1997-11-28
"Casimer Price MD",rjast@example.com,"West Lonnie",55,1972-03-14
"Dr. Cordia Koepp",kuhlman.frieda@example.org,Heaneyside,27,2020-08-21
"Harmon Schuster",mccullough.kimberly@example.net,"North Elfriedaland",85,1989-06-24
"Lloyd Hettinger",vella43@example.org,Yadiraberg,82,2012-12-28
"Alayna Robel",smitham.maria@example.org,"East Elianburgh",38,2008-08-27
"Prof. Verlie Heidenreich",eldridge16@example.com,"Lake Braxton",67,2001-04-03
"Roderick Kunde",rashawn18@example.com,Denesikhaven,33,1974-12-20
"Mrs. Precious Hills",ondricka.trystan@example.com,Oranchester,27,1981-12-30
"Miss Dixie Barrows",porter85@example.com,"Port Reyna",38,2003-07-16
"Dr. Clementine Jerde",gino45@example.net,Jacobiborough,37,1988-02-18
"Mr. Orrin Corwin Jr.",glover.rosendo@example.com,Howeport,48,2019-04-09
"Prof. Afton Crist",brekke.walker@example.com,Weberton,35,2016-07-13
"Lonnie Smith",constance.halvorson@example.com,"West Kade",62,2000-04-02
"Mia Pagac",davonte37@example.org,"Port Meaganport",72,2018-05-13
"Terrence O'Conner",casandra.morissette@example.net,"North Bomouth",32,2010-10-08
"Mr. Raleigh Shields",marcelle.cassin@example.org,"West Vergie",73,1979-11-18
"Prof. Agnes Turcotte Sr.",scarter@example.com,"North Tamaraview",30,1971-10-26
"Myrna Schultz Jr.",arunte@example.com,Ankundingfurt,35,1992-07-07
"Mr. Claude Kris III",qdaugherty@example.net,"East Barneyside",33,2014-04-03
"Sidney Mann",lfunk@example.com,"North Toni",68,2003-12-01
"Arturo Lubowitz",rosendo.denesik@example.net,"East Kristy",60,2011-11-30
"Verda Hill I",ccremin@example.com,Germanshire,58,2016-08-19
"Dr. Chyna Upton PhD",mlabadie@example.net,Jacobsonchester,46,2003-12-09
"Dr. Fred Donnelly",vance.reichel@example.org,Kiannamouth,56,1999-02-02
"Jamal Padberg",afton35@example.org,Runolfsdottirton,68,2017-09-27
"Napoleon Stark",brandt.hoppe@example.net,"South Cletaburgh",55,2009-12-25
"Concepcion Lowe",ottis.blanda@example.net,Maybellemouth,62,1986-09-08
"Creola Wyman",junius97@example.com,Greenfelderstad,64,1980-06-20
"Nelle Metz",tking@example.com,Bernierfurt,63,2020-10-28
"Lucie Herzog",melba.lehner@example.net,Hintzbury,50,1973-09-11
"Prof. Cecile Paucek",heaney.dangelo@example.com,"South Yvetteberg",47,2021-09-16
"Salvador Bode",raegan.botsford@example.net,"Lake Kimfort",18,2011-04-17
"Alvena Gutmann",lhagenes@example.org,"Lake Wilber",36,2017-11-25
"Nathanael Smith",mohr.julien@example.org,Halvorsonland,67,1980-04-10
"Alfonzo Klein",jakubowski.donavon@example.com,"New Monserrateport",49,2023-05-11
"Dr. Jordi Schaden PhD",kunde.mateo@example.org,Woodrowshire,55,1991-01-19
"Stan Davis",marcus02@example.com,"South Mireya",36,2022-03-15
"Nolan Corwin",collins.camron@example.net,"West Tatyanamouth",52,1980-06-29
"Leslie Pollich",brandy33@example.net,"Lake Jadeborough",38,1980-07-22
"Juana Mohr",lionel18@example.net,Daynaside,66,2016-01-02
"Bell Hickle",barrett.turner@example.net,Ortizmouth,62,1992-11-15
"Arlo Bernhard III",weber.kaci@example.org,Uliceschester,45,1981-07-21
"Stacy Gorczany",carol20@example.net,Bechtelartown,20,1979-01-24
"Janick Funk",liliana72@example.net,"North Minnieside",31,1992-11-13
"Franz Schimmel",reilly.leonor@example.net,Whiteview,78,1989-12-20
"Lenore Murray",devyn.von@example.net,Obieport,56,1970-08-01
"Prof. Lavada Renner PhD",brian.turner@example.com,Leuschkefurt,33,2014-01-03
"Destinee Kilback",kathryn.bailey@example.org,Clarabellemouth,29,1993-08-04
"Douglas Turner",dschmidt@example.org,Goldnerland,18,1972-09-21
"Emmet Nikolaus",florence.oconner@example.org,Millerstad,75,1984-03-08
"Nia Heathcote",lhickle@example.com,Chasityfort,48,1982-04-25
"Fritz Ziemann",rogahn.dejah@example.org,Funkland,73,2023-03-17
"Ross Jones",brooklyn.kilback@example.com,"Lake Thora",49,2014-06-02
"Willard Lockman V",gfarrell@example.com,"North Donnabury",26,1987-03-08
"Miss Shaylee Mills Jr.",kirk42@example.net,"New Monserrateport",56,1989-03-02
"Prof. Kennedy Mann",laisha.abshire@example.org,Gradymouth,40,2018-10-10
"Savion Nolan",gorczany.rahsaan@example.com,"South Madalyn",66,1975-06-29
"Bo Goldner",lchamplin@example.net,Monahanmouth,63,2014-12-03
"Daphne Herzog",klein.robin@example.net,"West Easter",38,2010-12-15
"Ms. Carlie Kulas III",sstrosin@example.net,"New Marcstad",64,1993-10-26
"Linda Quitzon",okuneva.dahlia@example.org,"South Alethahaven",83,1988-04-19
"Chasity Quitzon Jr.",iflatley@example.com,"Lake Rosalindachester",21,2020-09-04
"Theresa Hartmann",kali.kautzer@example.com,Darechester,30,2001-09-17
"Mr. Maxime Gleichner V",emerson.sanford@example.org,Doylebury,82,1985-12-03
"Prof. Kieran Bashirian",zhammes@example.com,Joanieton,27,2013-06-17
"Dr. Mitchel Gulgowski",morgan.quitzon@example.net,"West Ronny",38,2008-03-13
"Berta Wisozk",israel27@example.com,"New Lazarohaven",27,2001-12-26
"Mauricio Windler",neva33@example.com,"South Evelinehaven",70,2003-06-13
"Barton Konopelski",jovany04@example.org,Emeryville,18,2006-09-03
"Marisa Koch",ciara.hermann@example.org,"North Rodger",79,2020-03-19
"Dr. Trevion Will DVM",hilbert.orn@example.com,Hellerberg,71,1988-06-01
"Mrs. Mossie Bradtke",jerel49@example.com,"New Tiana",61,1979-06-05
"Madelyn Moore",emard.imani@example.org,"West Malvinafort",78,1999-02-08
"Dariana Tromp DDS",lesch.reba@example.com,"South Armani",80,2022-12-19
"Mrs. Otilia Lynch III",tevin13@example.com,Coraport,69,1998-07-15
"Shanny Schuster",terrance.schuppe@example.com,Farrellchester,52,1987-03-31
"Ms. Minnie Paucek V",janelle27@example.org,Kyletown,63,1989-02-04
"Reina Dach",klein.citlalli@example.com,"East Jonas",62,2001-11-06
"Cecelia Koelpin",simonis.alexandrea@example.org,"Lake Jennyfer",59,1989-05-24
"Mrs. Madeline Hodkiewicz Sr.",tina18@example.com,Marquardtchester,50,2007-04-29
"Marietta Baumbach",greenholt.margret@example.com,"North Florine",58,2015-01-19
"Josue Weber",wuckert.lurline@example.com,"West Roma",69,2012-08-09
"Quinten Nicolas",dwelch@example.net,"Port Alycestad",49,2011-03-06
"Scarlett Lubowitz",raina.dubuque@example.net,Jaydonburgh,76,2011-05-03
"Dr. Alfred Carter",bashirian.domenico@example.com,"South Archibaldberg",36,2016-10-10
"Edwina Feeney I",jarod29@example.net,"West Kale",54,2010-08-24
"Clay Lockman",lexus.jones@example.net,"New Miltonfort",82,2023-07-11
"Maryse Corwin",wisoky.keara@example.org,"North Verdastad",35,2004-05-31
"Miss Kali White DDS",marjory.schuppe@example.org,"South Peteshire",73,1987-06-22
"Sonny Doyle",felicia.hayes@example.net,"Port David",67,1993-08-13
"Ms. Jackie Wiza",agnes.lowe@example.net,Tristinville,50,1993-01-09
"Miss Jeanne Batz",ahmed73@example.org,"West Corineshire",39,1978-09-18
"Bertram Glover",idell87@example.net,Durwardmouth,74,2020-08-10
"Amina Anderson",earnest.murphy@example.net,Jacobibury,84,2016-01-27
"Ryley Weissnat",bobbie90@example.org,"East Margarita",49,2007-04-13
"Meaghan Lakin",dibbert.elena@example.com,Colemanmouth,34,1989-03-10
"Dr. Irving Hyatt DDS",kunze.reagan@example.org,Marksberg,44,2005-04-24
"Hulda Shanahan",addie.ohara@example.com,Zboncakfurt,62,1988-07-01
"Demario Glover",stark.aida@example.com,Selenabury,33,2013-10-14
"Melvin Durgan Jr.",jayme.little@example.net,Wisozkhaven,30,1975-05-03
"Israel Lesch",maximo.stoltenberg@example.net,"West Alainaton",29,2009-02-21
"Nikolas Stark",maryse.romaguera@example.net,Sophieshire,47,2018-07-11
"Jeanette Stiedemann",mitchel.bergstrom@example.com,"North Sedrickburgh",52,1998-04-03
"Triston Tillman",rspencer@example.com,Tristinland,39,1984-09-22
"Mr. Lukas Kulas V",eli36@example.com,"West Tate",42,2010-12-02
"Deonte Ferry",lucinda78@example.com,Brennanview,22,1971-01-27
"Furman Kilback",russell.gottlieb@example.org,"Lake Gillianstad",59,2005-08-14
"Burnice Brown",dubuque.carter@example.net,Nealland,60,2007-07-24
"Elisha Kutch",hamill.dylan@example.com,Fanniestad,84,1988-09-27
"Paris Metz",fraynor@example.org,"North Reese",23,1999-04-18
"Clarabelle Brakus",cindy.smith@example.net,Skyeview,37,2001-03-09
"Gregg Balistreri",jakubowski.amira@example.org,"East Groverton",36,2023-10-09
"Birdie White",kshlerin.baylee@example.com,"East Donnieburgh",33,1976-04-07
"Ms. Vilma Blanda",sonia05@example.com,"West Ansley",19,1990-04-26
"Kale Koepp V",stiedemann.danny@example.org,Dorisport,35,2003-12-10
"Joesph West",kwhite@example.com,"North Mariana",26,1998-07-08
"Lacy Nienow",mara.hand@example.net,Santabury,21,2005-07-21
"Prof. Adolphus Wiza I",ari26@example.org,"South Hellen",40,2018-06-28
"Aracely King IV",tyrel.hickle@example.org,"South Cassandramouth",81,1980-08-25
"Darrell Goyette",adonis37@example.net,Hermanland,26,2015-11-06
"Jacklyn Kuvalis",nelda.stark@example.com,Kelliberg,62,2005-03-19
"Ms. Savanah Sawayn",wnicolas@example.com,Troyborough,25,2004-08-19
"Raquel Grimes",oswaldo.nitzsche@example.net,Rettaberg,69,1979-01-12
"Miss Deanna Kirlin PhD",vicente.jenkins@example.com,"West Lucy",33,1990-12-13
"Devonte Abshire",ryann22@example.net,"New Josue",37,1999-06-15
"Fanny Lemke",ztremblay@example.com,"Port Eldon",76,2002-09-09
"Prof. Saige Olson",lafayette01@example.org,"North Pierce",33,2023-05-22
"Prof. Leila Lubowitz",alison.lockman@example.net,"New Nealport",31,1983-06-20
"Dr. Johnny Ritchie V",brakus.fabiola@example.com,Kovacekberg,66,1971-06-08
"Itzel Witting",daugherty.amalia@example.org,"West Rylee",51,2009-11-16
"Waino Toy Jr.",robin.reynolds@example.org,Dickinsonhaven,74,2022-09-04
"Dr. Thaddeus Parisian",alia80@example.com,Jakubowskimouth,37,2020-12-02
"Miss Audrey Bayer DVM",iritchie@example.net,"Port Norbertberg",65,2008-03-08
"Shyann Ferry IV",keven02@example.org,Lindshire,40,2001-10-06
"Noelia Cremin",gaylord.roel@example.net,"South Jadefurt",78,1984-08-22
"Shad Christiansen",elittle@example.org,Homenickfort,18,1971-04-11
"Morton Kertzmann",koepp.maverick@example.com,Kulastown,57,1987-01-07
"Dr. Thea Ziemann",hilpert.lizeth@example.net,Kristinaborough,77,1972-10-09
"Mr. Matteo Shields",moen.elian@example.org,Macejkovicmouth,72,2022-06-17
"Marquis Carroll",frederic48@example.com,Allanstad,38,1977-07-09
"Mr. Joel Buckridge PhD",adolfo45@example.com,"New Charleneshire",46,1977-12-12
"Eda Donnelly MD",caden.konopelski@example.net,Aliviaport,33,2021-10-22
"Randy Lowe",vicente.bosco@example.net,"South Tedland",74,2014-10-15
"Ethan Ledner",pacocha.daisha@example.com,"Lake Rockyfort",36,2021-09-23
"Nella Ankunding",javon.zieme@example.com,Faheystad,42,1970-07-21
"Emie Cruickshank",dariana31@example.com,"South Alvahaven",35,1999-10-04
"Miss Rylee Stanton MD",price.joshuah@example.org,"North Ianland",81,1994-10-13
"Estevan Sawayn",kbednar@example.org,Maxberg,29,1998-12-29
"Clovis Monahan",gracie.dickens@example.org,"North Toreyfort",58,2003-01-08
"Ms. Gilda Borer",candice24@example.net,O'Konland,39,1976-11-18
"Dr. Harry Beahan Sr.",cortney98@example.org,"East Magalimouth",57,2014-02-17
"Dr. Gideon Wilkinson",brittany.ankunding@example.com,"South Jakob",84,2004-08-13
"Jermey Ondricka",swift.patsy@example.com,"South Lucienneberg",78,2005-02-26
"Maeve Jacobi",alek.ferry@example.com,Kautzerview,45,1988-01-24
"Miss Izabella Cummerata Sr.",destinee.paucek@example.org,Kutchburgh,63,1988-07-27
"Donnie Corwin Jr.",mcclure.ferne@example.com,Judahbury,45,1992-07-28
"Eugene Sporer IV",finn06@example.org,Connborough,29,2019-03-29
"Elvis Nikolaus II",unique48@example.net,"West Pansyland",25,1995-11-10
"Verner Cole",lweimann@example.com,Janyshire,20,1997-07-20
"Damien Ankunding",ruby50@example.com,"North Carmelobury",33,2009-04-22
"Yessenia Beatty",ahudson@example.com,Tellychester,56,2013-10-15
"Antonietta Johns",wintheiser.cayla@example.com,"South Joany",31,1997-03-06
"Mr. Elmer McGlynn Jr.",fay.ashly@example.net,Raoulfurt,50,2020-03-28
"Asia Schimmel DVM",gulgowski.loyal@example.net,"Port Vicente",48,2010-01-31
"Nadia Price",upton.dolly@example.org,Juniuston,69,2012-01-20
"Americo Jacobson",koepp.louie@example.com,"New Kalliemouth",74,1984-03-14
"Elinore Smith Jr.",rreichel@example.com,"West Hassieview",56,2000-07-19
"Clemmie Daniel",dooley.rhoda@example.org,"Port Darlene",44,2012-09-05
"Gunnar Ritchie I",kade55@example.com,"New Jany",55,1973-04-06
"Mr. Erik Will DVM",meta.boehm@example.org,Lornaside,74,1996-01-26
"Liliane Schmidt",kennith.rodriguez@example.net,Kimberg,26,2004-01-25
"Mr. Warren Daugherty DDS",pbauch@example.net,Bahringerbury,68,2006-07-18
"Syble DuBuque",wiegand.zetta@example.net,Clayshire,39,2007-12-16
"Jamarcus Schroeder Sr.",langosh.hertha@example.org,"West Willismouth",40,1972-12-11
"Kellie Ryan MD",lauren.bins@example.org,Raynorport,76,1981-06-27
"Alphonso Cronin",jsmith@example.net,Schoenmouth,40,2015-02-27
"Dr. Jules Rippin",maddison59@example.net,Rodriguezfurt,37,1977-10-24
"Andreanne Strosin",pstehr@example.com,Raymundochester,40,1988-03-05
"Rickie Paucek IV",owunsch@example.net,Sydnietown,31,2001-12-09
"Joesph Kozey I",sporer.enola@example.com,"West Mandyshire",66,1971-05-26
"Silas Schoen",luettgen.martin@example.net,"Port Arch",71,2000-10-17
"Jerod Prosacco",wilkinson.lexi@example.net,Jonatanville,34,2004-04-29
"Miss Geraldine Schmitt",vivienne58@example.org,"West Jeromy",28,1993-10-02
"Mack Dare",emiliano.oberbrunner@example.org,"Lake Lonny",56,2022-06-01
"Dr. Demond Blick DVM",uriah10@example.org,"West Elian",41,2011-08-30
"Damian Beahan",tortiz@example.net,Handville,55,1996-08-16
"Darius Jerde",grace.weber@example.com,Albertofurt,30,1980-05-08
"Maximus Stehr",yrenner@example.org,"East Waldo",35,2010-04-03
"Mr. Lemuel Kutch",kareem04@example.org,Quinnchester,53,1994-12-15
"Santiago Orn II",kimberly40@example.com,Kuhlmanburgh,23,2002-12-24
"Irving Bruen",trunte@example.org,Carterborough,63,1974-03-05
"Maxie Ferry",bayer.deonte@example.net,"North Heather",31,1993-08-16
"Forest Ebert II",bulah.oconner@example.net,Anniemouth,36,1970-05-08
"Ona Thompson",zboncak.amalia@example.com,Fabiolaside,47,2024-12-21
"Imani Hamill",bernhard.cordell@example.com,"North Levi",84,2018-03-15
"Dr. Amya Wilkinson IV",montana52@example.org,Guiseppeshire,41,1994-11-23
"Solon Aufderhar",fortiz@example.com,"North Daijashire",24,1985-07-07
"Broderick Raynor DDS",dschumm@example.net,Lillyburgh,51,2016-11-04
"Brant Schulist",chasity08@example.net,Jonasmouth,82,2011-02-19
"Mathias Miller",iwilkinson@example.com,Madisynshire,46,1985-03-25
"Mr. Connor Quitzon III",hand.brent@example.org,"South Graciela",36,2018-02-14
"Dr. Andreanne Mills",fmurazik@example.net,Abigalechester,35,1997-12-01
"Eric Considine",thomas.daniel@example.org,Bergstromburgh,46,2004-04-05
"Miss Emely Beatty V",nlittle@example.net,"East Courtney",74,2010-07-20
"Miss Shakira Bednar III",tgreenfelder@example.org,"New Reubenville",23,1993-06-04
"Germaine Lindgren",karley75@example.net,Gildaborough,82,1970-10-30
"Burley Quigley",afton.corkery@example.net,Christyborough,84,2016-04-01
"Prof. Joaquin Howell",jlemke@example.net,Garlandstad,46,2015-09-12
"Mr. Pete Purdy",gaylord.sigmund@example.org,Adeliaview,49,2007-10-21
"Jefferey Rath",jaron93@example.com,Zboncakstad,53,1982-06-13
"Prof. Horace Gibson DDS",hand.adaline@example.net,"West Deontae",74,1998-07-30
"Prof. Myles Fadel MD",aurelia.flatley@example.net,"West Danielle",64,2016-08-17
"Prof. Laurianne Haag V",gkuhn@example.org,"South Jenningshaven",60,2020-08-23
"Cicero Marquardt",candida02@example.com,"New Miracle",73,2000-06-09
"Louvenia Murray",kbarrows@example.org,Framitown,76,2013-03-29
"Krystal Abbott",warren.bartell@example.org,Powlowskifurt,51,1998-12-24
"Felix Kris",deshaun25@example.com,Bauchport,21,1974-01-27
"Myron Jerde",agraham@example.com,Schadenport,78,1996-01-16
"Karli Reinger",golda68@example.net,Langoshmouth,84,1970-07-03
"Caden Daugherty",maxie.cummings@example.com,"Lake Velvaland",55,1985-07-13
"Newell Adams",green.virgie@example.com,"Lake Grahamburgh",53,1980-03-28
"Marquise Lubowitz",bogisich.seamus@example.org,Chaimchester,48,2022-09-23
"Maximillia Schuster",cbeatty@example.com,"New Christelle",53,2016-01-31
"Prof. Allison Brekke IV",loyal32@example.org,Torphaven,82,1981-10-25
"Kyleigh Jacobson",pacocha.liliane@example.net,Flatleyport,37,1973-09-19
"Edmond Kirlin",gtowne@example.org,"West Amiya",53,1989-06-03
"Darby Lakin DDS",wwiegand@example.com,Keshawnburgh,56,2022-03-24
"Eliza Aufderhar",rowe.deven@example.net,"Port Electabury",59,1999-06-06
"Mr. Jillian Frami IV",eryn.ullrich@example.net,"Lake Isaiasfort",79,1980-09-14
"Berry Bahringer DVM",dchristiansen@example.org,"North Mazie",53,2017-09-15
"Providenci Mitchell",langworth.lawson@example.org,"North Freedabury",82,1988-04-08
"Schuyler Strosin",sandra81@example.org,Kunzehaven,78,1971-06-02
"Wendell Howell",cquigley@example.net,Kutchshire,54,1976-05-12
"Bernadine Bechtelar",twila.trantow@example.com,Kerlukeville,23,1973-05-17
"Ike Bode",hyatt.aric@example.net,"South Madgeburgh",65,1993-01-09
"Prof. Magdalena Schuster",arenner@example.org,Braunbury,47,2011-02-10
"Hilton Ruecker",lkutch@example.org,Kylerbury,81,1970-08-09
"Caroline Wunsch",koelpin.penelope@example.net,"North Isadoreton",42,1989-06-28
"Annetta Spencer IV",fblick@example.net,Micaelastad,69,1995-07-11
"Amelia Bartell",ankunding.orlo@example.org,Rubieton,71,2002-08-29
"Gabrielle Fay",jennie.shanahan@example.net,"New Jordonstad",36,1994-03-10
"Floyd Brown",beatty.golden@example.org,"West Katelynn",69,1973-01-28
"Shad Grimes",zackery.kilback@example.org,Cameronview,55,1970-08-31
"Alan Stiedemann",kbotsford@example.com,"North Haley",81,2016-08-06
"Kobe Brekke",nella.stracke@example.net,"North Teresa",20,1973-11-11
"Aimee Kirlin",durward.howell@example.org,"East Stephon",65,1970-04-13
"Zakary Jacobi II",immanuel68@example.com,"South Ariannaside",83,1972-05-12
"Prof. Everett Ondricka",fred60@example.com,"Lake Malliestad",33,2022-04-10
"Prof. Nikko Streich DVM",kathleen05@example.org,"South Keegantown",66,1992-05-14
"Bonita Barrows MD",mccullough.olga@example.org,"East Gaetano",41,1997-05-03
"Sofia Hegmann",chaz.rosenbaum@example.net,"New Jordan",42,1976-02-10
"Madilyn Dare",adela61@example.net,"North Merl",62,2016-01-16
"Dr. Jaron Eichmann",stark.jalen@example.com,Lawrenceshire,85,2021-06-25
"Dawson Metz",lina15@example.org,"Lake Lydia",46,2012-06-11
"Sophia Kris",brigitte62@example.org,Damienhaven,51,2024-03-29
"Delilah Bauch",felipa65@example.com,"East Tobinville",59,2003-05-03
"Sarah Kirlin",gutmann.lonnie@example.com,"Lake Valentinatown",38,2000-12-19
"Hollie Quigley I",fweber@example.net,"East Nichole",83,2015-10-25
"Beau Quitzon",maurine23@example.com,"West Wendell",24,1994-02-01
"Ms. Anita Bruen",haag.ramona@example.com,Joybury,82,2012-03-03
"Eileen Bartoletti",ieichmann@example.org,"Lake Odellton",18,1985-07-08
"Mr. Bryon Swift PhD",kuvalis.charlotte@example.com,Littleland,32,2000-05-23
"Melissa Purdy",thea.turcotte@example.com,"New Emelieside",61,2017-02-15
"Lois Hammes I",qshields@example.net,"North Saige",63,2024-08-25
"Kareem Hansen",vernie02@example.com,Carolynburgh,61,1993-07-27
"Prof. Joey Lehner",vhane@example.net,Sipestown,80,2019-03-07
"Gabrielle Cartwright",vilma.hill@example.com,"South Eldonland",42,1971-09-29
"Claude Zboncak",heidi.schimmel@example.net,Alexanebury,77,1989-12-13
"Benny Tremblay",yhodkiewicz@example.org,"South Evangelineland",54,2019-03-08
"Nat Sporer",elliott96@example.com,"West Stanleyfurt",48,1970-01-25
"Gina Lehner",vilma09@example.net,Nikolausport,83,2011-11-04
"Adrian Mante",chamill@example.org,Daughertyhaven,39,2001-03-08
"Fred Bailey",carlotta95@example.org,"South Samson",49,1992-02-16
"Prudence Murphy",kendra.lind@example.net,Bauchmouth,44,1978-07-16
"Mr. Johnpaul Rowe",gdurgan@example.net,Briannehaven,67,1980-10-22
"Eliane Pacocha",ebony.kuhic@example.com,Buckport,39,1975-08-01
"Weston Senger",ibreitenberg@example.net,Kaciemouth,78,1986-11-13
"Pink Homenick",kody77@example.com,Cassinville,50,2010-02-04
"Amaya Hudson",kabernathy@example.org,Floridaburgh,75,2024-11-18
"Mr. Mackenzie Lynch",weber.andrew@example.org,"South Jailynmouth",75,1972-07-02
"Pearline Bradtke",mmaggio@example.com,"North Amara",35,2018-12-15
"Teagan West",george.macejkovic@example.net,"Port Noeliafort",58,2009-02-15
"Prof. Walker Mertz",grayce42@example.com,"New Rebeka",34,1988-10-18
"Makenzie Kunde",ubarrows@example.net,Diamondbury,85,2022-05-31
"Olen Kilback",mafalda.strosin@example.net,"North Lorenzchester",35,1983-07-28
"Nicolette Harber",ngibson@example.org,Whitetown,35,2006-06-27
"Lew Kirlin",fred.schmidt@example.com,"Port Petra",18,2022-11-15
"Mrs. Jessica Wolf",murazik.shanie@example.org,"New Alia",72,1995-03-18
"Sabryna Paucek PhD",gail.hagenes@example.net,Dennisborough,28,1982-05-13
"Donnell Funk",lstark@example.org,"South Broderick",19,1993-06-19
"Brendan Lang",jmacejkovic@example.net,"North Daveview",26,2011-03-30
"Veda Ziemann",lucious12@example.net,"Port Santiago",60,1976-07-27
"Isaac Gutmann",sporer.laura@example.net,"New Howell",82,1975-08-04
"Mrs. Beverly Kulas",lambert.monahan@example.org,Diamondland,46,1972-04-23
"Isabella Schiller",wintheiser.morris@example.net,Andersonhaven,42,1979-04-03
"Blanche Jerde",plesch@example.com,Elzatown,58,1984-12-30
"Yessenia Brakus",lysanne.kovacek@example.org,Williamsonton,37,2013-01-09
"Jessica Doyle",bfunk@example.com,Bartontown,60,1976-06-22
"Ken Kassulke",florencio69@example.net,"Lake Dario",66,2022-06-09
"Mallory Larkin",swaniawski.garett@example.org,Wilfridport,65,2011-10-03
"Gunner Hahn",haven.carter@example.net,Swiftbury,67,2019-09-08
"Dr. Vidal Tillman III",ivory.auer@example.com,"North Kayleeville",64,1995-01-08
"Dr. Price Cole III",douglas.jalon@example.org,Judahville,66,1983-10-08
"Demond Ratke",rath.carlos@example.com,"New Pattiemouth",65,2007-10-05
"Derek Feest",sabrina29@example.org,"Port Chrisview",23,1988-01-28
"Beth Kemmer MD",kayli.nikolaus@example.net,"North Daxmouth",39,2015-09-14
"Heidi Towne MD",alvena15@example.com,Brandofurt,25,2004-01-15
"Shawna Franecki",oswald.jones@example.com,"New Bulah",18,1970-09-04
"Giles Oberbrunner",verda22@example.org,"South Dasia",18,1972-10-11
"Ms. Yvette Welch Sr.",bettie.schowalter@example.net,"New Ernesto",78,1991-10-21
"Robbie Funk MD",dameon.wunsch@example.com,"North Margareteton",58,2008-07-23
"Lincoln Swift",mrunte@example.com,"North Rupert",18,1972-11-05
"Edwina Towne",jovany.jacobi@example.com,Kailynburgh,85,2018-06-27
"Isabelle Will PhD",kristoffer.dicki@example.org,"West Deshawn",35,2023-07-20
"Dr. Irwin Hammes II",joanne.veum@example.org,"Lake Armando",78,2005-06-02
"Prof. Alene Bednar V",owaters@example.net,"West Estefania",25,1994-10-10
"Mrs. Aurelie Eichmann PhD",stacy.schuster@example.com,"Lake Bettyetown",31,1999-02-25
"Christian Adams DDS",ghomenick@example.org,Amybury,66,2002-09-12
"Ms. Kaylin Thompson V",cordell87@example.org,"South Aldaview",69,1980-12-10
"Dr. Myrtis King",fhoppe@example.net,Deloresbury,46,1982-09-09
"Miss Monique Marvin",ahmad25@example.com,Maximeburgh,71,1988-12-04
"Gay Pfannerstill",feeney.stone@example.org,"North Josiane",58,1981-08-01
"Fredy Cassin",viviane54@example.org,Burnicefort,26,1994-05-16
"Lenore Wunsch V",tobin.robel@example.org,"Port Sam",53,2007-01-29
"Herman Hahn",jana06@example.net,"West Carmellaland",75,1988-04-02
"Clark Funk II",zzemlak@example.org,"Port Edythe",44,1985-06-15
"Mr. Ted Crooks Sr.",stark.natasha@example.com,Hudsonland,42,2001-12-25
"Gwen Strosin",wharris@example.org,"East Stephaniefort",18,2009-06-14
"Prof. Lazaro Jast III",guiseppe71@example.com,"Lake Orval",27,1988-08-04
"Audrey Skiles",hartmann.karson@example.com,Jakubowskichester,39,2002-05-12
"Felicity Conn",ernestina.damore@example.com,Madonnaville,68,1971-03-20
"Jaqueline Cummerata",stroman.roman@example.com,O'Connerport,70,1994-05-05
"Vivienne McCullough",egrant@example.com,"East Victorborough",48,1972-06-24
"Randy Mitchell",yundt.haley@example.org,Adamsstad,53,2004-03-21
"Florine Watsica",jhoeger@example.org,"South Kassandraborough",52,1982-08-11
"Mckenzie Denesik",rachel66@example.org,Padbergland,44,1999-08-29
"Prof. Reina Graham I",werner.gutmann@example.com,"New Teagan",71,2008-01-17
"Ms. Ruby Howe",jjerde@example.org,Aricborough,35,2005-08-24
"Sven Sawayn",keven.pagac@example.com,Ullrichtown,66,2018-12-26
"Dr. Lelah Conroy",shanny01@example.net,"South Celineshire",74,2003-12-26
"Otho Crona",murphy.lance@example.org,"West Hilbert",40,1971-06-24
"Prof. Brenden Thiel IV",pfeffer.mattie@example.net,Amiraland,81,1979-03-26
"Maximus Wunsch",isom69@example.com,Sigmundburgh,50,2001-04-20
"Ida Batz",wiza.eveline@example.org,"West Billy",60,2022-01-13
"Ronny Weissnat",vicente.bahringer@example.org,"North Ken",69,1974-01-20
"Keanu Durgan",mvolkman@example.com,Doylehaven,51,1989-03-11
"Mr. Chesley West PhD",harber.talia@example.com,Sipesshire,66,1970-10-04
"Axel Harris",ywilkinson@example.org,"East Jeromyfurt",39,1987-03-12
"Miss Icie Price",bosco.sister@example.net,Johnstonland,37,1977-06-22
"Henderson Huels",darlene.mclaughlin@example.com,"East Dewayne",77,1982-03-27
"Mr. Alexzander Mosciski",aisha21@example.net,"New Coraborough",41,2004-03-22
"Anastacio Morissette",furman32@example.net,"South Bridgettehaven",57,1970-01-18
"Destin Kertzmann II",kcole@example.net,Burleyberg,26,1972-06-01
"Stefan Carroll",loconner@example.com,Elinorbury,48,1983-07-21
"Hillary Fisher",abigale.schinner@example.com,"East Judah",72,2009-06-10
"Mertie Osinski IV",heidi.carter@example.com,"New Dellamouth",75,2015-07-22
"Guiseppe Leuschke DDS",ptremblay@example.net,"New Bonniechester",74,1984-12-18
"Salvatore Schuster III",darron17@example.net,Guillermoville,26,1993-12-01
"Raphaelle Stamm",gmoore@example.net,"Lake Lenoreberg",23,1980-04-18
"Cara Larkin",daniel.kendall@example.com,"West Chelseytown",32,1996-03-03
"Itzel Hartmann PhD",lonie.bechtelar@example.net,"North Rickiemouth",43,2000-06-05
"Dr. Guiseppe Kerluke V",lew.kirlin@example.net,Isobelhaven,72,1995-12-10
"Ms. Serena Blanda",damon.howe@example.net,"South Donato",63,2012-01-05
"Mr. Kirk Beer",kilback.remington@example.net,Betsymouth,44,2005-01-21
"Miss Connie Weber",qklein@example.org,Kuhicchester,39,2010-09-15
"Loma Hermiston Sr.",richie.douglas@example.org,Moorefort,78,1992-09-05
"Jenifer Botsford",lnikolaus@example.net,Arnulfobury,21,2022-05-28
"Prof. Enrico Erdman",madonna.beatty@example.net,Brooksview,61,2011-05-29
"Allene Senger",schuppe.bernhard@example.com,Rathtown,75,2020-11-08
"Coby Mayer MD",ebernhard@example.net,Oscarberg,64,1984-07-27
"Prof. Don Kreiger DVM",lowe.nelle@example.com,"East Luis",42,1976-10-22
"Karley Mertz",darrel.oreilly@example.net,Walkerview,72,1999-07-24
"Abigail Keeling",eduardo64@example.net,Krystalport,72,1998-03-15
"Lexie Mann",favian.bosco@example.com,"South Gunnarhaven",18,1986-01-08
"Jerome Heidenreich",federico03@example.com,"West Eulaberg",52,1986-02-08
"Ubaldo Smith",wilford46@example.com,Haagfurt,78,2021-04-04
"Princess Bogan III",merle.oberbrunner@example.com,"Lake Lolachester",25,1994-02-08
"Amara Denesik",elva02@example.net,"Lake Elodyburgh",41,1990-06-05
"Keon Ryan",golda.macejkovic@example.com,Shieldsshire,40,1973-07-30
"Prof. Andy Schuppe III",davion50@example.net,Nitzschemouth,77,1974-02-07
"Dr. Lambert Maggio",clotilde84@example.org,"New Lucio",21,2005-07-20
"Abbey Hartmann",wberge@example.com,Matildashire,54,2000-06-12
"Lilian VonRueden DVM",schinner.louie@example.org,Janhaven,75,2014-07-07
"Ms. Josiane Schroeder",corbin39@example.com,Stokeston,47,2024-01-20
"Roger Boyle Sr.",ljaskolski@example.com,"West Magdalenaville",62,2005-09-03
"Juanita Buckridge",upurdy@example.org,Hackettmouth,59,2016-07-12
"Dr. Jaida Huel II",psanford@example.org,Gleichnerfurt,24,1978-07-01
"Robb Daugherty PhD",rita.fisher@example.org,Jessikaton,64,1982-04-12
"Florida Mraz",emard.stefanie@example.net,"North Odietown",45,2009-12-21
"Gia Wunsch",onie.beier@example.com,Adolfobury,66,1974-05-29
"Darrick Wolf",nettie.yost@example.com,Dixiebury,83,1985-04-08
"Birdie Kutch",cicero15@example.org,"East Lonnychester",46,1979-07-17
"Royce Frami",orn.katlyn@example.com,"East Alyciashire",74,1984-09-07
"Cassie Cormier",ziemann.lucienne@example.net,Pagacton,20,2007-04-07
"Alexandro Reichel",kaelyn.swaniawski@example.net,Hudsontown,83,2014-12-18
"Mr. Nicola Mosciski I",lucy03@example.org,Goldnerville,25,1977-09-25
"Prof. Creola Kuhic",dstanton@example.org,"West Alexandraberg",52,2022-01-01
"Verdie Daugherty",mayer.dan@example.org,"North Gagetown",63,1989-06-17
"Prof. Monserrate Stiedemann",mann.scot@example.net,Larkinstad,47,2005-05-29
"Prof. Heather Bogan PhD",zgoyette@example.net,Carletonport,57,1990-08-24
"Prof. Carroll Lind",shaina.mcclure@example.net,"South Francoland",66,1986-02-21
"Jerrold Vandervort",christ.stroman@example.com,Clydefurt,61,1996-01-02
"Allison Morissette",bstreich@example.com,"New Carleyhaven",19,2011-12-24
"Michaela Nikolaus",cecilia.medhurst@example.com,"Lake Hayley",85,1984-07-29
"Candace Konopelski",hazle.balistreri@example.org,Creminside,48,1976-10-22
"Lance Kutch",yhudson@example.org,"New Jaqueline",59,1970-10-26
"Mr. Mose Rohan",lurline.jacobson@example.org,Ransomport,71,1978-06-16
"Anastacio Baumbach",mclaughlin.neha@example.org,"New Veronica",61,1989-02-27
"Aidan Heaney II",hans.fay@example.org,Kleinshire,56,1996-04-14
"Braxton Kemmer",pfannerstill.nyasia@example.org,Kerlukeland,80,2001-05-16
"Dario VonRueden V",ilabadie@example.org,Myrafurt,19,1977-09-05
"Giovanna Koch",ankunding.hertha@example.org,"Lake Hollyside",44,2012-08-25
"Odie Blick",stracke.flo@example.com,Martinhaven,49,1978-10-31
"Garfield Streich I",wwilderman@example.com,Kundechester,53,1978-10-16
"Keara Casper",csawayn@example.org,Lynchfort,29,1986-05-01
"Mikel Fadel",shea27@example.net,Fisherside,56,2006-11-13
"Eleanore Wiegand V",kallie.powlowski@example.net,"Lake Peyton",35,2010-05-23
"Daniela Schultz",keenan.gorczany@example.net,"North Matteomouth",61,2012-11-21
"Brian Barton",lyda97@example.com,"West Mortimerfurt",63,1976-08-25
"Tracy Sporer",lionel68@example.org,"North Justinefurt",31,1996-05-15
"Cary Parker",lindgren.geoffrey@example.com,"East Antonina",41,1991-10-31
"Alayna Wyman",lcrona@example.org,"West Lavadamouth",24,1983-09-19
"Sigmund Schneider MD",dhickle@example.org,Ryanfurt,27,2000-10-07
"Dean Gislason III",amya61@example.org,"Port Titusbury",82,1992-08-06
"Dr. Randal Kovacek",ayost@example.com,Botsfordshire,76,1979-05-12
"Shanon Renner",reichert.destany@example.org,"East Giannichester",70,1991-11-09
"Prof. Ernest Yost V",noble46@example.net,Ameliebury,54,2003-03-23
"Loyal Friesen",nborer@example.net,"Lake Kyleburgh",62,1988-02-11
"Emelie Quigley I",gbarton@example.net,"East Darionborough",57,1973-10-27
"Lela Stamm",tamia11@example.org,Enolamouth,71,2014-08-09
"Kayleigh Miller",morar.hershel@example.net,"Lake Linda",26,1975-08-11
"Brianne Schimmel",runte.wyman@example.com,Rhiannaland,82,2024-07-29
"Leif Wuckert III",cathy.walter@example.com,Goodwinbury,30,1999-04-03
"Ms. Jazmin Mosciski",hugh.turcotte@example.net,Olsonbury,62,1970-09-05
"Mr. Toby Gibson I",louie02@example.org,"East Sonya",44,1986-04-23
"Dana Bailey",krajcik.izabella@example.com,"East Gabrielport",84,2008-02-14
"Prof. Bridget Bechtelar Jr.",harmon01@example.org,Allisonshire,47,2005-04-20
"Ivy Glover",dlockman@example.com,Hilpertfort,73,2004-05-28
"Keegan Kunde",bryon27@example.com,"South Evans",30,1975-05-23
"Deron Johnston",donnelly.lee@example.com,"Port Ara",84,2019-08-29
"Ms. Allison Goldner",trent.nikolaus@example.com,"North Kamronmouth",59,2017-03-15
"Mr. Reed Will V",volkman.ines@example.net,"Lake Javier",72,2004-09-24
"Kelsie Pagac",tessie.dooley@example.com,DuBuqueburgh,58,1987-09-21
"Dominique Pollich V",elenora.simonis@example.com,"East Ameliaville",47,1985-10-09
"Roslyn Stanton",bergnaum.hallie@example.net,"South Bernardo",53,1993-03-17
"Kayleigh Baumbach II",ojakubowski@example.net,"South Carlo",61,1976-03-10
"Paris Stamm",braulio08@example.net,Toyshire,68,2014-06-02
"Kathlyn Pacocha",lola.zboncak@example.net,Bechtelarland,79,2018-04-14
"Shawna Gerhold",thompson.celine@example.com,Ottofurt,57,1992-03-24
"Elnora Eichmann",chelsie.marks@example.org,"North Alvinastad",77,1996-02-27
"Priscilla Runolfsson",huel.adrienne@example.org,"Port Ayden",73,2011-02-06
"Major Boyer",eric.wilderman@example.com,"New Keira",67,1977-04-09
"Neil Fadel",zbarrows@example.com,Donnellyborough,38,1998-08-03
"Brad Thiel Jr.",boris80@example.net,Shieldschester,68,2014-05-18
"Friedrich Moore",jaron11@example.net,Cliffordtown,40,1985-05-27
"Mr. Jamison Franecki",qconsidine@example.com,"East Francoburgh",48,2001-10-28
"Salma Daugherty I",marc.zboncak@example.org,Lednerside,57,2022-10-15
"Eleanore Ziemann",caleb20@example.org,Allisonberg,26,1997-04-03
"Anastasia Stamm",qvonrueden@example.org,"South Tamia",44,1985-05-28
"Daphne Smitham",knienow@example.org,Eduardoton,32,1997-09-18
"Odie Rice",trisha.lebsack@example.org,"North Floridaport",57,1970-05-01
"Audie Morar",korbin47@example.com,DuBuquemouth,58,2010-05-29
"Jefferey Bashirian PhD",lubowitz.humberto@example.net,"Lake Heather",19,1999-11-17
"Mr. Elbert Olson",issac.mckenzie@example.com,"Port Fermin",30,1993-11-12
"Dr. Weston Shields",coy25@example.net,"Lake Emil",22,2024-04-09
"May Stoltenberg",phoebe52@example.net,Maybellshire,71,1993-04-21
"Shanelle Friesen",camila55@example.org,Sylvanshire,79,2021-10-27
"Ms. Edythe Boehm II",nolan30@example.net,"Port Greyson",40,2016-04-17
"Maggie Koepp",triston17@example.org,Nikolausmouth,64,2001-10-16
"Crystel Reinger",karson36@example.com,"Port Monaborough",29,2004-03-24
"Mrs. Veda Ondricka DVM",gleason.buster@example.com,"Port Jonchester",74,2019-06-13
"Mr. Kendrick Lakin MD",jones.hester@example.com,"East Shyannside",62,1995-01-25
"Chandler Feil",waters.saul@example.org,"East Norbert",73,2013-10-04
"Mr. Adelbert Walter V",vhermiston@example.net,Hanehaven,39,1992-11-25
"Dr. Earl Volkman IV",huels.bobbie@example.net,"West Maybellebury",48,2020-05-21
"King Jast",upagac@example.net,Pearlieshire,23,2001-12-08
"Odessa Ankunding",deckow.gerardo@example.net,"Lake Burnice",70,1980-11-20
"Deja O'Keefe",lhansen@example.net,Koepptown,77,1981-07-12
"Sam Crist",toy.gerhold@example.org,"West Jaycee",37,1970-01-13
"Clair Hills",rdickens@example.net,"New Mikaylaton",44,1977-08-19
"Prof. Cyrus Raynor V",dbrekke@example.net,"New Kobeberg",72,2017-10-29
"Vicenta Johns III",percival44@example.com,"Port Ayla",28,1971-10-01
"Jaunita Langworth",cassin.consuelo@example.com,"Port Demetris",47,1988-05-26
"Lamont McCullough",aglae89@example.org,"West Taurean",58,1978-07-22
"Westley Weimann",vbeier@example.com,"South Yesseniachester",24,2006-03-31
"Milford Gibson",abdiel05@example.net,"New Tayaberg",42,1999-11-16
"Dr. Tristin Parisian Sr.",xmclaughlin@example.com,Karolannbury,54,1986-06-02
"Mr. Jesse Borer",chesley52@example.com,"East Marina",46,1980-01-30
"Justen Schinner",garnett.kunde@example.com,"Lake Mason",55,1996-04-15
"Mrs. Hosea Herman",jamaal22@example.org,"West Keyonport",63,2015-06-29
"Ms. Hellen Morar III",lkihn@example.org,"Lake Janick",83,2018-08-14
"Orpha Schoen",jerrold.lockman@example.org,Forestborough,69,1976-12-20
"Hal Fritsch III",oreilly.heloise@example.com,Kozeyfort,55,2002-11-12
"Dr. Wade Murazik",margret.abernathy@example.com,Simonehaven,53,1984-12-07
"Kenna Langworth",nelda.blanda@example.com,Braulioborough,43,2005-01-10
"Dr. Rickey Gerlach DVM",bertram09@example.org,Kaneville,73,2024-06-16
"Miss Ana Shanahan",ywaelchi@example.org,"Port Blanca",37,1996-03-25
"Nella Heidenreich",sabrina99@example.com,Herzogport,79,1998-08-18
"Pearl Wunsch",nanderson@example.com,Garrickside,54,1980-05-22
"Mellie Heathcote",brook87@example.net,"Port Ashleyshire",65,1994-02-06
"Brandt Bailey",obie65@example.net,"East Marleneview",63,1980-01-16
"Rosendo Kerluke",shayna42@example.com,"West Evatown",84,2000-02-22
"Lisa Jacobi I",dominique32@example.net,"East Rudy",81,2000-05-05
"Lily Rice",robert43@example.org,"West Zackary",44,1988-09-03
"Dejon Littel",lparisian@example.net,"West Lela",44,2017-10-29
"Titus Shields",angelina40@example.org,"East Brentstad",44,1986-10-13
"Prof. Maynard Fritsch",fkovacek@example.org,Jovanfort,41,2013-11-05
"Prof. Ferne Labadie",blick.syble@example.org,Keeblerchester,59,1997-04-09
"Aaliyah Hammes",graham.tania@example.com,Berniermouth,38,2011-02-12
"Flo Feest",emmie.king@example.com,"Port Stacyview",65,1987-07-17
"Heloise Stanton",bruen.jimmie@example.org,"East Eulalia",57,2007-01-25
"Dr. Bridgette Casper III",jacobson.chase@example.com,"East Esmeralda",76,2000-09-12
"Mrs. Libby Homenick III",krunolfsdottir@example.com,"East Kianaport",60,1999-11-17
"Oswaldo Reichert",casper.alexanne@example.com,Crooksberg,38,2020-11-04
"Violette Ryan",thompson.emma@example.org,"Lake Ahmadborough",25,1991-02-07
"Madelynn Bayer",tavares.jast@example.com,Cyrilburgh,57,2017-02-28
"Jeromy Rodriguez",golden29@example.org,"Lake Cassandrafort",41,1993-10-26
"Kieran Volkman",suzanne.barrows@example.net,"West Lawsonburgh",49,1982-11-13
"Sarah Kassulke",jones.ozella@example.com,"East Jaylen",21,1972-10-24
"Alexandrea Schultz",manley.ritchie@example.net,Bruenville,20,2000-12-11
"Gunner Vandervort",jhessel@example.com,Watsicaburgh,50,1985-07-05
"Prof. Noe Gorczany",hand.sandra@example.com,Connport,71,1984-07-19
"Avis Thiel Sr.",kquitzon@example.com,Grahamburgh,60,2002-10-03
"Coty Toy PhD",sonya.rath@example.com,"West Modesto",73,1993-10-21
"Hobart Balistreri",amari.volkman@example.net,"North Abner",61,2009-05-19
"Raoul Kemmer",reymundo.barrows@example.org,Hermanchester,45,1978-09-11
"Noe Kihn",stoltenberg.harry@example.org,Kuhnshire,64,2017-10-14
"Mr. Green Williamson Sr.",feest.cortney@example.org,Durganton,53,2001-03-20
"Una Dickinson",daphnee.morissette@example.com,Bartonfurt,59,2003-04-04
"Merritt Lang",giovanny66@example.net,Osvaldoland,31,2018-04-22
"Ms. Sasha Crona V",hellen.kuhn@example.net,"Lake Bertrandmouth",81,2002-01-12
"Prof. Lucie Hill Sr.",jennifer42@example.net,"Lake Wanda",20,2010-05-08
"Roslyn Harris",vandervort.troy@example.org,"New Marcelborough",39,2007-01-04
"Hailey Upton DVM",dernser@example.com,"South Aubree",50,2007-09-05
"Burnice Moen",stroman.jon@example.net,Busterfurt,66,1972-07-09
"Mr. Arnoldo Keebler PhD",cecelia94@example.org,Gibsonland,52,2009-04-01
"Keshawn Beier",cokon@example.com,"North Casandra",75,2004-10-04
"Orrin Olson",dicki.angelo@example.com,"East Terry",36,1996-08-18
"Rex Hyatt",ismael10@example.net,"Port Sadie",82,2020-08-18
"Mrs. Alanna Ernser PhD",eloy90@example.org,Breanneside,81,2022-11-13
"Nickolas Adams",zemard@example.com,"North Laverne",62,1981-10-31
"Dr. Bret Funk PhD",nwehner@example.org,"South Bria",80,1985-01-23
"Ms. Maude Terry",aric.gislason@example.org,Cartermouth,45,2020-10-27
"Kaia Friesen",kunze.valentine@example.com,Makennaview,69,2005-12-21
"Michale Walter DVM",chasity83@example.net,Melbabury,69,1981-11-30
"Dr. Vernie Swaniawski IV",schaden.jade@example.net,"West Jorge",61,2005-03-17
"Heather Kohler",andre87@example.com,"Port Travon",70,2002-12-18
"Miss Theresia Champlin",rgutkowski@example.net,Maurinestad,83,1974-12-07
"Verna Stanton",destany.kautzer@example.com,Huelfurt,53,1985-04-01
"Tatyana O'Keefe III",leopold73@example.net,Crystalview,50,2018-09-16
"Ashlynn Ernser",wilhelm72@example.net,"West Alison",22,2009-12-28
"Jordy Waelchi",senger.neva@example.com,Gaetanoville,70,1973-01-25
"Mr. Cordell Haley MD",braxton.morar@example.com,"West Kieran",31,1973-07-23
"Lambert Schimmel",mryan@example.org,Vivachester,37,2012-01-10
"Dianna Lueilwitz",jcassin@example.org,Gutmannfurt,72,2010-05-23
"Miss Elmira Ryan",rjakubowski@example.org,Simonisport,36,2016-10-17
"Dr. Clare McGlynn",brody.botsford@example.com,"East Laney",61,1978-03-10
"Christ Zieme",ueffertz@example.org,"East Nestortown",46,2022-12-12
"Rudolph Erdman",ujaskolski@example.com,"Port Jarodview",35,2000-05-03
"Christa Mraz",dlindgren@example.org,"New Marina",28,2023-09-18
"Ms. Joanie Deckow",cruz.macejkovic@example.org,"West Larry",51,1986-04-12
"Tracey Champlin",marcos26@example.org,Hackettberg,53,2023-12-25
"Drew Douglas",dkassulke@example.net,"South Ayanabury",23,2012-10-21
"Alice Schowalter",jenkins.drew@example.com,Garrisonberg,51,2003-07-07
"Juliana Boyle",duncan.barton@example.org,Baumbachshire,31,2015-01-18
"Madonna Rutherford PhD",stephan.lehner@example.org,"West Trevionmouth",62,1986-11-29
"Arno Wilderman",rolfson.megane@example.net,"East Dominicshire",56,2013-12-18
"Constantin Mills",ashtyn08@example.org,Monserratstad,50,2014-12-01
"Effie Bechtelar III",johnathan44@example.net,"East Kyraside",46,1986-11-10
"Eusebio Hane",alexane.mcclure@example.org,"West Lottieton",19,2010-01-06
"Prof. Justice Koch PhD",hartmann.donnell@example.org,"Lake Lucilehaven",67,2000-09-27
"Prof. Morris Effertz DVM",hjones@example.org,Jackelinefort,51,1986-10-11
"Miss Lottie Mayert DVM",sean12@example.org,Molliebury,79,1976-12-17
"Darby Zemlak Jr.",brandyn.blick@example.com,Feilton,20,1988-07-24
"Phyllis Ryan",turcotte.furman@example.com,Sharonfort,34,1988-11-17
"Edison Aufderhar",bfadel@example.net,Sherwoodstad,33,2005-02-04
"Dr. Brady Johnson IV",nola.rippin@example.com,"East Lenny",61,2024-02-21
"Elisha Schuppe V",satterfield.lucile@example.net,Nathanaelburgh,81,2021-03-19
"Miss Jeanie Jacobs",gkemmer@example.com,"Lake Gilberto",39,2016-11-06
"Arjun Wyman",oreilly.birdie@example.com,"West Shaniya",37,2002-04-02
"Mr. Judah Crist DVM",wfay@example.com,Augustinestad,79,1984-08-03
"Miss Theresia Huel",alvena96@example.com,"North Casey",22,1980-11-03
"Ernesto Pfeffer DDS",qwelch@example.com,Hilpertfurt,47,1981-04-09
"Dr. Elsie Hoeger",schaden.tyrese@example.com,Larkinmouth,83,2000-05-14
"Kelly Bahringer",xweber@example.com,Devynstad,27,2006-08-28
"Samara Schmeler PhD",lelia47@example.com,Lethatown,56,2019-05-29
"Shayne Kris",gerald.cormier@example.com,"Lake Garlandberg",53,1973-09-27
"Eulah Pagac",landen94@example.org,"Port Jaleelchester",60,2008-09-15
"Zachariah Kautzer",tspencer@example.org,"Port Citlalli",40,2006-02-21
"Ayana Schmitt",cecelia.brown@example.org,"North Vivianchester",68,2015-10-22
"Ms. Daphney Schultz PhD",jenifer12@example.org,Aufderharmouth,49,2019-07-06
"Miss Alyce Nader MD",keebler.marty@example.net,"Lake Flavioberg",28,1999-02-28
"Jorge Stoltenberg",buckridge.rosalia@example.net,Carliview,30,2019-05-05
"Adalberto O'Conner III",americo33@example.com,Othaborough,54,2000-03-15
"Prof. Augustine Trantow",zstiedemann@example.org,"West Freda",20,2010-12-16
"Dr. Darien Reichert Jr.",morar.amira@example.org,Wizaburgh,59,2020-03-11
"Ms. Malinda Heller III",vritchie@example.com,"North Celestinoburgh",32,2021-03-30
"Mr. Jaiden Bergstrom IV",abbigail56@example.com,"West Emmanuelle",79,2003-05-17
"Maryam Spinka",noah.schaden@example.net,Scarlettburgh,47,1973-10-12
"Dana Harris",lmills@example.org,Michaletown,34,1982-01-14
"Joany Grant MD",ijacobson@example.net,Crookston,83,2013-02-15
"Noemi Little",javier29@example.org,"South Toy",48,2019-03-19
"Dr. Wava Corwin",linnie.mayer@example.net,"Lake Torrance",46,1995-04-29
"Orlando Wilkinson",pearline.cronin@example.org,Randytown,20,1995-10-10
"Eric Ruecker",torp.alvena@example.net,"East Grace",44,2005-01-02
"Creola Johnson",fay.tiara@example.net,"South Maryam",79,1973-07-16
"Glen Rau",homenick.abdul@example.net,Eldonchester,72,2004-11-12
"Dr. Kelsie Turner",kacey70@example.com,Martinafort,56,2022-11-27
"Jack Champlin",maximilian87@example.com,"Port Jenifer",71,2016-05-04
"Mrs. Julianne Mante DVM",jharvey@example.org,Minervafurt,41,1972-10-27
"Kaya Boyer V",ole.ankunding@example.org,"North Stanhaven",52,2018-04-17
"Alexandra Blick I",flehner@example.org,"West Gwen",66,2014-08-21
"Mrs. Magali Hoppe",kody.trantow@example.net,Simfurt,72,1976-07-14
"Prof. Zita Nader",mwiegand@example.com,"Port Gersonberg",58,2024-03-05
"Dr. Monserrate Kessler",david.schulist@example.com,Violettemouth,61,2014-05-05
"Murphy Kertzmann MD",casandra85@example.com,Hansenbury,52,1993-04-25
"Kaylee Renner",florida.olson@example.org,Gerholdtown,31,1984-10-22
"Alayna Cummerata",colten.rice@example.com,Dickensfort,29,2015-06-27
"Delores Howe",dorthy.ortiz@example.org,Bartellshire,57,2011-01-02
"Kelton Prohaska DVM",felicity.spinka@example.com,"South Chadd",33,1980-10-21
"Prof. Graciela Murphy",francesco04@example.org,"West Aprilborough",52,2022-05-22
"Katharina Wisoky",wwisoky@example.org,Bauchshire,56,1990-11-15
"Cruz Bahringer",macy.quitzon@example.org,"South Elenaton",37,2012-07-03
"Dr. Sigurd Treutel I",lew26@example.com,"North Barneyshire",20,2006-12-03
"Clay Rosenbaum",kurt84@example.net,Jerodhaven,46,2002-11-25
"Dayne Douglas III",gage74@example.net,"New Rachelle",67,1971-11-12
"Martine Huel III",harold59@example.com,"Lake Damienland",80,2006-11-26
"Dr. Ferne Kihn V",consuelo.robel@example.net,"Port Colton",70,2022-09-04
"Prof. Travis Rippin V",walker43@example.net,Beerton,48,1989-04-13
"Dortha Lindgren II",dino.jast@example.com,"Lake Millie",73,2006-07-18
"Lavina Russel DVM",imertz@example.net,"West Ray",59,1995-11-13
"Justice Emard",sboyle@example.net,"West Rheaside",81,2008-11-16
"Abbie Bruen",crunte@example.net,Hoegertown,69,1990-10-20
"Georgiana Jenkins",bins.natasha@example.com,"New Jevon",28,2001-01-29
"Sydnie Dietrich",abshire.benny@example.net,Parisianberg,55,1997-02-19
"Prof. Hassan Shanahan",pacocha.hellen@example.com,Finnchester,73,2014-05-13
"Jeanette Sanford",destin.keeling@example.org,Orionstad,47,1999-01-14
"Alphonso Hackett",justina.hilpert@example.org,"New Mohammedmouth",70,2005-11-28
"Miss Gilda Wiegand Sr.",ida93@example.net,Ciceroport,31,1978-10-13
"Dr. Emmie Lindgren DDS",lkris@example.net,Dahliatown,43,2014-02-13
"Mr. Monroe Davis IV",dorris.franecki@example.net,Danielleside,57,2004-09-23
"Miss Maci Grimes",orpha47@example.net,Cassinland,62,1996-06-30
"Myron Fay",buddy.ferry@example.net,"Lake Kavon",29,2001-12-25
"Elian Mueller",nosinski@example.org,"Lake Odieburgh",26,1985-07-07
"Darion Rice",hackett.ali@example.net,"East Danamouth",39,2005-11-13
"Libby Adams I",wolf.freida@example.com,Freddystad,26,2004-07-15
"Isabella Ebert",pcrooks@example.org,Schuppeburgh,35,2024-03-08
"Adalberto Orn",vonrueden.kaden@example.com,"New Dahliaton",20,2013-06-22
"Sonya Fadel",joelle55@example.org,"West Bonnie",32,2005-03-16
"Mr. Javonte Kuhic PhD",lubowitz.antone@example.org,"South Rogermouth",21,1980-01-01
"Miss Kenyatta Corwin",iebert@example.com,"West Cheyanne",28,1971-08-15
"Prof. Jalen Denesik II",dbalistreri@example.org,"Port Meaganfort",81,2014-07-05
"Manuel Krajcik",collier.faye@example.net,Pascaleshire,50,2007-11-10
"Ms. Assunta Fisher II",kenya.fritsch@example.org,Percymouth,35,2002-06-22
"Dr. Keira Osinski Sr.",leonie.auer@example.com,Nolaview,77,1999-10-18
"Abel Oberbrunner",dschowalter@example.com,"South Mackenziechester",57,1995-11-05
"Earline Thompson",franco.daugherty@example.net,Alexandraberg,62,1978-06-11
"Murray Batz",bethany.gorczany@example.org,"North Darbymouth",65,2019-10-03
"Emiliano Leuschke",kenyon44@example.org,Bashirianhaven,59,2017-02-24
"Ceasar Runolfsdottir",sid.heathcote@example.com,"Lake Hughmouth",42,1980-12-30
"Bethany Cartwright",bpouros@example.org,Hahnborough,50,2008-12-02
"Miss Missouri Herman Sr.",taylor96@example.net,Bergstromberg,75,1984-04-15
"Frederique Gislason",marvin.corwin@example.com,"New Madison",76,2020-11-04
"Dameon Zboncak",ljacobson@example.com,Reganfort,61,1970-08-02
"Bianka Huel DVM",klangworth@example.org,Tinafort,28,2021-03-12
"Linwood Kling II",kihn.miracle@example.net,Prosaccochester,45,1996-08-23
"Lon Hammes",bechtelar.mozell@example.net,"North Martyport",39,1993-05-22
"Brendon Goldner",koch.watson@example.com,Morissetteville,38,2019-11-15
"Ava Price",gerda.jacobi@example.net,Zoraport,75,1977-05-10
"Prof. Verla Mueller",lindgren.patience@example.net,"Port Solon",45,2001-09-13
"Alejandra Pouros",nicholas.runolfsdottir@example.org,Hesselland,60,1976-02-07
"Dr. Jose Deckow II",guadalupe56@example.org,Antonettabury,75,1991-10-17
"Shania Hoppe PhD",reinger.davonte@example.net,"South Josie",43,1991-02-22
"Weldon Larson",jordi84@example.com,"New Tobinburgh",32,1971-07-15
"Dorothea Windler",arturo41@example.com,"North Charlieton",73,1983-05-14
"Berry Blanda",jedidiah.schneider@example.net,"North Carolemouth",38,1970-02-04
"Salvador Green",nbrakus@example.org,"Lake Gavinberg",67,1994-05-06
"Erling Grady",homenick.makenna@example.org,Zboncakshire,32,2023-10-31
"Dr. Krista Rau",jennifer35@example.com,"South Shawna",60,2016-10-07
"Dr. Hal Fritsch",gabriella.romaguera@example.org,"Lake Camronbury",78,1972-06-08
"Ally Emmerich MD",cassie.bernier@example.net,"East Anibal",83,1980-12-20
"Destini Jacobi",torphy.amos@example.org,"West Camdenport",81,2014-01-04
"Romaine DuBuque",wehner.tanner@example.net,Sierraton,53,1977-07-23
"Jakob Windler V",sydney.emard@example.org,Framimouth,80,2000-10-20
"Constantin Schmitt",rusty.wisozk@example.com,"North Vicentaburgh",76,2017-08-16
"Miss Kiana Gerhold DVM",terry.michaela@example.net,"West Armand",45,2014-06-28
"Jaydon Dicki",vgoyette@example.net,"North Pat",72,1986-12-16
"Lamar Schulist",jprohaska@example.org,Terrychester,41,1993-04-07
"Deborah Stoltenberg",ntreutel@example.net,Boehmmouth,51,2019-01-30
"Ana Berge",reggie.labadie@example.com,Kaylinmouth,70,1977-08-01
"Ms. Rhoda Bruen",destinee94@example.org,Cristborough,40,1971-11-05
"Mariam Wolf",laney45@example.org,"New Lilyville",42,2003-10-21
"Mr. Domenick Paucek IV",sid.witting@example.com,"Port Ethylmouth",51,1987-09-01
"Fredrick Balistreri",delbert.weissnat@example.net,Ansleyfort,63,2002-01-27
"Miss Lori Lindgren",aileen.donnelly@example.net,Cronashire,18,1973-12-07
"Brendan Wilderman Sr.",sawayn.lela@example.com,Erneststad,70,2014-06-24
"Golden Lebsack",marquardt.lou@example.org,"East Siennafurt",33,1991-08-25
"Prof. Emmitt Crona",adamore@example.com,"Lake Yeseniafurt",30,1986-01-21
"Citlalli Abbott",mercedes.senger@example.org,Dorianfort,31,1997-02-12
"Savanah Pfeffer",zrau@example.org,Lonzoburgh,63,1995-10-05
"Magnolia Kertzmann PhD",nbarton@example.org,Gutkowskihaven,56,1994-01-02
"Rachael Kuhic",tristin87@example.net,Lockmanmouth,29,2007-06-05
"Dr. Emanuel Fay DDS",alexis27@example.net,Nolanhaven,50,1983-11-19
"Ms. Eudora Cronin",ekunde@example.org,Albertshire,81,2022-09-02
"Miss Mittie Olson",mariela41@example.org,Maggioburgh,84,1995-06-18
"Stephanie Senger",crist.idella@example.net,Johnstonburgh,41,2011-04-08
"Floy Feil",unikolaus@example.net,Brakusmouth,81,1979-07-03
"Claudine Hamill",evans66@example.net,"South Kennithhaven",80,2017-03-11
"Camden King",quigley.mattie@example.com,McGlynnmouth,85,1985-01-11
"Modesta Sipes",brenden56@example.org,"East Leannefurt",64,2010-02-05
"Uriel Thiel",runte.ernie@example.com,Simonistown,47,1998-04-13
"Forrest Cassin",haskell08@example.net,"Lake Fosterfort",68,2022-06-07
"Mittie Yost",feil.donnell@example.com,"North Adela",72,1990-09-13
"Prof. Otilia Schiller DDS",rmueller@example.net,"New Willard",23,1985-03-24
"Dr. Efren Upton",langworth.august@example.net,"New Carolyn",53,2008-12-20
"Wilson Haag",sgislason@example.net,"Port Buddyfurt",31,1991-03-25
"Osvaldo Strosin Sr.",hiram85@example.net,"New Jessie",68,1990-01-17
"Alysha McKenzie",goldner.adeline@example.net,O'Connellside,19,2006-10-31
"Mr. Nils Stokes DDS",weber.golden@example.com,"South Ernestinashire",63,1984-10-13
"Rosa Kuhic",milan.mohr@example.net,Mohammadborough,73,1971-01-12
"Lowell Dooley",wwill@example.org,"Port Cobyhaven",55,1989-05-04
"Nigel Rutherford I",jsatterfield@example.org,Jazmintown,37,2008-06-25
"Jaqueline Batz",jaeden13@example.org,"Lake Hillardfurt",85,1980-12-23
"Cloyd Schoen",russ.bashirian@example.net,"East Lonzoview",80,1977-03-06
"Henri Crona",jeromy38@example.net,"West Kiana",72,2008-08-10
"Leif Fisher",crona.marc@example.com,"Port Romamouth",39,1985-11-20
"Prof. Owen Lemke",ferry.vicky@example.com,Aufderhartown,78,1988-08-09
"Delbert Gislason",stella.dietrich@example.com,Ankundingtown,84,2017-04-07
"Miss Heidi Russel",dwhite@example.com,Cormierton,49,1981-11-02
"Dr. Roman Volkman DVM",xdamore@example.org,Montymouth,53,2018-10-20
"Mrs. Delpha Schuppe",gframi@example.com,"North Candice",53,1977-08-13
"John Ferry",bosco.nichole@example.org,Altenwerthland,39,2003-02-13
"Clifton Effertz",jon48@example.net,Breanneton,21,2022-10-05
"Jacynthe Lubowitz IV",tdenesik@example.net,Coltonborough,20,1993-10-20
"Carlie Okuneva II",larkin.jaida@example.com,"West Salma",47,1996-11-07
"Prof. Ezequiel Prosacco II",clemens.howe@example.com,Walkerhaven,47,1973-11-25
"Britney Medhurst",chelsie.vonrueden@example.com,"East Cassandre",83,1988-12-14
"Britney Bailey",dean.oconnell@example.net,Metztown,25,2012-06-14
"Mrs. Alysha Connelly",loraine.gutkowski@example.com,"North Domenickton",72,2002-11-04
"Morris Blick",ltromp@example.org,Lavernaview,56,1982-09-19
"Abigail Gibson",okon.dena@example.net,Abbeyside,61,2004-03-10
"Violette Oberbrunner",zrempel@example.net,"South Barrettshire",59,1996-07-09
"Miss Elza Schulist",lavina.swaniawski@example.org,"Port Dayna",40,1991-06-05
"Marcel Ruecker",xhermann@example.org,Myleneview,63,1989-09-30
"Miss Tierra Ziemann",mschmeler@example.org,Lizaville,26,1972-05-16
"Noemy Weimann",landerson@example.com,"Port Gussiefurt",80,1998-04-09
"Lisette Satterfield III",brendon21@example.net,Bayerborough,27,2017-03-08
"Jovany Friesen",keenan.rodriguez@example.net,"North Jaden",73,1988-12-22
"Stanley Quitzon",beatty.concepcion@example.org,"East Howellbury",76,2023-06-20
"Isaias Schoen IV",flatley.robbie@example.net,Torphyfurt,65,1984-09-16
"Ms. Arianna Dare",eulalia20@example.net,Kraigville,73,2015-03-14
"Saul Funk",breitenberg.lillie@example.net,Wizaberg,41,2005-11-13
"Terence Koss III",derek16@example.com,Cartwrightfort,55,1973-06-03
"Beth Kreiger",brakus.laverna@example.org,Oralbury,74,1970-02-01
"Layla Watsica",iwilderman@example.com,"Port Evangelineshire",38,1972-08-13
"Georgiana Nader Jr.",shana.treutel@example.com,"Lake Jaymeside",26,1998-07-13
"Leatha Wisoky",donnelly.bonita@example.org,"Port Mellie",78,1995-08-08
"Milton Greenholt",hermann.toni@example.com,Soledadhaven,37,2001-07-17
"Kamron Hettinger",juvenal13@example.net,"Port Karenborough",43,2004-06-21
"Ms. Mia Leffler",rbayer@example.com,Simonisville,81,2022-12-22
"Mr. Chance Reilly Jr.",karmstrong@example.org,"New Roslyn",46,2011-04-04
"Bailee Toy I",kulas.shania@example.org,"North Carolyne",65,1984-11-18
"Josue Ankunding",bosco.leland@example.org,Bruenburgh,59,2019-06-20
"Ms. Lurline Friesen II",agustina94@example.com,"Lake Bayleeton",36,2007-03-20
"Sheldon Ruecker",federico.robel@example.com,Fredchester,72,1990-03-18
"Lavonne Auer",nhilpert@example.org,Barrowsland,48,1992-10-25
"Meaghan Mills",gkertzmann@example.net,"Port Kirk",21,1993-06-06
"Jermaine Rice",cedrick08@example.com,Opalchester,69,1977-05-11
"Michale Swift II",xmarvin@example.com,"Port Jacksonchester",20,2024-09-01
"Oswaldo Wilkinson",ora02@example.net,Lynnshire,80,2013-09-01
"Mrs. Talia Corkery DDS",torp.gladyce@example.com,"East Wilbert",62,2015-11-28
"Jayce Morissette PhD",jalen51@example.org,"New Williamchester",49,1989-01-26
"Adella Von Sr.",wprohaska@example.com,"South Ardella",27,2009-04-24
"Peyton Waelchi DVM",dlehner@example.com,Prohaskatown,60,2008-01-24
"Prof. Davon Johns III",theodora08@example.com,"East Jesse",59,1979-10-08
"Elsa Erdman",melany.bernier@example.org,"Port Delphialand",31,2004-02-08
"Elnora Bode",laney93@example.org,Marlonbury,83,2020-03-26
"Mr. Zack Kuvalis",osborne.pagac@example.org,"New Tessie",62,1977-01-17
"Dr. Rafaela Medhurst II",schulist.ona@example.net,Luzberg,79,1993-12-03
"Arden Ziemann",ukertzmann@example.net,Auerport,32,1978-08-27
"Mr. Buddy Steuber",albina.zboncak@example.net,"South Kallie",64,1971-09-19
"Reba Kunze",powlowski.ivah@example.net,Feestshire,80,2011-01-23
"Britney Larson Sr.",audrey.bernhard@example.net,Elinoremouth,40,1985-09-17
"Kris Weimann",cristian.rowe@example.com,Alizefort,64,2022-08-31
"Gabriella Effertz PhD",fsawayn@example.com,"South Arjunmouth",20,1997-01-18
"Prof. Dixie Beahan IV",qabernathy@example.org,Wunschshire,59,1983-10-25
"Jennie Hill Jr.",blick.kavon@example.net,Brettland,29,1992-03-14
"Manuela Becker",noel.rempel@example.org,"West Elnafurt",73,2008-03-06
"Delores Yost",kelley36@example.com,"South Armando",25,1992-08-16
"Morgan Waelchi Sr.",huels.elenor@example.org,"South Erich",60,1986-05-19
"Trace Hirthe",sarah.waters@example.org,"West Jovaniport",24,1976-09-30
"Preston Gusikowski II",nherzog@example.net,"South Carolinefort",45,2020-08-09
"Araceli Bergnaum",gibson.marlin@example.net,Mayerberg,52,2018-08-18
"Dr. Herta Ferry",kale.bartoletti@example.com,Wuckertville,81,2010-06-27
"Jaiden Shields IV",bria.grant@example.net,"New Gerry",18,1995-03-30
"Miss Elissa Hoppe MD",milton.bartell@example.com,Turcotteview,58,2005-01-22
"Stacey Moen",okeefe.otha@example.net,"South Gaetanoside",85,2007-11-13
"Summer Hackett IV",bruce.jenkins@example.org,"New Ciarafurt",56,2004-11-15
"Mr. Rogers Herman MD",dlehner@example.net,Denesikville,50,1979-08-23
"Allan Lesch",labadie.lorine@example.org,Feilmouth,28,1975-06-23
"Omer Hegmann",jamil95@example.net,"North Garett",81,1986-11-30
"Lacey Waelchi",schroeder.wayne@example.net,Berniershire,85,2008-03-26
"Cleve Koch DDS",jevon.brakus@example.com,Kassulkefort,24,1980-03-23
"Edwin Zieme",hintz.frederic@example.net,"West Marilie",69,1986-10-04
"Toby Goyette",olindgren@example.com,"North Morton",24,1978-01-05
"Prof. Patrick Swift",hsimonis@example.net,"New Donaldberg",72,1981-03-31
"Billy Kunde",vincenza.ortiz@example.org,Brakusville,18,2003-08-20
"Viva Rutherford",leonardo58@example.net,Wilberttown,23,2020-10-11
"Joannie Parisian",trantow.angelina@example.org,Lamontton,54,1995-03-23
"Kyle Moen MD",lane.kuhn@example.org,"Lake Carolehaven",32,1994-06-21
"Dr. Cloyd Hirthe",kozey.annabell@example.net,"New Agustin",75,1995-08-14
"Timothy Murphy",powlowski.harvey@example.com,Schillertown,68,1996-06-16
"Mrs. Joanny Gislason",mose.ruecker@example.com,Pierreburgh,61,1981-08-30
"Dr. Ladarius Morar",zwiegand@example.org,"Lake Arne",73,1984-10-04
"Jaqueline Barrows",nannie74@example.com,Elzafort,81,1977-06-12
"Geovanni Boyer",wuckert.margaretta@example.com,Manleyton,30,2005-09-02
"Mr. Fritz Hamill DDS",raynor.elyse@example.org,Swaniawskimouth,35,1994-07-01
"Dewitt Quitzon PhD",maximillian93@example.net,"South Leland",40,2010-06-20
"Prof. Kaitlin Upton Sr.",lavonne06@example.org,Milotown,70,1984-05-19
"Laila Berge",arthur.lang@example.com,"South Tiarabury",33,1997-10-12
"Prof. Bernard Dooley DVM",phaag@example.org,Hettingerfort,53,2012-02-02
"Providenci Bartell",malika45@example.net,Boyerview,22,2013-08-07
"Mr. Derick Christiansen",jules73@example.org,"Port Abigail",38,1987-03-18
"Dr. Candelario Douglas MD",courtney06@example.com,Kielton,76,1992-10-19
"Mr. Kaley Mante MD",aiyana.terry@example.com,"Port Libbyville",38,2008-08-23
"Prof. Wilber Hettinger",alena.kuphal@example.net,"Port Dayanaborough",65,1988-04-24
"Jerald Monahan",jared30@example.org,Roscoeview,42,2024-11-12
"Prof. Jarrell Kertzmann DVM",zoey57@example.org,"Port Neva",34,1980-02-17
"Ms. Cathryn O'Kon",barrows.laurel@example.net,"South Josefabury",83,2002-03-03
"Esteban Beahan",rachael.jenkins@example.com,Cheyanneton,72,2013-03-09
"Prof. Reinhold Christiansen",jkuvalis@example.org,Schimmelfort,42,2024-07-09
"Dr. Grant Ratke",xauer@example.net,"South Shea",59,1995-06-19
"Thora Bergstrom",edwardo.kiehn@example.com,Rippinland,39,1976-02-04
"Noble Kuphal",jones.alfredo@example.net,"Port Ryleighview",56,2023-10-25
"Abdul Daniel",obogisich@example.net,Schowalterville,72,2017-02-25
"Johathan Lynch",ambrose.prosacco@example.org,Brownhaven,37,1981-05-09
"Noelia Huel",gpaucek@example.net,"North Tatehaven",51,1999-06-11
"Miss Savanna Rice I",stanton.luisa@example.com,Vestaberg,46,1995-01-08
"Isaac Leffler",conor05@example.net,Runtemouth,76,2009-12-11
"Ryder Reilly",makenna11@example.org,Alanisfurt,48,2014-05-08
"Terrell Pfeffer",nfranecki@example.net,Mabellestad,27,1974-02-16
"Jeffrey Stehr",hmorissette@example.com,"Port Letitiaton",20,1971-07-25
"Anika Bahringer",toby.price@example.org,Stacyton,19,1978-09-28
"Nolan O'Hara IV",rortiz@example.com,Joneshaven,53,2002-10-02
"Scarlett Rice Sr.",reta.crist@example.net,Rosendotown,71,2015-10-12
"Trace Ferry II",kara.deckow@example.com,"Lake Janabury",52,2010-03-04
"Thalia Streich MD",vince45@example.com,"New Fatima",27,2003-02-22
"Derek Lindgren",chanel22@example.net,Maggioshire,57,2020-07-05
"Dr. Sydnee Hayes",crist.karli@example.com,Lexusberg,19,1992-10-01
"Jammie Maggio",ckris@example.org,"North Dwightmouth",66,1988-12-28
"Sven Bosco",sipes.rosina@example.net,Homenickside,72,1986-07-30
"Graham McCullough",mckenna59@example.net,Smithborough,36,1971-11-30
"Savanah Graham",daniel.earl@example.com,"New Miller",55,2015-10-31
"Rodolfo Friesen",wgaylord@example.net,Vivianneport,69,2011-08-10
"Prof. Jane Konopelski Jr.",nboyle@example.org,"Port Taratown",63,1972-12-29
"Dr. Tod Torp II",jacobs.alexandria@example.com,"New Fabian",24,1977-12-06
"Eldon Wisozk Sr.",thill@example.org,"South Arvilla",28,2009-03-07
"Prof. Haley Price V",bernadine.paucek@example.org,"North Catalina",29,1994-01-26
"Prof. August Schinner II",tabitha48@example.com,Lorenzberg,57,1988-02-02
"Miss Naomie Cruickshank DVM",camden.batz@example.org,Skilestown,28,2005-12-05
"Dr. Andre Kassulke",zelma29@example.org,Zolabury,21,2007-12-13
"Cruz Monahan Jr.",evie.lang@example.org,"New Manuelchester",64,2002-03-12
"Efren Dickinson",brown73@example.com,"North Dana",61,1972-03-01
"Lelia Lueilwitz",wolf.carlos@example.org,Kingberg,71,2004-06-03
"Prof. Lucile Hamill I",schiller.arno@example.org,Eribertohaven,83,2009-12-04
"Devante Sawayn",muller.vergie@example.org,"East Skyla",59,1977-08-15
"Gaston Bradtke",fae59@example.net,"South Lorenza",24,2001-10-10
"Colten Vandervort",tara33@example.net,Weimannville,56,1983-10-21
"Fabian Pfannerstill IV",maggie.miller@example.com,"North Monroe",28,1991-11-26
"Elian Brekke",alia.ortiz@example.net,"South Maiya",59,2021-09-15
"Dr. Gloria Moen",imayer@example.com,"West Betheltown",55,1995-07-08
"Marina Quitzon II",mlindgren@example.com,"Lake Ednaside",49,1975-02-13
"Jayson Kris",ortiz.manley@example.org,Rickyberg,40,2007-03-15
"Elmira Eichmann",hilpert.reanna@example.net,Pierretown,63,2021-03-09
"Geovanny McDermott",rgibson@example.com,Ralphport,24,1976-08-03
"Zelda Schneider",gcrist@example.com,Maxwellberg,54,1984-07-11
"Silas Turcotte Sr.",waylon48@example.org,"Port Ceasar",44,2021-08-06
"Elza Gislason",sbraun@example.net,"New Chloe",68,1999-03-28
"Annie Braun",nigel59@example.net,Morarchester,74,1991-10-19
"Willy Denesik",krista.gusikowski@example.org,Maidaton,62,2018-01-25
"Casandra Spinka",magdalen.effertz@example.net,"South Maxime",27,2003-10-10
"Melisa Wiza",dschumm@example.org,Bechtelarland,68,2000-12-07
"Natasha Stamm",mbernier@example.org,Kelvinhaven,30,2002-07-09
"Hipolito Doyle",streich.chelsey@example.com,Naderhaven,75,1976-05-17
"Donnie Goodwin Sr.",jtorp@example.org,"South Reynaville",31,1998-06-19
"Johnson Parker",presley.schoen@example.com,Celestineside,58,1992-05-24
"Dr. Matilda Wunsch Sr.",renner.quinton@example.com,Asaside,23,1973-01-15
"Valerie Herman",pouros.alba@example.org,"South Kelley",60,2007-08-21
"Finn Smitham",daron.deckow@example.net,Grahamville,43,2021-06-05
"Dr. Jaron Baumbach PhD",graciela.schuppe@example.com,Cormiershire,80,1978-10-09
"Dean Metz PhD",johnathon60@example.net,Melbaside,39,1994-12-30
"Dr. Darius Sipes",wyundt@example.com,Bettiehaven,37,1989-02-26
"Keegan Orn",stanford53@example.net,Doylestad,21,2007-11-29
"Mr. Torey Nolan",orion46@example.net,"South Luciano",38,2004-04-06
"Sincere Predovic",gibson.anne@example.org,Jettton,19,2006-06-27
"Prof. Abdullah Wiza IV",esmeralda.bailey@example.com,"East Michelle",56,2018-10-07
"Burdette Keeling",moen.kyra@example.net,Laurenceberg,62,2015-12-06
"Vernie Doyle",tremblay.alanis@example.net,"West Jessikahaven",71,2017-03-31
"Ronny Prosacco PhD",stracke.ariel@example.net,"West Jalen",30,1995-01-20
"Lambert Frami",ohaag@example.com,"North Helenaview",37,1981-05-17
"Everett Hodkiewicz Jr.",percy.barton@example.org,Beckerfurt,30,2003-08-02
"Effie Fisher",jerald00@example.net,Greenport,43,1970-02-25
"Miss Larissa Connelly I",nicholaus.zemlak@example.com,Lucasside,57,1979-01-11
"Marquis Von",moen.brendon@example.org,"West Karineborough",63,1996-02-12
"Jedidiah McCullough",goodwin.priscilla@example.net,Kenport,66,1970-04-12
"Betsy Connelly",macejkovic.dennis@example.net,"East Dionland",79,1995-07-17
"Prof. Rozella Beer",jalyn68@example.org,"West Valerieland",68,2021-09-27
"Rylee Reinger Jr.",cyril.moore@example.com,Kubton,37,2001-06-29
"Gordon Herzog MD",jamarcus.oconner@example.com,Cummerataport,39,1989-12-01
"Mr. Dewayne Bradtke",murray.jazmyne@example.net,Reynoldsfurt,24,1991-03-28
"Ignatius Kuhlman",buckridge.elvie@example.com,Friesenville,25,1981-12-25
"Brielle Block",ldonnelly@example.com,"New Lauryn",28,1975-06-06
"Dr. Alvis Ruecker DVM",skrajcik@example.com,"East Tressa",56,2006-12-11
"Reilly Christiansen",christiansen.alexa@example.com,"Port Bennyside",33,1984-06-02
"Earnestine Predovic PhD",eoreilly@example.org,"Port Daltonborough",81,1997-07-22
"Jayce Keeling",alexandre05@example.net,Tristonshire,51,1989-12-15
"Donna Brown",heathcote.ruthie@example.net,"East Malachitown",39,1996-11-20
"Bernhard Dicki",rosalinda95@example.org,Salliemouth,52,1976-07-05
"Makayla Runolfsdottir",ruthie35@example.org,Bayleeland,76,1993-08-30
"Austin Macejkovic",vance58@example.org,Trompstad,22,1999-05-23
"Dr. Garnett Kautzer",storphy@example.com,"Port Auroretown",79,2017-06-25
"Prof. Otto Renner DVM",xrolfson@example.org,Schaeferbury,65,1992-05-25
"Salma Connelly",johns.timmothy@example.org,Konopelskiview,43,2024-03-13
"Cydney Turcotte",towne.ubaldo@example.org,Klockotown,60,1996-06-03
"Prof. Cortez Brakus I",bpurdy@example.org,Millieton,38,2009-09-12
"Gerard Toy",lynn31@example.org,Gutmannton,39,2010-07-10
"Preston Moen",lockman.donny@example.com,Yundtville,67,1990-06-03
"Evangeline Wunsch",ikub@example.org,Ledashire,27,2004-10-06
"Dr. Nathanael Hettinger",jackie.goyette@example.net,Deangelomouth,30,2001-01-29
"Izabella Kunze",freinger@example.net,Calimouth,74,1989-11-27
"Ana Satterfield",crooks.javon@example.org,Kunzeland,72,2013-10-07
"Prof. Madilyn Schmeler IV",stamm.cheyenne@example.net,Margretstad,44,1981-04-23
"Freddie Johnson",elissa49@example.com,Predovicmouth,81,1998-02-15
"Johann Bauch",dooley.bria@example.net,"Lake Alize",44,2009-02-02
"Carmela Rogahn",ward33@example.net,Makennafort,21,1998-01-27
"Westley Kuhlman",harber.keyshawn@example.com,"East Dewaynechester",67,2006-11-29
"Ryan Brown",elmo.leuschke@example.net,Adeliaside,27,2009-11-28
"Nannie Paucek",kemmer.olen@example.org,Adalineton,82,2023-12-30
"Prince Rolfson",gaston.batz@example.net,"South Chesley",83,1996-03-22
"Alexzander Jacobi V",ujacobi@example.org,"East Percival",82,2011-10-16
"Prince Kihn",payton.kassulke@example.com,"Lake Esthershire",36,1972-01-01
"Zachery Schumm",hoeger.jevon@example.org,Bernierbury,80,2003-12-06
"Jess Roob",oda.casper@example.com,"Lake Judgemouth",70,2018-09-25
"Dr. Fernando Swift Sr.",aryanna.vonrueden@example.org,Biankaburgh,24,2011-03-24
"Mr. Marlon McDermott PhD",walker.anabel@example.org,"West Tatyana",84,2002-10-17
"Raegan Nikolaus III",brandyn01@example.org,"East Collin",36,1993-02-21
"Russell Ortiz",hans14@example.org,"Lake Jorgeland",19,1985-08-07
"Joe Adams",beau36@example.com,"North Leolaborough",42,2009-08-02
"Prof. Edgardo Mills Sr.",niko00@example.org,"Port Quinn",27,1975-04-13
"Felix Rippin",cstark@example.org,"East Tomasastad",60,1984-11-01
"Madelynn Cole",amina88@example.org,"West Russel",19,1989-02-08
"Alfredo Runte",ismael.armstrong@example.net,"East Augustburgh",48,1994-01-11
"Norene O'Reilly",magnolia69@example.org,Lydialand,29,1972-01-20
"Janelle O'Conner",carole.goyette@example.org,Titoborough,49,1993-11-12
"Karina Friesen DDS",libbie45@example.org,Yostshire,51,2016-11-06
"Bernard Larkin",mollie.ohara@example.org,"South Halle",60,1981-08-22
"Nella Kunde",nrunolfsdottir@example.org,Schmidtville,48,1970-07-23
"Yazmin Larkin",schultz.moses@example.net,Christiansenland,32,1979-05-24
"Miss Chloe Bradtke",steuber.vallie@example.org,"East Alessandra",22,2022-01-02
"Dr. Everardo Kilback IV",audie97@example.net,"New Ethyl",20,2019-07-22
"Abbey Schuster",brenden.jacobson@example.org,Penelopeview,37,2008-08-07
"Diego McClure",camille.smitham@example.com,"South Ceasar",65,1998-08-02
"Franz Bradtke",heaney.leonie@example.org,Jarenton,62,2002-09-10
"Abigale Rohan",gleason.natalie@example.com,"Port Ovaview",62,2019-01-07
"Prof. Joany Rice",cecelia79@example.org,"West Colin",50,1972-04-17
"Dr. Kurt Bartoletti",domenico.beer@example.net,Jaylenhaven,34,1973-06-22
"Carli Russel",jeanette.berge@example.com,Jadynberg,26,1997-07-11
"Dr. Ladarius Gorczany MD",bruen.marshall@example.org,Carrollbury,82,1991-03-30
"Nya Kerluke",noemie.haley@example.com,Makaylastad,35,1997-12-23
"Alek Wyman V",iruecker@example.org,Carlomouth,66,1983-05-31
"Sylvia Flatley Jr.",bmorar@example.com,Kiehnton,79,1994-09-14
"Marcus Morar",charlie.green@example.com,Carolfurt,39,1988-09-06
"Prof. Ariel Schmidt IV",krista03@example.com,Reynoldshaven,52,1976-06-11
"Emanuel Bahringer",brigitte88@example.net,"Lake Zoieland",21,2008-11-10
"Prof. Dallas Ullrich IV",kschamberger@example.org,Vincechester,41,2010-09-12
"Ellen O'Connell",langosh.opal@example.org,Dietrichfurt,83,1984-06-11
"Daisy Von",sofia06@example.org,"West Juston",41,2020-09-13
"Stephania Huels V",gunner.wolf@example.com,Zackfort,40,1982-02-08
"Mazie Johnson",elaina21@example.org,"East Jerrell",64,2021-09-08
"Granville Veum",ucummings@example.com,"West Inesborough",37,2013-03-22
"Dr. Tracey Leuschke I",braulio.schuppe@example.org,Alfredotown,53,2003-07-20
"Ernest Padberg",liliane16@example.org,"West Estelmouth",68,1972-12-16
"Domenica Tromp",shirley23@example.net,"Lake Trevaland",26,1993-05-21
"Dr. Horace Swaniawski IV",xcrooks@example.com,"Lake Jamie",37,2011-06-03
"Bridie Leffler",ben31@example.org,Mullerchester,55,1980-02-11
"Davon Tillman",dlueilwitz@example.com,"Lake Lori",33,2011-11-02
"Wilber Hill",abigale21@example.com,Stuartview,66,2001-05-14
"Trever Goldner",johnnie02@example.com,Kentonmouth,28,1994-06-03
"Wilburn Predovic",leanna74@example.net,"North Caterinahaven",25,1994-12-05
"Mabelle Weber",wisoky.garland@example.net,"New Benny",47,2006-03-20
"Lester Shanahan",michelle.leuschke@example.com,Hagenesside,81,1973-02-08
"Tracey Schimmel DVM",monserrate.kirlin@example.com,"West Micah",25,2024-03-28
"Dahlia Schmitt",sauer.cathy@example.org,Leuschkeville,64,2017-01-05
"Jules Balistreri",keshawn.wiegand@example.net,Garryborough,21,2024-06-23
"Mrs. Mayra Kuvalis",schoen.cornelius@example.net,Vandervortmouth,80,1980-08-30
"Prof. Ari Miller",charlie40@example.net,Eliasmouth,30,1981-04-21
"Mrs. Marlee Balistreri Sr.",wnicolas@example.net,Makenzieside,78,2009-10-24
"Halle Muller",willms.odessa@example.net,"North Robinstad",41,1971-01-25
"Jamey Auer",brekke.kenya@example.net,Antoniatown,70,2005-01-06
"Delpha Maggio",smoore@example.net,"North Yvetteland",78,1983-03-15
"Mr. Nathen Rosenbaum Sr.",hoppe.emmalee@example.com,Gradyside,18,2003-02-07
"Zakary Beer II",veum.angeline@example.org,Schinnerview,37,2022-09-28
"Reyes McGlynn",trace75@example.org,"East Ryleefurt",21,1998-02-11
"Anika Schuster",jordyn60@example.net,"North Haskellfort",28,1994-05-24
"Misael Rohan",anitzsche@example.net,Lebsackton,28,2023-02-10
"Mrs. Maia Bergstrom",keshawn96@example.net,Bogisichville,48,1986-02-04
"Prof. Alexzander Pacocha III",rnicolas@example.org,Ettiehaven,33,2012-11-29
"Prof. Tomas Emard",gkuhn@example.net,Auerview,82,2015-01-03
"Jarret Kuhic",ccrona@example.com,Mayertburgh,32,2004-02-19
"Mr. Patrick Blick",beier.denis@example.com,Flaviebury,35,2006-07-18
"Mrs. Jana Schamberger",jazmin25@example.org,"Port Vito",22,2024-04-06
"Orval Murazik",znitzsche@example.net,"Lake Katherinestad",47,2022-05-10
"Keven Schowalter",eschumm@example.com,"West Ariberg",60,1987-08-26
"Mr. Wilfrid Emmerich Jr.",abarrows@example.org,Abelardoton,62,1998-03-16
"Mr. Reece Hilpert PhD",stark.brannon@example.net,"North Angie",34,2022-12-21
"Crystel Welch Jr.",augusta78@example.net,Obieberg,49,1991-02-10
"Dr. Caterina Rohan",fermin75@example.org,"Port Deshawntown",58,2001-08-22
"Mr. Jace Hermann",beaulah.koch@example.net,Torphymouth,19,1975-09-21
"Eve Jacobi",michaela.oberbrunner@example.net,"East Kennedi",70,1989-07-13
"Elian Mann",roma.hoppe@example.com,"East Tamara",72,2000-06-04
"Dr. Jackson Prosacco",kshlerin.lyla@example.com,Corineland,67,2004-06-08
"Lelah Reichert",loy.osinski@example.org,Olintown,81,1996-11-17
"Grayce Pagac V",bradford38@example.net,"South Brendamouth",32,1995-02-26
"Madison Kiehn DDS",gfay@example.org,Thelmaport,81,1976-12-21
"Darian Pouros",amely.hand@example.org,Lednerland,57,1998-11-10
"Jamie Dibbert",cheyenne90@example.com,"Port Jermey",81,1982-03-27
"Ms. Katelynn Veum DDS",idietrich@example.com,Cassiefurt,56,1972-04-09
"Madelyn Reichert",goyette.marian@example.net,Paulaport,40,2024-02-04
"Ms. Marquise Grady MD",roberts.kevon@example.net,"Port Carrie",30,1983-06-20
"Hector Okuneva Sr.",sbednar@example.net,Prohaskaland,68,2017-04-07
"Fausto Pfannerstill IV",joseph.stroman@example.com,Lottieview,37,1970-02-09
"Elza Vandervort",mohamed43@example.org,"North Greysonfort",60,2016-09-26
"Prof. Keon Fisher",marty48@example.com,"New Kaydenmouth",83,1997-01-28
"Susan McLaughlin III",dejon82@example.com,"East Roxanehaven",37,1978-03-31
"Jensen Becker PhD",pagac.aron@example.com,Garettside,68,2002-03-31
"Prof. Valentin Pfeffer DVM",cmorissette@example.net,Matildaport,84,1977-01-13
"Prof. Arne Zulauf V",horace.runolfsdottir@example.org,Berniershire,46,2013-04-21
"Jed Terry",saul.oberbrunner@example.net,Llewellynbury,68,2003-08-22
"Elmira Bode",langosh.noelia@example.net,"East Josiane",22,2001-06-24
"Enola Wunsch",bayer.leora@example.net,Gladycechester,68,1984-08-08
"Eldridge Thompson",ludwig.hahn@example.net,"Lake Liza",54,2003-01-26
"Dr. Deron Deckow",arnoldo50@example.org,Kundefurt,81,1972-12-10
"Era Jast",rbechtelar@example.org,Eloiseborough,60,1991-09-09
"Odessa Runte",vcrist@example.net,"New Alexysmouth",52,2022-05-28
"Lila Schaefer",kreiger.franco@example.org,Kuvalisland,51,1985-08-15
"Prof. Kenyon Schumm",hartmann.magnus@example.net,"East Garryberg",77,2012-08-08
"Percy Haley",mraz.arnaldo@example.com,"Port Myles",58,2004-10-10
"Karlie Bogan",jeramie.dickinson@example.com,Ricetown,42,1986-09-01
"Prof. Delilah Thiel IV",titus.pfeffer@example.org,Prestonton,66,2007-07-29
"Dr. Yessenia Fahey",kutch.heather@example.org,"West Jarod",39,2020-09-04
"Dessie Botsford",moore.caleigh@example.com,"North Paytonchester",45,1973-09-02
"Ardith Stoltenberg",margaret07@example.net,Baumbachfurt,83,2005-05-27
"Maggie Shanahan",josianne18@example.com,McLaughlinton,78,1984-04-18
"Dr. Eulah Zulauf",brittany.bins@example.org,Germaineberg,59,2021-12-18
"Dr. Kyle Metz Sr.",bettye19@example.org,"West Alizaburgh",27,2019-07-23
"Alex Monahan",eliza48@example.com,Gwenland,48,1983-10-25
"Mr. Durward Gibson",elda96@example.net,Lewberg,25,2022-12-04
"Justine Powlowski",allen32@example.net,Eichmannfurt,52,1991-08-29
"Nash Crona III",hahn.george@example.com,"West Trever",78,1987-03-31
"Justina Hintz IV",kilback.rosalyn@example.com,Sebastianland,60,2006-10-30
"Kieran Davis",jterry@example.com,"West Trisha",78,2014-01-18
"Antoinette Spencer III",ghartmann@example.org,"West Roxanneburgh",22,2002-12-15
"Miss Dana Hansen Jr.",upton.alexandre@example.net,Armstrongfort,45,1990-11-05
"Samanta Koepp DDS",mhansen@example.org,"Lake Delilahberg",55,1979-06-07
"Bonita Mitchell",tremayne.mccullough@example.net,"East Ernest",41,1978-06-01
"Prof. Jarret Purdy IV",larkin.janie@example.net,Trantowberg,54,1995-01-08
"Bernard Cremin",adelia18@example.org,"North Kayleigh",42,1993-07-30
"Mrs. Jazmyne Wisoky V",alycia21@example.org,Emardville,39,1971-01-06
"Dr. Cooper Boehm",gavin57@example.net,"New Lowellville",71,1986-01-09
"General Lang",tomas01@example.com,"East Tyrel",55,1974-12-03
"Granville Parisian",marlen.hoeger@example.com,"West Arvidhaven",71,1977-02-25
"Cecile Kovacek",courtney.paucek@example.net,Johnniebury,45,2022-09-02
"Courtney Ankunding",josie.reynolds@example.net,Runteshire,52,2009-07-11
"Ellis Ernser",isai.smitham@example.org,Creminburgh,56,1988-05-24
"Norval Smith",isabella.mueller@example.com,"Lake Emmanuel",39,1985-06-30
"Rasheed Hermiston PhD",knolan@example.net,Marcfurt,27,1992-06-23
"Dr. Myron Nienow III",nicole.altenwerth@example.com,Beattyport,75,1992-10-22
"Macie Muller",ryan.amely@example.com,"Port Lacy",48,2017-11-21
"Shanny Nolan",madonna37@example.org,Kihnmouth,51,2007-12-21
"Casey Daniel",mcorwin@example.com,Starkfurt,76,1973-09-14
"Camilla Kuhn",umoen@example.net,Johnniemouth,49,2009-11-09
"Grover Gusikowski",bgoldner@example.com,"New Jose",51,1994-04-26
"Julie Abbott",gleichner.angel@example.net,"Port Hugh",68,1974-05-02
"Anjali Schulist",oschaden@example.org,"New Arch",57,1987-05-09
"Ocie VonRueden",kasandra.jacobi@example.org,Scottymouth,45,1982-04-22
"Prof. Mason Crist",alicia85@example.net,"North Cheyanne",46,1974-04-17
"Jaclyn Waters DDS",btowne@example.com,Prudencemouth,79,1988-02-10
"German Spinka",makayla37@example.com,"Lake Willybury",46,2005-04-24
"Santino Sanford",dusty.gerhold@example.org,Beermouth,40,2009-03-22
"Murl Tromp",remington15@example.com,"West Jonasport",52,1992-12-03
"Breana Turner",harris.arturo@example.net,"West Cassiemouth",50,2019-01-29
"Yessenia Schroeder",karson44@example.net,"New Reinaville",62,1996-12-07
"Mrs. Juliana Huel IV",johnpaul.jacobi@example.net,Mertzfurt,45,1980-07-29
"Frederique Hane",aheidenreich@example.net,"Lake Neldaland",45,1985-03-21
"Friedrich Considine DVM",marc45@example.org,Rippintown,78,1987-08-03
"Dr. Wilma Lang",tlubowitz@example.com,Rathmouth,26,2010-04-21
"Kole Grady",johnathan.klein@example.com,"West Mitchel",33,2016-05-10
"Marquise Weimann",pwelch@example.org,"East Elinore",50,2020-09-10
"Santiago Pouros",jhuels@example.net,"North Forest",52,1993-12-05
"Leonie Boyle",junius.rolfson@example.com,Gorczanyberg,44,1974-02-24
"Violet Lowe",hildegard44@example.org,Waelchiview,56,1997-12-22
"Harrison Harvey",barry62@example.com,"East Maximilliaberg",21,2008-03-03
"Raleigh Hegmann PhD",kschmeler@example.com,Evelyntown,44,1971-03-17
"Ms. Marcella Bauch III",aylin41@example.com,Billiehaven,55,1972-10-06
"Meagan Kub",cristobal98@example.com,"North Anastasia",62,1996-07-29
"Chadd Zboncak",ettie.boyer@example.com,Tyraside,85,1987-06-25
"Vernie Schmitt",ebert.christian@example.com,Andyberg,57,1976-01-21
"Miss Cortney Mertz V",brakus.jerod@example.com,Lynchstad,58,1980-04-10
"Leonora Romaguera",ratke.brooks@example.net,Alexaneburgh,40,1972-06-01
"Ms. Kira Lynch",wbrakus@example.net,Sawaynview,28,2014-12-18
"Prof. Cleve Anderson IV",kaleb.turcotte@example.com,"South Georgeshire",43,1997-10-13
"Dr. Albert Dickens",tanner.stark@example.com,"East Monroeburgh",28,2003-12-23
"Nicolette Wisoky",frieda.wuckert@example.com,"New Carolynefort",38,2004-02-25
"Monserrat Mitchell MD",dkassulke@example.com,Kylermouth,30,1981-12-28
"Albert Schmidt V",josie73@example.net,Bodefurt,29,1997-12-31
"Evelyn Robel",darrel05@example.net,"New Arianna",32,1981-07-26
"Prof. Reyes Volkman DVM",cole.adeline@example.com,Donnellychester,27,1977-11-22
"Mr. Gillian Harber III",geovanny12@example.net,"East Diego",66,1977-02-04
"Ms. Melyssa Ledner I",auer.cesar@example.net,Lehnermouth,40,1976-10-24
"Dr. Verona Smitham Sr.",darrion51@example.com,"North Medamouth",62,2014-10-05
"Dangelo McLaughlin IV",micaela.hilpert@example.com,Bethelport,82,2003-09-01
"Dr. Vesta Mosciski",hartmann.june@example.com,Lubowitzchester,53,2021-11-13
"Mr. Raymundo Wisoky",chloe87@example.net,"Lake Nakiabury",64,2019-10-28
"Odell Langosh",blanca24@example.org,"Lake Irving",59,1970-03-19
"Lucile Schroeder",conroy.rozella@example.net,"West Hobart",59,1980-11-26
"Dr. Polly Herman DVM",abartell@example.net,"East Heloisechester",55,1996-01-23
"Karen Dietrich Jr.",jhill@example.org,"Lake Palmabury",36,1992-12-16
"Madge Lockman",durward.koepp@example.com,Hodkiewiczmouth,39,1982-06-08
"Russ Stamm DVM",lkuhlman@example.net,Nicoleton,50,2015-05-11
"Mark Kautzer",hortense79@example.net,"West Kirk",31,1995-01-26
"Claude Roob",salvatore48@example.com,Gregoriofurt,54,2007-07-16
"Efrain Johnson",nshanahan@example.org,Boehmstad,25,1989-09-04
"Nadia Heidenreich",keenan08@example.com,"South Jaydamouth",67,1987-03-25
"Loma O'Connell Sr.",nitzsche.kim@example.com,"West Orlandoside",76,2005-08-31
"Ms. Micaela Nicolas DVM",qkeebler@example.net,"South Emmettberg",37,1998-09-28
"Dr. Herman Zulauf II",vkuphal@example.com,"North Creola",48,2010-06-19
"Dr. Antone Dibbert",rbode@example.com,Chestermouth,76,1986-08-18
"Mr. Lennie Funk",pcummerata@example.com,"South Graysonview",58,1970-04-16
"Bailey Padberg",alebsack@example.org,Hillstad,49,1978-07-04
"Mr. Joe Yundt V",henderson.nader@example.net,Rohanmouth,28,1977-11-23
"Dean Ullrich",lang.gabrielle@example.net,"East Jayceebury",56,1975-05-23
"Mabelle Moen",salvador.gusikowski@example.org,"South Mariannemouth",62,2016-12-07
"Ashlynn Aufderhar",dejon.spinka@example.net,"New Guadalupemouth",51,1976-01-15
"Dr. August Treutel MD",prosacco.martina@example.net,"New Ardith",64,2018-07-29
"Rowland Littel",cathy68@example.net,"South Peyton",37,2021-12-18
"Einar Nikolaus",ernser.dario@example.com,Torphyport,85,2003-12-22
"Darian Kovacek",jayme99@example.org,Marvintown,45,1998-09-06
"Marisa Buckridge Sr.",dhermiston@example.org,"New Greenville",56,1993-01-23
"Janessa Luettgen",melba71@example.net,Schowalterside,36,1980-09-29
"Aaron Cartwright",oabbott@example.com,Francesfort,47,2016-05-05
"Amparo Nader",keyon.eichmann@example.net,"East Olaland",72,2016-04-06
"Dr. Modesta Hammes",veum.marc@example.org,"South Trevor",39,2024-07-23
"Adaline McDermott",trantow.jettie@example.com,"Port Neoma",43,1970-09-28
"Adolphus Schmitt",bweissnat@example.org,"West Gayle",65,1997-07-05
"Prof. Vada Douglas",bennie11@example.net,"North Genesis",40,1974-01-04
"Rebeca Jones",makenzie.borer@example.org,"New Joana",22,2002-07-01
"Viola Kirlin",yfadel@example.org,"New Tiarabury",58,2010-12-04
"Reymundo Harris",rkub@example.org,Runolfssonfurt,19,2018-12-21
"Muhammad Brown I",reinger.nicholaus@example.org,Wuckertmouth,45,1987-12-04
"Shayna Kutch",bogan.nicholas@example.net,"New Percy",77,1994-01-18
"Frida Jenkins Sr.",blair.lakin@example.net,"New Dwight",23,2024-07-31
"Reynold Beier",jane.labadie@example.com,"New Leopold",63,1988-01-25
"Jerrell Prosacco",tomasa.kassulke@example.org,"South Rosendohaven",38,2008-03-11
"Prof. Roosevelt Kling I",neil48@example.com,"East Keenanview",31,1987-09-15
"Roy Langworth",manuel32@example.net,"South Leannashire",65,1982-07-27
"Amos Robel",heath02@example.org,"Port Earl",76,2013-04-18
"Dr. Tressie Bosco",okeefe.providenci@example.org,"South Vicente",48,2021-03-24
"Miss Idella Bogisich",zena63@example.org,Dejahborough,50,2003-08-15
"Holly Altenwerth",geovanny.deckow@example.org,Hollyport,69,2019-12-15
"Mrs. Kaelyn Douglas",moen.ralph@example.com,"South Ebba",50,1993-08-15
"Prof. Gustave Ferry",weichmann@example.net,Chelseaville,48,2017-12-15
"Gilberto Tromp DDS",aric.ward@example.net,Wisozkburgh,79,2012-07-23
"Heidi Thompson",wilfred.gusikowski@example.net,"East Vivienne",24,1982-11-04
"Ewald Leuschke",hoyt.ledner@example.com,"Port Kearahaven",18,1996-01-25
"Eladio Macejkovic",jeichmann@example.org,Harbertown,42,2000-03-14
"Prof. Evert Shields",maximillian.wiza@example.com,Colemanton,80,1975-12-27
"Lilian Armstrong DDS",otis89@example.org,Jacobibury,76,2022-12-05
"Prof. Lee Thiel II",celia.kulas@example.org,Darenborough,79,2010-05-06
"Dr. Rosa Heidenreich",carlo.jacobs@example.org,Leschland,75,2017-05-12
"Juston King Sr.",leola.gislason@example.org,Ebonyton,45,2000-01-23
"Elbert Smitham",linnea.boyle@example.org,Emmerichfort,58,1990-08-24
"Mr. Jaylin Haley",gsteuber@example.com,"Port Gracielaton",36,1985-08-25
"Blanche Braun",oran.moen@example.com,Leanneside,76,1996-02-11
"Moshe Rippin",ewiza@example.com,Joannieshire,61,2020-04-02
"Keanu Herzog Jr.",devon89@example.com,Desireeshire,27,1985-12-15
"Prof. Ellsworth Parker",shaylee20@example.org,Franeckishire,69,1993-12-19
"Mr. Felix Jacobson PhD",schumm.talon@example.com,"Lake Yoshikochester",47,2005-07-29
"Olaf Wilderman IV",hamill.audra@example.com,Strosinfurt,42,2010-03-20
"Dylan Stark DVM",erich.huel@example.net,Fritschberg,79,1981-06-22
"Dr. Eladio Mitchell",vwolff@example.org,Filomenamouth,66,2015-01-14
"Hadley Schmidt MD",lou12@example.net,"West Buford",51,1988-03-24
"Schuyler Shields",rowe.elfrieda@example.com,"South Ottisberg",70,1979-08-11
"Gideon Zulauf",awolff@example.net,"Lake Mariantown",62,2022-06-17
"Garrett Strosin",kautzer.reina@example.com,Hauckport,75,1988-07-29
"Dr. Xzavier Bernhard IV",harber.delphine@example.org,"West Gussieside",54,2016-09-23
"Mrs. Caroline Metz",victor.feeney@example.com,Metzmouth,21,1997-05-04
"Rick Altenwerth",kamren44@example.org,"Lake Aniyahchester",59,1979-01-03
"Dr. Trent Reichel I",bechtelar.jeffery@example.net,Rempelfurt,81,2018-03-21
"Prof. Carrie Bernhard",shields.timmothy@example.org,Cobyhaven,48,2017-04-13
"Kayden Bruen",torp.jada@example.org,"East Randyshire",72,1990-03-17
"Javier Dickens",auer.caleb@example.net,"South Bryon",41,2024-05-02
"Marlee Bogan",tyundt@example.org,"North Lazaro",47,1974-06-03
"Angeline Lynch",alford.frami@example.com,"South Adan",22,1983-09-29
"Dr. Zachery Kuhn III",bailey.fletcher@example.net,"North Leonchester",65,2014-12-16
"Jaden O'Reilly DVM",cbode@example.org,"North Chester",69,2003-05-28
"Ms. Margarete Wintheiser MD",chanelle.becker@example.net,"East Olafshire",66,1991-06-22
"Mr. Candido Weimann DVM",treutel.jewell@example.com,"South Retha",40,2020-08-31
"Donato Emard",matilda82@example.com,Marvinstad,31,1998-12-13
"Ken Fay",nrowe@example.com,O'Keefefurt,19,2023-04-15
"Shaina Dach Jr.",ebarrows@example.org,"East Stephanialand",33,2006-02-18
"Prof. Mariela Welch IV",george.parisian@example.com,"South Hoytmouth",83,2009-12-12
"Antonette Hickle II",rgoldner@example.org,"East Paula",37,2008-02-14
"Emory Prohaska III",elenor.stroman@example.com,Lincolnmouth,20,1980-05-03
"Yvette Schaden",guillermo58@example.net,"New Petrahaven",67,1973-09-21
"Prof. Elizabeth Brakus",shaniya.batz@example.org,"South Bethanyton",32,1976-03-23
"Jaylen Beer",lockman.keenan@example.com,Gaylordville,84,2023-09-16
"Alford Reichert",hettinger.maximo@example.net,"New Skyefurt",80,2023-09-05
"Alexie Rodriguez",abigail10@example.net,"West Talontown",31,1980-06-04
"Mrs. Rosalind Runolfsson",cpollich@example.com,Lemkeside,60,1976-03-24
"Ms. Ora Zieme V",dgreen@example.org,Powlowskishire,59,1982-04-19
"Mr. Rudy Hand Jr.",ablanda@example.org,"West Jairofort",30,2012-05-30
"Javon Jenkins",michael.huel@example.net,Katharinafurt,61,2007-12-09
"Dudley Streich",bechtelar.catalina@example.com,Muellertown,43,2010-05-02
"Archibald Leffler MD",osinski.chandler@example.net,"Port Anjali",85,2021-05-28
"Georgianna Hane",pearlie.prohaska@example.com,"West Nathanael",31,2014-10-27
"Fred Mayer",urippin@example.net,O'Haraberg,27,2000-06-18
"Ms. Earnestine Hayes",fhowell@example.com,Hackettport,56,1979-05-17
"Miss Jessyca Murphy II",mona64@example.net,Cassidyside,36,1992-08-04
"Dr. Elvis Ryan",isaias.boyer@example.net,Zboncakhaven,50,1999-01-15
"Prof. Ashly Ryan",sfahey@example.com,Onaport,19,2000-12-26
"Nat Lueilwitz",nhahn@example.org,Schneiderside,82,1976-04-01
"Florida Hauck",palma.runolfsson@example.com,Sallyborough,68,1982-01-11
"Valerie Pouros",romaguera.shayne@example.org,"North Ninaport",24,1982-06-23
"Dr. Guiseppe Breitenberg I",kory.goyette@example.com,Schinnerport,42,1996-04-04
"Alexane Eichmann Sr.",amina49@example.com,Arlieland,78,2018-05-03
"Miss Vallie Lesch",dooley.alvah@example.com,Gerholdfort,24,1988-10-15
"Mrs. Madelynn Lueilwitz",barrows.harrison@example.com,"Lake Albertafort",82,1995-02-07
"Tania Bosco PhD",gia41@example.com,"North Michelleborough",56,2003-09-25
"Dr. Hayley Renner III",dvandervort@example.org,Martinville,22,1981-04-26
"Mr. Wilmer Hagenes III",pinkie18@example.com,Nolanmouth,58,1988-03-11
"Lewis Bergnaum",roob.bruce@example.net,Kihnburgh,67,2012-09-16
"Mrs. Beaulah Wiza",wilfred.ruecker@example.net,"South Lysanne",65,1978-11-03
"Dr. Brody Jakubowski",medhurst.twila@example.com,Josephinehaven,61,1992-12-10
"Manley Ledner",lura35@example.net,Alisafort,77,2022-07-30
"Prof. Christy Huels DDS",vito90@example.com,Kuhnberg,38,1991-02-14
"Bessie Reinger",selmer.stiedemann@example.net,"North Neal",37,2006-04-09
"Camylle Witting PhD",joesph.yundt@example.org,Conroymouth,33,1973-04-11
"Dr. Geovanny Bode",karelle.simonis@example.org,"East Justinemouth",77,1978-01-15
"Prof. Cameron Farrell I",alisa32@example.com,"South Juana",85,2007-12-04
"Miss Bette Cormier Jr.",carroll.sarai@example.org,Boyerside,73,1984-08-02
"Miss Rozella Hagenes",yhahn@example.org,"North Autumn",77,1988-07-18
"Mr. Kameron Wuckert",zemlak.marlene@example.net,Feestview,79,1993-02-09
"Berenice Parisian",sylvester.schoen@example.net,Heathcoteshire,53,1996-01-26
"Prof. Braeden Beier V",rjerde@example.net,"New Ena",85,2013-09-12
"Name Heller",raynor.louvenia@example.com,Ashleighstad,23,1988-10-05
"Lydia Bayer",stoltenberg.bernhard@example.com,Nasirport,23,2009-07-22
"Prof. Myrna Waelchi",macejkovic.christelle@example.org,Joanastad,22,1984-10-04
"Selena Marvin III",august06@example.net,Freemanchester,21,1974-09-04
"Ila Lynch",ilind@example.com,Brooksbury,41,1981-07-12
"Leonie Armstrong",okuneva.liana@example.com,"West Alexandro",43,2000-05-20
"Blanca Runolfsson",dkertzmann@example.com,"New Dane",52,1972-01-03
"Augustus Schuster",boyle.izaiah@example.org,Dareland,40,1994-01-09
"Myron Cummings",ehills@example.net,Gottliebport,75,1996-11-12
"Jamel Hartmann",schowalter.gertrude@example.net,Townehaven,33,1973-06-04
"Dr. Jan Schiller",kosinski@example.net,"East Amayaton",31,1996-10-05
"Alvera Kertzmann",donna11@example.com,"Port Deborahside",23,2008-05-31
"Prof. Augusta Swaniawski I",reynold.schultz@example.net,Lebsackmouth,26,2004-07-04
"Ari Denesik",karina.morar@example.com,"Lake Anissa",23,1993-09-24
"Velda Murphy",stoy@example.org,"North Letaville",44,2008-07-07
"Dr. Meaghan Kovacek MD",keyshawn.ebert@example.org,"Port Vincent",23,2003-05-21
"Viva Yost",rveum@example.org,"South Shanelburgh",80,1980-02-14
"Ilene Bailey",djerde@example.com,Davisside,57,1999-06-09
"Ms. Octavia Hettinger",denesik.sigmund@example.com,"East Gerard",23,1977-10-27
"Adriel Heller",tkutch@example.org,"North Montymouth",18,1978-05-21
"Zakary Maggio III",xrogahn@example.com,"West Arnaldo",74,2015-11-28
"Dr. Brenna Kuvalis DVM",johnson.thomas@example.net,Walterburgh,85,1999-07-11
"Trycia Von",mdavis@example.org,"West Karianemouth",44,2006-02-13
"Mrs. Simone Moore",evan.mcglynn@example.com,Jaylinchester,32,2001-05-09
"Janae Pollich",austin.kris@example.com,Collinsview,53,1995-05-22
"Prof. Sammy Vandervort",harmon.pacocha@example.com,"Lake Noemymouth",32,2007-06-13
"Romaine Crist",gfarrell@example.net,"North Jamarfort",80,1975-05-26
"Idell Schuster",zetta.medhurst@example.net,Giovaniview,35,1982-08-18
"Dimitri Bosco",garrison.marvin@example.org,Nathanielchester,57,1977-01-21
"Nasir Hartmann Sr.",shad48@example.net,Kurtville,26,2023-10-10
"Malvina Keebler",milo.greenfelder@example.org,"West Vernieborough",40,2022-07-24
"Prof. Maurice Kutch II",toy.scottie@example.net,"Port Marcel",54,1999-04-03
"Dr. Katrina Wiegand III",deangelo.mertz@example.org,Hauckstad,83,1973-09-27
"Dr. Letitia Batz DDS",tamia.schowalter@example.net,"South Maymie",21,1973-10-08
"Javonte Torp",annalise57@example.org,Edmundport,78,2005-06-02
"Aniyah Lehner",connelly.shanny@example.net,Whitestad,25,1988-09-12
"Mr. Vincent Sipes PhD",bcassin@example.net,"Lake Eleazarview",83,2001-02-01
"Dr. Dahlia Jacobson IV",alexandre52@example.net,Adriannastad,68,1974-06-09
"Yasmine Ritchie DDS",abernier@example.org,Reillyfort,54,1982-05-29
"Miss Alia Dooley Sr.",lowe.maximillian@example.net,Dibbertbury,68,1986-04-15
"Ashton Ondricka",mpacocha@example.net,"Lake Carolina",46,1997-09-22
"Mrs. Karlee Rath PhD",rschulist@example.com,Nettieburgh,36,2008-11-14
"Dr. Michael Zulauf IV",bjones@example.net,"South Courtney",22,2020-09-04
"Kay Hoppe I",maximus.hessel@example.net,Mullerfurt,34,1985-06-13
"Roberto Mertz",anabelle.brakus@example.org,Tannerfurt,61,2000-12-06
"Sabrina Stehr V",nienow.nedra@example.org,Jazminside,48,2020-09-09
"Gloria Ledner",rpowlowski@example.com,Hermistonmouth,26,1970-04-07
"Destiny Rolfson MD",lbashirian@example.org,"West Vickieside",32,1994-08-21
"Rowland Treutel",leonel26@example.org,"South Toby",65,1982-07-10
"Prof. Meaghan Hane",kelly.reilly@example.com,"North Nigelville",27,1977-11-20
"Prof. Milo Klein",wwaelchi@example.net,Scottiechester,24,2002-05-04
"Dakota Purdy",afeil@example.org,"East Sonya",51,1997-04-20
"Jude Treutel",darien62@example.com,Jesusfurt,80,2024-04-17
"Mireille Carter",jshanahan@example.net,Erickaburgh,33,1992-01-29
"Prof. Henderson Murphy PhD",lempi.effertz@example.com,Schneiderland,62,2011-10-03
"Russ Carter",rosamond77@example.net,Maxwelltown,42,2007-10-14
"Sam Borer",reichert.rossie@example.org,"South Eloiseshire",61,1987-01-03
"Nora Gerlach",kbrekke@example.net,Vernstad,54,1970-07-14
"Willow Lindgren I",derek.legros@example.com,"West Bradly",60,2018-12-09
"Keanu Frami",csatterfield@example.org,Maciefort,51,1985-01-17
"Dr. Cortez Kunze",kaleigh.bartoletti@example.org,Alfredoville,63,1985-08-25
"Briana Thompson",diamond.kunze@example.org,Monaton,71,2020-10-11
"Damian Brekke",genevieve60@example.com,Rodriguezland,46,1971-02-04
"Myrtle Bergstrom",dillan36@example.com,Bednarside,30,1988-01-23
"Prof. Quinten Hagenes",gail63@example.org,"East Arvidport",77,1979-05-10
"Kimberly Goldner",ymoen@example.com,"Port Astrid",60,2005-09-27
"Alayna Mayer",davon.lehner@example.net,"West Ellsworthbury",20,1982-02-22
"Arno Homenick",cortez59@example.com,Williamsonmouth,46,1992-02-08
"Ottilie Hoeger",ebosco@example.com,"South Kamronberg",50,1972-08-28
"Prof. Arlo Murphy",clifford09@example.com,Wunschville,74,1977-03-23
"Hannah Weber",kihn.estefania@example.net,Considineside,72,1995-05-02
"Prof. Lillie Weber",wehner.marty@example.net,Boehmstad,63,2007-11-08
"Jacynthe Goodwin",verner.upton@example.com,Crooksborough,38,2013-04-29
"Mrs. Corine McClure",bettie21@example.com,"Port Lempi",42,1996-02-15
"Myra Blanda",stephon81@example.org,Krisland,21,2017-06-06
"Mr. Trever Kuhlman",maria07@example.org,"West Robinchester",30,1977-01-27
"Beryl Grimes",jacobs.jennie@example.org,"West Frankville",38,2004-08-23
"Prof. Cayla DuBuque MD",arnold73@example.com,"New Lorine",23,1990-06-03
"Prof. Liana Collins PhD",claudia.dietrich@example.org,"South Gerson",62,1975-04-19
"Dr. Nakia Will I",heidenreich.kim@example.org,"North Belle",47,2018-07-10
"Rogers Cremin",schiller.winona@example.org,Kunzetown,76,2020-10-27
"Mrs. Annamarie Bergstrom II",hgleichner@example.net,"North Crawfordside",22,2000-06-01
"Dr. Roman Padberg",reynolds.alexie@example.org,"Port Tyrelshire",51,2001-08-01
"Keanu Feest",oberbrunner.henry@example.com,"South Esperanzamouth",42,2023-01-29
"Dixie Schmeler",gstehr@example.com,"East Peterborough",80,1972-03-01
"Lucile Muller Sr.",murray.rodrigo@example.com,"East Berta",53,1990-01-01
"Bruce Pacocha",vturcotte@example.net,Moorebury,20,2010-03-07
"Miss Alba Labadie MD",wolff.leone@example.org,Juvenalmouth,61,2003-08-08
"Hallie Connelly",nrosenbaum@example.org,Jeromyhaven,61,1982-12-05
"Beverly Abshire",uschneider@example.net,"West Gregg",48,2013-05-22
"Gabrielle Gulgowski V",rhianna64@example.org,Ritchieside,85,2015-12-28
"Devin Gutkowski I",noe30@example.net,"New Vickiemouth",23,1970-04-08
"Jeremie Fahey",carlee94@example.com,Kirlinchester,31,1990-05-04
"Robin Reilly MD",liza56@example.org,"Lake Oswaldborough",52,2015-07-20
"Mrs. Gloria Brown V",chauck@example.com,"Port Floyd",68,2017-01-29
"Elva Gislason",damore.shanelle@example.net,"North Richardberg",36,1985-05-14
"Prof. Ariel Yundt PhD",river.renner@example.net,"South Cara",78,1998-11-20
"Sammy Wisozk",williamson.paul@example.net,"East Rocio",35,1971-08-28
"Mrs. Catharine Larkin",wisozk.elias@example.com,"Port Gay",32,1976-06-25
"Lila Glover",jamison64@example.com,"Lake Peggieton",27,2003-06-04
"Vicenta Beatty Jr.",pokuneva@example.com,"East Devin",66,1985-02-24
"Alta Kilback",zkiehn@example.org,"North Cathryn",72,2015-12-21
"Ethel Dach",jarred.wuckert@example.org,"Port Shirley",36,2015-04-12
"Cole O'Kon",lou73@example.org,Karleyborough,59,1986-05-22
"Glen Weissnat",kerluke.alia@example.com,"New Amy",38,1979-02-10
"Randal Brakus",carleton.white@example.net,"North Gaytown",38,2017-02-01
"Mr. Rolando Krajcik",merlin.marquardt@example.org,"South Lulu",35,1987-10-16
"Sven Schamberger",nfisher@example.net,Beaulahstad,80,1991-09-27
"Bethany Osinski",brekke.david@example.net,Brauntown,84,2006-03-27
"Guillermo Rogahn",ishanahan@example.org,Zulaufburgh,65,1987-04-25
"Fleta Bergnaum",okeefe.bonnie@example.net,Rutherfordfurt,61,2013-03-11
"Buford Hahn",hartmann.olen@example.net,"North Rubie",51,1982-03-11
"Davon Franecki",savannah.bosco@example.com,Bernierland,54,1994-10-04
"Mr. Loy Moen",lamont07@example.com,"East Dorianside",83,1970-05-19
"Darien Hauck",marty.kutch@example.com,"South Eloisaburgh",54,2021-11-14
"Prof. Gavin Gleason PhD",twalter@example.org,"West Robyn",84,2011-11-26
"Lucienne Hegmann",rhea.ziemann@example.net,Halvorsonmouth,32,2024-09-09
"Ms. Shaina Feil",lcarter@example.org,"East Roryton",40,1978-10-27
"Felicita Schuster",hyatt.clinton@example.net,Generalmouth,56,2000-11-24
"Hobart Little MD",webster.bahringer@example.com,Colemanport,36,2021-12-20
"Mr. Derek Ratke",raoul.gaylord@example.net,"Lake Darrick",83,1975-12-11
"Tyrel Hahn",cframi@example.net,"New Alexandrineborough",55,1993-09-12
"Ron Grady",ahegmann@example.org,"New Lorimouth",67,2000-12-18
"Dr. Rebeca Kling MD",zkshlerin@example.org,Wilkinsonburgh,73,2002-08-21
"Grover Gerlach",bednar.jameson@example.com,"New Orlandborough",55,1993-11-07
"Santiago Gulgowski II",jacobi.darrion@example.com,Beahanville,85,2022-02-15
"Adriel Rice",cruickshank.odie@example.org,"West Tiffany",70,2006-01-23
"Eveline Cummings",maggio.tyreek@example.org,Lavonneville,70,1997-07-12
"Durward Torphy",andreane.deckow@example.com,"South Giovanny",25,2019-03-06
"Jaquelin Hegmann",roxane40@example.com,Cristalton,20,1980-05-25
"Prof. Alexandre Mitchell",thartmann@example.net,"Port Fayburgh",24,1992-03-22
"Dr. Ashtyn Ryan",cartwright.katheryn@example.org,Homenickburgh,83,1983-02-20
"Mrs. Eunice Deckow",billy09@example.net,"Port Kittyside",83,1973-01-15
"Rahsaan Botsford",bradly21@example.com,Hillsshire,39,2019-07-21
"Miss Melissa Hahn Sr.",legros.braeden@example.org,"New Elmira",71,1983-11-18
"Jacques Lockman",crystel75@example.com,Dannymouth,25,2016-11-17
"Jackie Wintheiser",schaden.oswald@example.net,Haleystad,39,2006-12-24
"Prof. Adela Rippin IV",cnikolaus@example.net,Hellerhaven,61,2008-01-10
"Nathanial Bednar",ischimmel@example.com,"East Myrticebury",52,1998-07-18
"Mervin Connelly",austen.dare@example.net,Kevonport,31,1971-06-28
"Ambrose Parisian",gmorissette@example.net,Gavinland,48,1983-04-22
"Alia Larkin",jamarcus.strosin@example.org,Duaneport,74,2014-09-28
"Earline Jones",nader.helene@example.org,Arnofurt,39,1987-06-18
"Selena Davis",kimberly.abbott@example.org,"South Christian",79,1993-11-28
"Bonnie Bahringer",frank17@example.net,Cedrickton,44,1977-08-13
"Prof. Carlie Rogahn V",okuneva.alison@example.net,Catherineville,25,2005-10-05
"Meda Tillman",chanelle93@example.com,"South Bailey",48,1986-07-16
"Emile Beahan DVM",mante.bradley@example.org,"South Antonio",46,1971-11-15
"Susie Lakin DVM",london56@example.org,"West Kyleside",59,2009-05-29
"Isabell Brown",tmayert@example.com,"West Maybelle",84,2005-08-12
"Kasey Schmitt",rippin.jacky@example.org,Gissellehaven,74,2013-08-05
"Ms. Jenifer Reinger",clifford.morissette@example.com,Hagenesport,31,2013-04-30
"Raheem Schiller",wiza.stefanie@example.org,Pacochachester,57,1977-02-11
"Casimer Marks",leo61@example.com,Valentinaland,29,1996-08-06
"Tod Pacocha",mia.kunde@example.org,"North Helmerport",67,1998-03-08
"Prof. Judge Altenwerth",green.sanford@example.com,"South Bertrand",29,1991-02-06
"Prof. Zaria Conn I",alex74@example.org,"East Ryannhaven",59,2000-02-04
"Destini Senger",cmuller@example.com,"East Giovani",68,2002-05-25
"Dr. Brandon Pfannerstill Jr.",bleffler@example.net,Larsonview,77,2011-09-25
"Alana Stoltenberg IV",celestine03@example.org,Gutkowskibury,60,2023-12-08
"Jimmy Smitham",vyundt@example.com,"North Marisamouth",56,2016-03-15
"Dariana Wiza",louie.schoen@example.com,Scarletttown,69,1992-07-06
"Keyon Upton",carlie.keeling@example.com,"Lake Rosefurt",31,1993-03-11
"Preston Hermann III",rath.jamel@example.net,Skylastad,45,1996-08-12
"Asia Heaney",clinton57@example.com,"West Alfreda",38,2016-01-18
"Prof. Jarvis Von II",clittel@example.org,"North Cleveland",64,2005-01-20
"Cora Glover",kshlerin.myrtice@example.net,Jewelborough,59,2007-05-12
"Ricky Schultz",lela.rowe@example.net,"East Haileeville",61,1976-06-03
"Demarcus Gorczany",dahlia.lockman@example.net,"Lake Kraigbury",45,1974-03-29
"Maudie Hodkiewicz",haley.effertz@example.com,"West Heiditown",68,2000-03-25
"Gladys Jenkins",ohara.fatima@example.org,Feiltown,78,1982-12-27
"Letha Effertz",vivienne33@example.com,"West Craighaven",24,1987-04-25
"Orlo Langworth",alvina.hudson@example.net,Murphytown,74,2001-08-01
"Esperanza Kunde",johnnie66@example.org,Morissettemouth,74,1987-12-20
"Mr. Omer Hills PhD",felicity47@example.org,"Lake Trehaven",82,2023-03-07
"Maxie Hane",yswaniawski@example.org,"Port Ralph",60,1984-05-23
"Mr. Christopher Wiegand MD",kuhic.charlene@example.org,Jacobsonchester,24,2015-09-01
"Nellie Runolfsson II",lfeeney@example.com,Botsfordville,39,2011-05-22
"Barry Upton",veda35@example.org,"Lake Altastad",47,1991-08-20
"Larue Blanda",zdaugherty@example.com,Jerdeton,22,2005-04-29
"Izabella Schulist",alebsack@example.net,Myrtleberg,82,1983-08-28
"Mr. Dock Hessel",kris.enoch@example.org,"East Ally",79,1988-05-24
"Mr. Roy Konopelski",hhackett@example.com,"South Kodyland",48,1977-01-01
"Juliana Reinger",yfeil@example.com,Winonastad,59,1970-03-21
"Miss Mozelle Jacobi",ystanton@example.net,Annetteland,70,1989-07-12
"Ambrose Kertzmann",bbraun@example.com,Reginaldville,83,2001-03-16
"Mrs. Adell Cruickshank",jeramy74@example.net,Fisherberg,61,1974-04-13
"Ernestine Kiehn",elinore.fahey@example.net,"New Kennashire",55,2009-05-05
"Ned Cormier",ned86@example.com,Torreyfurt,27,1976-09-11
"Ryder Terry III",kkonopelski@example.com,"New Estelside",81,1990-04-15
"Dennis Gleichner",kianna33@example.com,Shannaburgh,26,1996-06-10
"Dr. Ethel Hermann",dooley.vada@example.org,"North Jeffereyville",27,1971-07-13
"Ariel Stark",asia33@example.org,"North Orlo",25,1977-04-16
"Isidro Koss",anicolas@example.com,Piperside,45,1991-06-07
"Heloise Ledner",macie73@example.net,Larkinville,55,1989-12-29
"Miss Elisha Lubowitz II",wanda20@example.com,Arvelton,60,1970-06-01
"Lesly Rutherford III",lonzo79@example.org,"New Dejonbury",72,2015-09-27
"Dr. Manley Schmidt Sr.",oliver31@example.net,Josephtown,20,2004-06-14
"Dariana Bailey",princess08@example.com,"New Earnestine",30,2003-06-05
"Timmothy Cassin",zschumm@example.org,Greenfelderview,57,1974-01-06
"Dr. Kris Bailey",preston.mcglynn@example.net,"East Faemouth",50,2001-01-26
"Prof. Nikolas Rutherford",eliane.hayes@example.org,Ziemannfort,33,2010-12-14
"Zora Orn III",lhamill@example.com,Dooleyton,20,2004-01-09
"Dayna Osinski",jessie71@example.com,"Port Hazle",46,1995-06-26
"Landen Metz PhD",khartmann@example.com,"East Lavinia",83,1979-07-22
"Stefanie Smith",jleuschke@example.net,"East Amelieshire",41,1981-05-21
"Tommie Huel",dibbert.brayan@example.com,Whitefort,78,1981-03-11
"Camila Waelchi DDS",wkoss@example.com,Kulaston,52,2019-02-01
"Dr. Lavern O'Kon IV",hyman94@example.net,Cotyborough,45,1971-06-04
"Mr. Marcelino Brown",graham.yasmine@example.org,"North Orville",57,2022-02-17
"Meggie Rowe",kyler.howe@example.org,Wunschport,53,2017-03-07
"Gerhard Connelly",ubaldo27@example.com,Granttown,39,1976-03-21
"Verna Hoeger",muhammad56@example.net,Mathiasberg,36,1995-02-05
"Lelia Rutherford",plehner@example.com,"Port Hilma",82,2008-05-25
"Marisa Green",gbogisich@example.net,Balistreritown,75,1971-10-24
"Vinnie Beatty",eloisa07@example.net,"West Favianville",52,1979-10-28
"Dr. Deangelo Von DVM",marilou.hamill@example.com,"Lake Jacey",29,2024-01-16
"Jose Ratke",ramona10@example.com,Markusborough,46,2007-09-21
"Jovani Nikolaus",ziemann.shaina@example.org,"North Opheliaberg",40,1993-05-24
"Prof. Alf Goodwin",uwhite@example.net,"North Jessikastad",44,1970-09-09
"Mrs. Dianna Kling IV",bobbie52@example.com,"South Elena",84,2014-12-28
"Brandy Spinka",hjohns@example.org,"North Royal",80,1980-09-06
"Alison Kuvalis I",korey17@example.org,Cristshire,44,2012-06-28
"Jada Bailey",dheathcote@example.org,"North Lucioshire",52,2018-10-02
"Mr. Marc Jaskolski Jr.",shields.renee@example.com,Parkerville,29,2000-12-10
"Layla Hettinger",marta37@example.com,Hillsstad,20,1982-07-19
"Walton Johnson",gerhold.wilfred@example.net,Jordymouth,48,2011-07-02
"Thelma Murazik",twehner@example.org,"North Dangeloside",18,2022-08-10
"Ulices O'Reilly",renner.nova@example.org,"Port Celiaton",85,2018-10-31
"Mrs. Lera Reichel",omer88@example.com,"Port Neal",84,2003-08-05
"Gonzalo Cole",hickle.fatima@example.org,Kozeymouth,23,2016-07-28
"Keely Wilkinson Sr.",jade06@example.com,Amaliaview,29,2004-02-10
"Dr. Barbara Borer",emely05@example.com,"Port Sven",28,2005-05-23
"Mr. Larry Jacobs IV",tanner.boyle@example.net,Dovietown,82,2013-12-07
"Prof. Esperanza Weissnat",paige96@example.org,"New Juliofurt",20,1975-04-18
"Leslie Metz",madyson.klocko@example.net,Bechtelarmouth,63,1975-10-25
"Devante Jakubowski Jr.",krajcik.ian@example.net,Grimesmouth,70,1970-12-13
"Joaquin Green",padberg.nikolas@example.net,Lenniebury,62,2004-05-13
"Spencer Pagac",hzemlak@example.net,Davonteborough,37,1988-08-24
"Natasha Goodwin",penelope38@example.com,Kesslerport,63,2017-12-11
"Arnold Funk",lucas62@example.org,"Lake Chaddmouth",32,1979-01-16
"America Wisozk",vsporer@example.com,Aliciabury,26,2021-09-23
"Benton Mills II",helga.collier@example.net,Morarburgh,61,2005-12-11
"Concepcion Terry I",jritchie@example.org,"North Marielleside",20,1987-08-03
"Jermey Abernathy",mromaguera@example.org,Alejandrinhaven,53,1982-01-18
"Dr. Destiny Lang Jr.",obraun@example.org,"North Creolashire",62,1979-04-05
"Ursula Koelpin",ncarroll@example.com,"East Halleburgh",65,2001-10-17
"Marilyne Blanda III",apagac@example.net,Hayleemouth,57,1982-11-17
"Yasmine Sawayn PhD",dgutkowski@example.com,Addisonburgh,30,1975-08-16
"Demarco Konopelski",feest.garrison@example.com,"East Micahfort",28,1974-11-09
"Chelsey Nitzsche I",mwalter@example.net,Dickinsonberg,20,1992-09-21
"Louisa Macejkovic",runte.ava@example.net,Caryville,76,2014-06-15
"Tad Cassin",boehm.stuart@example.com,"South Jake",68,2000-05-04
"Ardith Dietrich",zjohnston@example.org,"North Presley",71,1977-01-23
"Norene Reichel",cronin.clay@example.org,"Port Louveniabury",78,1972-12-02
"Carmen Murazik III",clara95@example.com,"North Olaview",47,1977-12-04
"Quincy Rogahn",brain79@example.com,Wizabury,54,2004-05-13
"Elta Prosacco",angie09@example.com,"East Taylorview",43,2017-01-15
"Christelle Wyman III",keven.hoppe@example.com,"Lake Concepcionchester",61,1971-07-29
"Justina Schuppe DVM",idell.simonis@example.org,"Lake Medaburgh",18,2022-07-24
"Gus Zboncak I",ncremin@example.com,"North Chelsie",19,1981-02-02
"Laury Carroll",botsford.frank@example.org,"Lake Trinitytown",83,2020-06-18
"Mr. Selmer Kovacek MD",borer.helmer@example.net,"Port Chelsea",85,2020-12-27
"Jacklyn Okuneva",kristina38@example.org,Uptonstad,44,1980-11-12
"Ms. Makayla Homenick II",alice97@example.org,Eunahaven,27,2014-06-15
"Xander Dicki Sr.",wuckert.isac@example.com,"East Jocelynberg",21,2023-10-12
"Ernestine Koepp",bettye.quigley@example.org,"South Ephraimshire",39,1997-07-02
"Emie Walter V",erica.lind@example.com,Oberbrunnerfort,67,2015-03-04
"America Stoltenberg",smills@example.org,"South Deshaun",58,1979-12-23
"Carleton Fahey DDS",lewis03@example.com,Kirlinview,37,1993-08-19
"Dimitri Cronin",valentina.schaefer@example.com,"East Linwoodside",74,2023-10-08
"Idell Stark",wbergstrom@example.net,Kleinchester,19,2015-07-19
"Bernice Homenick",kmitchell@example.net,"Lake Reyes",61,1999-11-03
"Tyreek Smitham",kuphal.priscilla@example.net,Eunashire,47,1986-11-29
"Russell Ebert",ewiza@example.net,"Port Elena",66,1974-02-26
"Dr. Lazaro Bradtke Sr.",earlene40@example.org,"Port Asiafurt",69,2012-11-22
"Bonita Stoltenberg",dovie.swift@example.com,Araland,80,2022-05-31
"Aniyah Homenick",mwalker@example.org,Kayleefort,80,1972-08-30
"Miss Linnie Auer",geraldine45@example.org,"West Assunta",68,1976-05-29
"Dr. Easton Stehr IV",uoconnell@example.net,"Lake Berneice",77,1993-11-20
"Tyrese Senger PhD",antwon.leannon@example.com,"Lake Franco",35,1980-01-22
"Elna Smith",wfadel@example.org,"West Celestinoside",43,1985-06-03
"Dejon Rolfson",augustine.parisian@example.com,"New Abagailview",84,1993-12-26
"Cordelia Botsford IV",ed88@example.org,"Port Mabel",19,1976-11-22
"Alexane Fadel",heather36@example.net,"New Bart",83,1983-02-15
"Coy Witting V",shauck@example.org,Swiftshire,32,1994-06-06
"Eduardo Crooks",wwelch@example.com,"East Gonzalochester",39,2011-05-18
"Mrs. Fatima Murray III",kamron.bogan@example.com,"East Aidan",32,1978-11-24
"Letitia Fahey PhD",marge.hoppe@example.com,Ethaside,23,1992-09-06
"Diego Borer",ceasar.gleason@example.com,Priceton,51,1999-07-18
"Effie Harvey",elnora38@example.com,Charitybury,77,2001-03-26
"Dr. Angeline Dicki",twisoky@example.org,"New Quentinbury",66,1975-07-31
"Mr. Kevon Toy IV",jacobson.cristobal@example.org,"East Christop",26,1998-02-07
"Sigrid Sawayn",roma12@example.net,Stehrberg,25,2018-04-28
"Prof. Daphnee Reichert I",halvorson.cicero@example.com,"North Valerieshire",41,1987-08-04
"Alexzander Terry",glenna35@example.org,Jerdeborough,59,1971-11-05
"Alan Block",lula.crooks@example.org,Alizeberg,75,2014-03-27
"Mrs. Jenifer Hyatt",olin01@example.org,"Lake Rhea",82,1973-08-21
"Macie Pfeffer DDS",pfannerstill.trever@example.org,Jacintofort,75,1988-07-17
"Ursula Lind",maida.lakin@example.org,Spinkahaven,53,2017-03-21
"Ms. Aylin Senger",schuster.alisa@example.net,Konopelskiburgh,46,2014-10-08
"Mr. Westley Kassulke PhD",lola15@example.org,Millshaven,30,2001-06-22
"Daniela Farrell",kale.mccullough@example.com,"Port Herbertbury",47,2012-04-08
"Dr. Hazel Kihn Sr.",malika.borer@example.com,Otisbury,58,1998-09-04
"Yasmine Harber",robyn20@example.com,Salvatorefort,26,2015-12-06
"Beverly Bashirian I",bernhard.simonis@example.net,"Lake Jared",85,1972-01-27
"Dr. Jerod Konopelski II",madyson23@example.net,Madgefurt,20,2010-04-14
"Carolyne Fisher",jenkins.eden@example.org,Carissastad,74,2008-06-28
"Reilly Barton",lawson88@example.com,"South Hannaburgh",33,1976-04-20
"Edd Fahey",leuschke.tyshawn@example.com,Julianview,44,1971-03-19
"Dr. Herman Ebert Sr.",collins.angus@example.com,Crawfordburgh,28,1993-11-19
"Linnea Mertz",walter.leann@example.net,"East Earnestine",71,2004-09-19
"Ezekiel Nikolaus",vivien80@example.org,"North Scottyland",75,1988-06-18
"River Larkin",bernier.jackeline@example.com,"New Brandyn",43,2000-01-20
"Miss Augustine Douglas",trever.rolfson@example.com,Neomaborough,72,1975-06-22
"Melyssa Towne",wisozk.vella@example.net,Riverton,84,2009-08-04
"Christian Rice III",yhilpert@example.org,Harleyview,53,1990-05-20
"Okey Hintz Jr.",zboncak.jacques@example.net,"North Josianefurt",66,1986-09-14
"Prof. Israel Mueller",mafalda.schneider@example.com,Jonesmouth,59,2024-02-11
"Brendan Emmerich",lon.vandervort@example.net,"Lake Dina",42,1970-05-19
"Dr. Brice Lesch",may.mcdermott@example.org,"Port Travon",44,1999-05-05
"Caterina Stiedemann",ugoodwin@example.org,Barneychester,74,2006-09-15
"Marc Durgan",elton63@example.org,"South Benjamin",78,1991-09-25
"Ms. Jacinthe Klocko V",wgreenfelder@example.net,"Port Axelside",23,1973-05-25
"Theodora Lindgren",darion34@example.org,Daughertytown,85,2007-07-27
"Eldridge Purdy Jr.",audra.kling@example.com,"North Amely",25,1980-01-18
"Tiara Schaefer",tabitha52@example.net,Windlerfort,25,1994-05-06
"Mr. Sean Grant",obahringer@example.com,Eloisahaven,83,2013-10-07
"Cyrus Hintz",gleason.janae@example.org,Rowefort,44,1986-01-02
"Dimitri Kuhlman II",lratke@example.net,Haleyville,31,2013-03-24
"Keaton Swift",cora.veum@example.com,Luismouth,46,1983-06-08
"Bernice Thiel II",bogisich.allen@example.com,McCulloughchester,58,1977-11-27
"Miss Fleta O'Keefe",rosalind67@example.org,Gerholdview,35,2010-03-03
"Ms. Meaghan Maggio DVM",crooks.jeramie@example.com,"Lake Bettyside",52,2019-07-10
"Prof. Arnold Kunze",alberto76@example.com,"North Tellybury",85,1991-12-26
"Kaia Gusikowski",waters.herminia@example.org,"East Marianabury",84,1980-07-20
"Wilburn Mann",hodkiewicz.lourdes@example.com,"East Rebeccamouth",67,2016-04-08
"Heloise Lueilwitz",yhansen@example.net,Moenhaven,76,1979-08-02
"Remington Parisian",dariana13@example.net,Schmittberg,47,1976-02-06
"Mr. Camron Kutch DDS",trace11@example.org,"East Ethelynmouth",63,2007-09-21
"Dr. Dewitt Daniel I",clare94@example.org,"West Margot",56,2000-11-27
"Torey Little",fisher.christa@example.net,Altenwerthstad,18,2010-09-23
"Prof. Mark Rogahn V",wbergstrom@example.com,Legroston,67,1996-12-17
"Lavonne Weber",garland.blick@example.org,Heathcoteville,73,1985-08-06
"Leif Towne",zfisher@example.org,Cartwrightview,57,1978-06-26
"Briana Schowalter",nathanael57@example.org,Funkfort,30,2010-03-20
"Lon Becker PhD",matteo.stiedemann@example.org,Paigehaven,29,1990-09-12
"Austyn Bernhard",randy99@example.net,"Port Lafayettemouth",50,1995-03-29
"General Stroman",darby00@example.com,"Lake Rodolfoborough",82,2014-06-01
"Hubert McGlynn PhD",frederique59@example.org,"Port Olaf",60,2013-04-12
"Colleen Bogisich",joan.haley@example.com,"Port Meda",27,2019-09-10
"Hillard Funk",luther05@example.net,"Port Giovannymouth",22,2006-07-25
"Domenick Ferry",pjerde@example.com,"East Barton",37,2006-10-11
"Dr. Aubree Hegmann II",korey62@example.net,Champlintown,34,1980-02-05
"Meta Bruen",hhagenes@example.net,"New Winfieldberg",57,1977-10-26
"Sheridan Leannon",pboyer@example.org,Johnpaulbury,69,1990-04-11
"Abraham Prohaska",kgreenfelder@example.com,Haleyfort,30,1974-11-04
"Mr. Waino Schmidt III",beatty.marisa@example.org,"North Hadleyshire",75,1979-04-08
"Dr. Ian Corkery Jr.",michel.weber@example.com,"West Ike",61,1980-05-11
"Nakia Walsh",goldner.adrian@example.org,Larsonshire,69,1994-05-15
"Lucio Hauck",dicki.jena@example.com,Langton,46,1990-06-22
"Jay Dietrich",gosinski@example.com,"Port Nicholaus",77,1973-02-01
"Shawna Watsica",grady.elisa@example.org,Oswaldomouth,29,1970-12-01
"Paxton Moore",ibrahim.kiehn@example.com,Jakeland,55,1999-02-19
"Dario Gleason",jaqueline51@example.com,"New Timmothyshire",36,1984-08-05
"Kade Okuneva",rwolf@example.com,"New Weston",45,2011-10-07
"Ms. Alice Conn I",wiegand.may@example.com,"Lake Rubie",84,2009-12-12
"Miss Marjorie Rutherford",dschmeler@example.org,"Port Daniellatown",85,2003-01-04
"Angel Greenholt",dayton.gutmann@example.com,Kochview,21,2018-07-05
"Joy McCullough",dleuschke@example.com,"North Kendall",68,1999-03-02
"Anabel Koelpin",june84@example.com,"West Delfinastad",58,2002-10-15
"Alberta Lehner",gulgowski.emmitt@example.com,Marcosberg,19,2014-02-03
"Marina Reinger",quitzon.annie@example.org,"East Herminabury",85,2024-06-30
"Neva West",feil.diana@example.org,"Lake Elliemouth",61,2010-05-17
"Jany Corkery",olson.raleigh@example.com,Hallieport,63,1992-09-07
"Miss Heidi Rath",cayla.price@example.net,"Port Benport",67,2006-03-17
"Mr. Rickie Walter",bayer.justen@example.com,Brandontown,81,2022-02-08
"Damon Dibbert DVM",addison72@example.org,Yesseniaburgh,70,2015-02-08
"Ernesto McClure",swift.pierre@example.net,"New Misaelside",40,1981-06-21
"Destini Welch",ashlee.dare@example.net,Laylafurt,67,1978-09-26
"Mr. Dexter Rosenbaum MD",kole.walker@example.net,"North Elva",49,1972-09-30
"Murphy McKenzie DDS",lambert.howell@example.com,"Port Shakiraberg",29,1980-12-14
"Prof. Brielle Johns Sr.",randi22@example.net,Mertzburgh,80,1987-07-28
"Euna Becker",stark.jamil@example.com,Adolphusshire,28,2009-08-19
"Adelle Pollich V",hmclaughlin@example.org,"East Yasmine",37,2016-11-14
"Prof. Nathaniel Senger",dchristiansen@example.net,"West Karenport",20,1971-04-25
"Ignatius Okuneva Sr.",lelah52@example.net,Jadaton,77,2005-01-02
"Friedrich Erdman",landen80@example.com,O'Haramouth,58,1998-09-24
"Deven Hessel III",jedediah.hauck@example.org,"South Carliberg",59,2008-07-24
"Kiana Bins",imarks@example.org,"Lake Tabithaburgh",29,2015-09-08
"Ivy Gerlach",maymie04@example.net,"New Fanny",24,1989-07-02
"Prof. Robin Moen",cdickens@example.net,"South Molly",85,2021-01-02
"Dr. Beulah McDermott",pdietrich@example.net,"Lake Lacey",59,1990-06-22
"Darrel Green II",eldridge.carroll@example.org,"East Lavernburgh",40,2003-07-30
"Mary Stamm",eleanora79@example.org,Donnellyshire,33,2018-01-29
"Camilla Zboncak",damaris15@example.org,"South Abbyville",79,1997-10-20
"Mr. Emile Bosco",nella.russel@example.org,Lueilwitzstad,80,2023-06-15
"Prof. Kaleb Kuvalis",rudy53@example.net,"New Quinnstad",50,1998-08-10
"Jeanette Shanahan Sr.",dell.rice@example.net,Edwinfort,44,2024-03-09
"Jaycee Bruen",terrence43@example.com,Champlinton,59,1989-07-13
"Ms. Pattie Cummings",schumm.kurtis@example.com,Heathcoteburgh,70,1989-02-24
"Miss Lue Waelchi",waylon16@example.com,"Port Jermainestad",84,2005-10-28
"Bailey Cummerata III",bethany.reichert@example.org,"Port Micaelaside",20,1971-11-04
"Marc Renner",tcummerata@example.net,Peteland,55,2021-12-13
"Gunner Leffler",sophia.gleichner@example.org,"New Jonatan",44,1983-07-02
"Lola Kunze",polly81@example.com,"West Reannaside",81,1987-01-08
"Justus Ortiz Sr.",daisha22@example.org,Erdmanport,65,1984-05-03
"Sabryna Balistreri",runolfsson.graciela@example.net,"Port Lorena",24,1995-07-05
"Cordie Ledner DVM",luella.kozey@example.org,Brodychester,63,2020-11-15
"Aglae Cronin",daugherty.kaylah@example.com,"North Sierraborough",73,1976-02-22
"Prof. Donato Abbott DVM",edwina78@example.net,Kovacekton,37,1994-05-10
"Prof. Marilou Leffler",kira.corkery@example.net,"New Rosendoborough",46,2021-01-03
"Dr. Jonatan Bradtke",eleonore48@example.org,"Port Madgestad",21,1982-11-05
"Aron Powlowski",kelton36@example.org,"East Lavernamouth",33,1979-03-01
"Felicity Gerlach",abshire.murphy@example.net,"West Maxinefort",39,2016-06-26
"Dr. Moises Gulgowski",christiansen.granville@example.com,Lemuelstad,26,1988-06-20
"Trycia Daniel",henry85@example.org,"West Alec",47,1996-03-28
"Alysson Homenick",lynn.romaguera@example.org,Lenoremouth,69,1986-07-31
"Dr. Oswald Schuster",micah.corkery@example.org,"North Mireya",48,2002-01-18
"Nick Sawayn V",wunsch.verdie@example.org,Wilhelmshire,53,2016-01-11
"Patience King",gislason.oliver@example.com,Lilianeburgh,34,2006-10-26
"Tressa McKenzie DVM",bwill@example.net,Berryton,28,2006-08-10
"Mayra Rutherford",haley.leonardo@example.net,"West Edwin",28,2024-01-16
"Hector Walsh",ullrich.pink@example.org,"North Preston",68,2016-06-23
"Ardith Shanahan",zion.willms@example.com,"Port Gretamouth",36,1993-06-29
"Mr. Ben Hahn",haag.jarod@example.org,"East Jeffrey",41,2022-06-10
"Mrs. Nina Stark Sr.",boehm.jared@example.net,"Lake Myrnahaven",70,1982-08-26
"Judah Blick",orempel@example.com,"Lake Torranceton",50,1993-12-22
"Paris O'Kon",tanya21@example.org,Jaskolskiville,54,1990-06-24
"Brooks Bayer",jaylin64@example.org,"Lake Kaley",81,1978-03-18
"Peggie Quigley",elena00@example.com,Rutherfordville,25,1979-08-16
"Prof. Linnie Gutmann",clara.schowalter@example.com,Nicolaschester,67,1994-09-11
"Dr. Carmine Wisozk",fay.roderick@example.com,"Port Ibrahimland",60,2020-03-12
"Mr. Milan Mills",eleanore85@example.com,Jacksonville,38,1975-07-28
"Dr. Erling Jakubowski",amparo43@example.net,Beahanton,27,1992-12-03
"Mrs. Pearline McLaughlin",kirlin.sebastian@example.org,Alessandraborough,19,1978-08-25
"Adelle McLaughlin",jalon.adams@example.com,Burdetteville,29,1997-11-23
"Prof. Cedrick Mitchell Sr.",cweissnat@example.com,"Lake Davidborough",43,1979-02-16
"Mrs. Margaret Parisian III",meghan.streich@example.net,Connfort,41,2022-05-21
"Dr. Otis Stanton",dakota.towne@example.com,"Port Orieburgh",24,1998-03-23
"Ole Abbott PhD",agnes.mckenzie@example.org,Sterlingport,74,1987-08-08
"Domenico Bergstrom",julius16@example.net,Hamillside,48,2007-12-28
"Mrs. Micaela Bashirian V",kutch.francisco@example.org,Prohaskaberg,25,2009-10-19
"Dr. Rudy Cormier IV",whowell@example.net,Keeblerfurt,43,2021-04-26
"Marcellus Langworth",erobel@example.com,"Port Jerod",42,2007-02-05
"Selena Gibson",antonina.halvorson@example.net,"South Mosheton",65,2003-01-19
"Lane Reichert V",reagan.dickinson@example.com,Ariport,67,1995-10-06
"Antonia Rau",helen67@example.com,"West Allan",37,1981-01-15
"Anjali Bechtelar DVM",destinee49@example.com,"South Melody",67,2014-10-22
"Juliet Quitzon",kelley02@example.net,"North Magdalen",36,2006-04-18
"Velma Lind",jadon.beahan@example.com,Coltbury,84,1997-08-09
"Alice Schamberger",guy69@example.org,"New Grant",18,2004-06-27
"Adolphus Cummings DVM",kelly03@example.net,"North Marta",83,1972-11-14
"Kelsie Wiza",cwiza@example.com,"North Saulborough",26,1994-10-07
"Dr. Alysa Senger Sr.",zcorwin@example.org,"Lake Danykastad",20,1996-04-24
"Orland Lakin DVM",kling.hailey@example.net,Reynoldsside,64,1989-04-29
"Eloise Metz",florence.gulgowski@example.org,Weissnatfurt,26,2004-04-21
"Jaylin Adams",schmitt.jaylin@example.com,"East Kayley",31,1992-10-31
"Adan Johns",loy41@example.com,"Port Tristian",29,1983-10-16
"Muhammad Gibson",fschmeler@example.net,Chancestad,78,1975-11-04
"Corrine Strosin",eduardo.davis@example.org,Bartonville,45,2023-04-07
"Isobel Hauck",alejandra.okuneva@example.org,"South Lilaside",58,2006-04-04
"Virginia Abernathy",gleason.reta@example.net,"New Agustina",76,2020-02-20
"Dr. Sarina Keebler Jr.",geo.schowalter@example.com,Katrinetown,56,1977-03-06
"Reinhold Legros",nupton@example.org,Weimannstad,81,2011-08-11
"Dr. Perry Smitham",bahringer.alivia@example.org,"New Tia",32,2016-11-05
"Antonio Hodkiewicz",mrolfson@example.org,"South Johnny",32,2012-03-25
"Mrs. Mable Murazik II",tatyana.jaskolski@example.org,"East Dashawnton",25,2002-11-07
"Travon Kerluke",zoe.botsford@example.com,Sipesview,43,1977-11-29
"Prof. Nelle Kovacek Jr.",fausto35@example.org,"South Jaylen",54,2005-11-09
"Marquise Ritchie",marlin.runolfsson@example.net,Toyfort,54,2001-05-04
"Mrs. Madge Gorczany II",douglas.rocio@example.net,Ericberg,66,1984-04-30
"Jena Nolan",elwyn.kris@example.com,Hagenesshire,84,2010-10-07
"Mr. Floy Barrows",tess.towne@example.com,Johnstonside,21,2005-01-08
"Dr. Raven Botsford DVM",francisca.morissette@example.net,"Lake Damonstad",50,1991-05-09
"Joesph Herzog",xosinski@example.com,"Port Ottilie",27,2019-11-04
"Dr. Gladyce Kuhlman",tharber@example.net,Chrisville,30,2023-09-16
"Rebeca Shanahan",rowan09@example.org,Stephaniaberg,82,2004-03-20
"Prof. Cruz Waters",dickens.nyah@example.net,Wilsonfurt,77,2010-02-15
"Dr. London Erdman",ashlee.okuneva@example.com,"East Emmie",64,1997-07-02
"Ernestine Harvey",hildegard.pacocha@example.net,Brisaview,40,1986-09-27
"Dr. Ethyl Skiles",rparker@example.com,"West Jenifer",36,1976-06-13
"Rosalia Mosciski",hackett.bridie@example.com,"East Vernchester",53,2009-03-06
"Obie Hilpert",lenna02@example.org,"North Donnyside",66,1979-08-27
"Conner Quitzon",jacobson.nicole@example.org,Nadershire,32,1993-09-30
"Casey Douglas",esimonis@example.org,Kubtown,83,2003-11-22
"Jasmin Hegmann",isadore01@example.net,Hughport,79,1970-07-28
"Jamie Kunde",thalvorson@example.com,"Lake Ashaborough",80,1995-09-12
"Miss Shawna Parker IV",sipes.prudence@example.net,"North Reed",75,1986-07-26
"Dell Vandervort",zschumm@example.com,"New Nyah",18,2002-03-01
"Jamil Mante",dickinson.meggie@example.com,Bertabury,73,2021-02-10
"Clifford Yost",blanche.damore@example.org,Bettiehaven,32,1994-06-10
"Dedrick Schowalter",aniyah.reichel@example.com,"South Terrence",80,1994-10-19
"Aimee Hirthe",renee.stracke@example.net,Rogelioborough,73,2024-11-20
"Arvid Brakus III",lorenz.gusikowski@example.org,"Port Daphne",66,2017-01-25
"Margarita Konopelski",erdman.marcella@example.com,Bauchland,46,1977-01-17
"Broderick Gorczany",irwin.stokes@example.net,"New Murrayton",43,2017-11-11
"Elmira Kemmer",adan07@example.com,"West Ciaramouth",58,1974-02-25
"Dandre Hamill",valentine.mayer@example.com,"West Augustus",74,2023-07-29
"Idella Eichmann",jerde.verner@example.net,Leoton,68,1998-07-17
"Cheyanne Eichmann",nolan.ella@example.org,Haneton,61,2001-02-22
"Mabel Hammes",walker.boyle@example.net,"New Velma",24,2011-03-23
"Dr. Michele Emmerich",reinhold60@example.net,Rathburgh,23,1997-03-10
"Jaida Moen",padberg.curtis@example.com,"West Judyfort",19,1970-11-03
"Earline Gibson",karlee.herzog@example.net,Kadetown,73,1980-01-20
"Aliyah Bruen",taltenwerth@example.org,Streichtown,68,2014-06-20
"Isabelle Quigley Jr.",michael50@example.com,Arachester,32,2022-08-17
"Ned Koelpin",hlakin@example.net,Brandyntown,26,1974-01-05
"Mona Ebert",hintz.julien@example.net,Neomaborough,77,2003-12-06
"Brook Green",kurtis61@example.org,Calebmouth,39,2007-07-25
"Elsie Schuster",fbalistreri@example.net,"East Vivienne",34,1986-05-24
"Miss Fanny Rolfson",marilou77@example.org,"West Sydneefort",73,2016-02-08
"Prof. Rollin Lowe",wschneider@example.com,"Lake Angelitatown",28,2015-07-10
"Rahul Barton",bernhard.jordy@example.com,"West Traceychester",18,2017-01-12
"Jose Gorczany",walter.veda@example.net,Townemouth,55,1993-05-24
"Mr. Charles Rosenbaum I",helen11@example.com,"New Dane",68,2003-02-28
"Mr. Americo O'Kon Jr.",paucek.hank@example.com,"South Tryciafurt",27,2000-08-23
"Celestine Rowe",kreiger.hudson@example.org,"South Alexandra",58,2014-08-20
"Dolores Medhurst",fermin12@example.net,Auerport,39,1991-10-08
"Genesis Barrows MD",antonia96@example.net,"East Lexus",74,2003-02-01
"Miss Madelynn Mills",bergstrom.abagail@example.com,"South Rita",75,1974-08-11
"Eusebio Zieme PhD",shayna.brekke@example.org,"East Bert",32,1999-02-24
"Mr. Orin Legros",elsie.terry@example.com,Moenfurt,49,1995-04-19
"Charley Vandervort",rempel.diego@example.net,"Lake Reggieside",71,2021-07-04
"Bernhard Block",wdicki@example.net,Maeganview,53,1970-09-25
"Lesly McDermott",marvin.danyka@example.com,Leliaview,58,1973-01-03
"Allie O'Connell",letha36@example.net,"North Trent",58,2004-08-03
"Lydia Schmeler Jr.",mitchell.zoe@example.org,Mistychester,52,1988-07-15
"Noelia Weimann",feest.bertram@example.net,Savionside,19,1972-01-08
"Prof. Isaac Doyle",muhammad75@example.org,Yundtborough,49,2019-03-08
"Candace Mann",johnathon13@example.net,Larkinberg,68,2006-07-13
"Presley McKenzie",hbins@example.com,"West Elise",84,2004-07-14
"Bethany Abernathy",suzanne.corkery@example.com,Katarinaberg,77,2007-12-29
"Mr. Xzavier Wintheiser V",toni.hintz@example.org,"West Josiemouth",35,1977-04-10
"Ian Haag",ykoch@example.net,"East Tremaine",18,1975-12-02
"Blanche Haag",miller.sylvester@example.net,"Port Maximillianton",68,2006-10-22
"Jaycee Kunde",mcclure.reina@example.com,"North Delberttown",37,2017-03-08
"Raleigh Luettgen",abailey@example.net,Shemarmouth,80,2005-10-08
"Mrs. Margaret Rath MD",jamir.kub@example.net,"North Cadenmouth",55,1993-04-10
"Edwina Marquardt",rice.leanne@example.com,"Port Damienton",57,1970-12-10
"Mr. Armando Zieme PhD",mertz.addison@example.net,"Lake Daytonport",46,2016-04-16
"Chasity Satterfield",germaine.hermann@example.net,"New Korystad",63,1971-11-10
"Ryder Glover",rath.margarete@example.net,Cormierstad,65,1989-08-26
"Daryl Keebler I",deon03@example.org,"Port Mollieland",82,1984-06-28
"Mr. Harrison Frami",pagac.brooklyn@example.com,"New Lavernton",47,2017-05-09
"Lorine Feest",bins.crawford@example.net,"New Kristofer",77,2001-03-04
"Kirsten Littel",qmckenzie@example.com,Andersonchester,73,2019-04-26
"Garret Kozey",waters.justice@example.org,"Port Jaunita",43,1978-09-08
"Dr. Anissa Stoltenberg PhD",obahringer@example.net,"Port Danaside",23,2001-09-20
"Maggie Goldner",tia.prohaska@example.org,"North Bufordport",65,2010-06-08
"Mrs. Joanie Legros MD",odouglas@example.net,"North Odiemouth",49,1999-11-26
"Prof. Elmer Senger",murray.shanelle@example.net,Kerlukeshire,50,2000-07-26
"German Emmerich",odessa.boyle@example.com,"East Moisesfurt",45,1970-01-09
"Novella Corwin",langosh.sasha@example.com,"North Grovershire",75,2003-05-04
"Estell Cummings",irwin.osinski@example.org,"South Emerson",30,1976-05-28
"Harmony Lesch",clemens.gutkowski@example.org,"West Jaren",63,2015-09-09
"Dr. Trenton Jast",carter.johnny@example.org,"East Aprilburgh",81,1979-06-22
"Ms. Patsy Turcotte",hgerhold@example.net,"Lake Frankside",70,1989-10-28
"Prof. Lavern Cassin Jr.",willms.delphine@example.org,"East Rosalynshire",37,1970-07-10
"Prof. Darius Fay V",brandt.schuppe@example.net,"New Americastad",55,1999-12-15
"Nico Cronin",nelda.grimes@example.com,Stellatown,82,2014-12-18
"Caterina McDermott III",bailey.alvina@example.com,"South Jameymouth",37,2024-04-01
"Ms. Vena Renner",belle.koepp@example.org,Myrtleside,80,1989-06-02
"Dr. Carolina Balistreri",roma.champlin@example.org,Taureanview,40,2015-06-15
"Anibal Rowe",alena.hermiston@example.net,Dalemouth,80,2019-08-22
"Elnora Sporer",iwalker@example.net,Addiestad,83,1987-02-11
"Dr. Madelyn Stanton",hhamill@example.net,"Port Susanatown",35,2007-05-07
"Ricardo Kris",buford60@example.org,Adammouth,53,1996-02-27
"Dr. Otilia Bogisich",angeline14@example.com,"South Athenaville",79,2015-01-30
"Ebba Boyer Sr.",sporer.troy@example.net,Rebekahtown,25,1970-06-29
"Dr. Miles Bayer I",hyatt.vernon@example.org,"Port Rorytown",56,1997-10-20
"Stanton Brekke III",kulas.trudie@example.net,Rhiannashire,28,1980-11-19
"Abelardo Reichel",trever.okuneva@example.org,"New Bradfordbury",52,2021-05-11
"Robyn Schaefer",greenholt.gerard@example.org,"Port Zachery",61,1996-02-14
"America Denesik",ivory.corkery@example.com,Orphaport,67,1970-01-15
"Ray Auer",qshields@example.com,Vincentberg,31,1981-02-15
"Adeline Marvin",oran10@example.net,"South Vicky",47,2002-12-11
"Mr. Elton Leuschke V",roberts.estell@example.net,"East Syble",55,1972-01-12
"Ezekiel Thompson",telly90@example.com,Swifttown,46,2015-07-18
"Hector Kunze",jwindler@example.org,"West Randal",53,2001-05-03
"Mellie Stamm",qwunsch@example.org,"North Edison",62,1988-08-14
"Pierce Kutch",berenice08@example.net,Runolfsdottirchester,32,2018-09-18
"Hermina Macejkovic DDS",krowe@example.com,"New Wallace",43,1982-06-19
"Thelma Jacobs",wshanahan@example.org,Langworthmouth,72,2011-02-15
"Golda Hegmann Sr.",brekke.annamarie@example.org,Mayertville,30,1983-01-01
"Louvenia Beier",alaina15@example.net,"New Sidmouth",28,1979-10-07
"Blaze King",kendra.mclaughlin@example.net,"New Sadiefurt",73,2024-06-08
"Monserrat Schaefer",wuckert.lloyd@example.org,"Port Vernie",43,1991-12-11
"Cathy Grady",schowalter.ara@example.com,Bahringerville,85,1995-08-20
"Brant Heller",retta47@example.net,"New Fletaland",63,2024-04-18
"Dr. Reggie Blanda",eritchie@example.org,Schimmelmouth,20,1995-07-12
"Mr. Nicholaus Herzog",webster59@example.com,"Port Yoshikostad",32,2018-07-13
"Maci Wisozk",xluettgen@example.com,"West Aubree",21,1999-01-05
"Mrs. Katrina Grady Sr.",lolson@example.com,"Port Hazleview",53,2019-11-13
"Eulah Kreiger",gladys06@example.com,Wardview,44,1980-10-11
"Prof. Boyd Mante MD",lakin.levi@example.org,Whiteborough,21,2013-01-14
"Mrs. Cassidy Daniel I",farrell.erling@example.com,"Lake Jessica",53,1983-08-25
"Grady Jaskolski IV",sgutmann@example.com,"Port Arianeville",82,2000-08-27
"Oswaldo Denesik",fbeatty@example.net,Ameliaberg,51,2021-07-30
"Tatyana Kiehn",tyler.yundt@example.com,Wildermanton,76,1971-03-05
"Dr. Elwyn Wunsch",hunter41@example.org,Wizastad,63,1980-02-08
"Kaleb Ziemann",dcrooks@example.org,Jazminside,60,2006-11-19
"Bennie Herzog",homenick.karlee@example.com,Jaylontown,47,2006-02-11
"Drake Herman",michel96@example.com,"East Elta",80,2005-05-05
"Kariane Runte Sr.",estevan.homenick@example.com,Hillsport,47,2008-06-16
"Prof. Roy Emmerich Jr.",amy.schinner@example.com,"East Abigailbury",28,1977-10-28
"Yvonne Blick",lyost@example.net,Talonmouth,25,1990-10-03
"Dr. Wilmer Walter II",witting.reuben@example.org,Franciscoberg,49,1995-09-30
"Damon Upton DDS",cesar89@example.org,"West Elenamouth",49,2006-04-30
"Rosario Watsica PhD",ellie.mcclure@example.net,Tannerchester,77,2009-07-15
"Gerardo Mosciski",brain.hand@example.org,Gorczanyville,46,2022-12-02
"Dayne Roob MD",howell.alf@example.org,"East Skyla",80,1982-09-14
"Dannie Heller",heath86@example.org,"West Winfieldton",22,2012-07-16
"Gudrun Will",adelbert.reichel@example.org,Giovannastad,23,1970-03-28
"Mrs. Lauriane Ledner",rice.esta@example.org,Zolaburgh,24,1981-05-31
"Magnolia Daugherty II",shyann.bayer@example.org,"Lake Aubreyview",32,2021-02-04
"Andreane Goldner",pbosco@example.org,Hayleetown,39,1995-01-26
"Chaim Harber",priscilla.predovic@example.org,Schaeferville,62,2005-06-25
"Marjory Carroll",justice70@example.org,Hirtheview,62,1995-06-14
"Mr. Armani Emmerich",ayla18@example.net,"Lake Lia",47,1978-03-23
"Bo O'Conner",betsy.bogan@example.net,"Lake Sven",30,1988-05-21
"Prof. Delpha Botsford Sr.",dianna.cassin@example.org,Leannonport,23,1980-01-13
"Kelley Hettinger",mgleichner@example.com,"North Richieshire",81,2024-04-16
"Scarlett Ondricka",amiller@example.com,"East Mona",32,1982-08-30
"Miss Cali Emard II",afton.gislason@example.net,"South Wilbertborough",58,2010-03-31
"Terrell Blanda",jherzog@example.com,Bashirianhaven,80,1973-03-23
"Saul D'Amore",elarkin@example.net,"New Abnerfurt",36,1991-09-12
"Kennedy Haley",marquardt.tess@example.com,Jazminview,26,2013-09-29
"Shania Jones",wiegand.bridget@example.net,Staceyland,51,1984-03-19
"Prof. Edgardo Gaylord",sgoldner@example.net,"South Joanaborough",61,1999-06-03
"Eveline Koss",jaunita07@example.com,"New Goldamouth",81,1994-01-06
"Prof. Desiree Hagenes I",wshields@example.net,"New Paoloside",36,1974-10-13
"Laury Tromp",destiny45@example.net,"West Liana",57,1994-07-24
"Agnes Johnston",coberbrunner@example.org,Thomasmouth,76,1979-07-15
"Dr. Ashtyn Abshire Sr.",garfield.kshlerin@example.net,Horacehaven,74,1984-07-22
"Rasheed Hickle",aric78@example.net,Jastchester,85,2002-03-13
"Cicero Hackett",troy.friesen@example.org,Millsmouth,84,2022-01-30
"Teresa Conn",bernier.amy@example.com,Cyrilton,28,2002-07-01
"Alyce Becker",travis.mcglynn@example.org,"Lake Ameliaport",22,1993-02-17
"Oral Hermiston",lhills@example.net,Nyahchester,64,1982-04-30
"Mr. Tyrique Schmitt I",cyrus.romaguera@example.org,Douglasville,37,1983-05-19
"Claudine Cremin",tracey.klocko@example.net,Freemanfurt,24,1987-09-18
"Brittany Yundt",angelica.morar@example.net,"West Christstad",46,2016-03-16
"Arely Padberg",kreiger.brandon@example.com,Hilpertview,37,1987-08-13
"Mrs. Amelie Crist",hermann.malinda@example.net,"Port Candaceton",25,1988-01-10
"Lavon Gutmann",hermann.diego@example.com,"West Josefa",59,2022-03-25
"Hermann Schuster DDS",hank08@example.com,"Lake Ludwigberg",51,1980-08-10
"Jamel Mann",powlowski.waylon@example.com,Wolffchester,44,1973-01-20
"Merle Paucek",florida.morissette@example.net,"New Weldon",54,1987-04-30
"Miss Zoie Will DVM",ukihn@example.org,Joelleberg,72,1980-03-28
"Bernice Littel",dee20@example.net,Hesterberg,64,1995-03-31
"Dr. Makenna Torp",anita.auer@example.org,"West Oleta",34,1976-06-11
"Shyann Jacobson",tremblay.tyrese@example.net,Waltermouth,34,1978-10-15
"Dr. Celestino Harvey",marvin.keshawn@example.org,Jarrellmouth,70,1989-03-24
"Mrs. Mariane Spinka PhD",marietta.romaguera@example.org,"East Westley",72,2003-12-20
"Mrs. Madelyn Effertz",trunte@example.com,Dellaside,44,1977-08-12
"Ms. Emilia Hane Sr.",hallie15@example.com,Rociostad,60,2023-04-04
"Dorothea Thompson",kshlerin.ronny@example.net,"East Eldridge",37,2012-05-03
"Vanessa Kutch",ubrown@example.net,Garretchester,71,2004-12-10
"Petra Quitzon",bernhard.emmalee@example.org,Hackettton,48,1976-08-11
"Wilmer Stark",lebsack.declan@example.com,"Port Estelshire",40,2011-04-16
"Aylin Smith MD",west.kathleen@example.net,Kochchester,68,2022-07-21
"Arvel Okuneva",dakota.schmeler@example.org,"Port Selenastad",31,2023-02-09
"Simone Smith",jadon.hane@example.net,Elvieland,70,2023-03-17
"Breanna Hodkiewicz",diego.hodkiewicz@example.org,"West Michale",44,2005-10-20
"Dr. Johathan Muller II",ejohns@example.net,Raeview,57,1987-04-03
"Cullen Daniel Sr.",ward.celia@example.com,Elouiseborough,36,1977-03-11
"Deon Collins MD",anne.gusikowski@example.org,"Lake Orlo",75,2017-08-14
"Humberto Hauck",ova.gutmann@example.com,"Port Henrietteshire",39,1983-08-27
"Prof. Elbert Brakus",flatley.lexus@example.org,"East Forrestshire",41,1990-04-01
"Krystel Goodwin",maeve.harris@example.com,Maxstad,48,1987-04-13
"Eldon Lindgren",kyra16@example.net,Freedachester,57,1988-01-15
"Mr. Josh Corkery",davis.michaela@example.org,"West Ara",42,2001-07-22
"Clint Schimmel",melyna.king@example.org,Samsonland,36,2006-02-06
"Alvah Herman",lkohler@example.com,Lefflerborough,22,1999-01-11
"Kenyatta Smitham",qsmith@example.org,Reingermouth,25,2014-11-20
"Ryann Spencer",schneider.samantha@example.net,"West Abigaletown",82,1986-09-13
"Aracely O'Kon",leda.fritsch@example.org,"North Dougmouth",22,1975-04-23
"Stephon Little DVM",rempel.orie@example.org,"New Claudineport",41,1999-08-05
"Lewis Haag Jr.",arlene65@example.net,"Port Nakia",24,2016-09-02
"Neha Monahan",weimann.lacey@example.org,Johnsonhaven,23,2011-10-11
"Ms. Leola Wiza III",reid.greenholt@example.org,Efrainport,81,2000-12-07
"Prof. Bernadine Strosin Sr.",renner.demetris@example.org,"Lake Antoniettahaven",51,2015-01-07
"Ms. Bernadine Stracke V",aracely.barton@example.net,Kubland,23,2023-01-04
"Prof. Wilson Morissette",carroll.westley@example.org,"South Elza",36,1988-01-29
"Terrell Von",max.corwin@example.org,"New Kristoffer",79,2018-08-11
"Gideon Johnson",mack45@example.org,"North Kristian",32,2023-11-06
"Eloise Doyle I",sipes.felicia@example.com,"West Frederick",34,1976-11-01
"Ms. Hilma Beatty",vicenta.hills@example.com,Simville,70,2023-06-29
"Mrs. Margaret Heathcote V",alexandra61@example.net,"North Brockfort",49,1982-11-15
"Cali Luettgen",elna52@example.net,"New Toyfort",79,1982-11-29
"Jaylin Johns",cortney30@example.com,Schimmelstad,62,1972-09-18
"Verna McDermott",bauch.myriam@example.org,"Port Johnson",57,2009-10-06
"Wade Kuhn",gaylord.lavinia@example.net,"Port Tracefort",18,1999-04-26
"Evan Nitzsche",laverne37@example.org,Michelhaven,42,1994-06-09
"Candido Gaylord",sjohns@example.org,"West Hughfurt",69,1973-11-25
"Ms. Amara Berge PhD",effertz.elmo@example.com,Roslynfurt,76,1977-11-24
"Mrs. Clarissa Boehm I",rempel.elmo@example.net,Cassieton,56,2014-02-15
"Annabel Cronin",kellie.mosciski@example.org,"Lake Elian",79,1989-01-12
"Anastasia Muller",stoltenberg.terence@example.com,"South Elsemouth",67,1981-11-09
"Reymundo Wehner Sr.",rhoda.treutel@example.com,"West Gilda",59,2014-01-08
"Queenie Cormier",fstreich@example.com,Everettburgh,40,1998-07-21
"Prof. Hassie Schmitt DVM",trinity.frami@example.org,"Port Maryamport",28,1998-03-20
"Elinor Raynor",dangelo94@example.com,O'Connerfort,54,1984-08-04
"Mrs. Aaliyah Osinski MD",jaleel84@example.org,Misaelshire,39,1972-05-17
"Mr. Mike Will Jr.",braeden91@example.org,"South Edwina",61,1989-06-01
"Isidro Gorczany IV",yleffler@example.net,"North Anna",52,2017-04-22
"Miss Francisca Shanahan DVM",elouise.weber@example.com,"Lake Aron",74,2001-08-08
"Bernadine Kassulke",marc35@example.org,Kadenview,76,2001-11-18
"Mariah Paucek",emmitt34@example.org,Dickiborough,22,2012-01-07
"Mr. Afton Bosco DVM",brant.becker@example.com,Collinsville,24,2009-06-24
"Mr. Rasheed Kling DDS",leonor.sipes@example.net,Laneyville,80,1995-01-03
"Therese Cronin",amonahan@example.org,"East Delbertbury",29,1978-08-03
"Bernita Cartwright III",ohara.orland@example.net,Waltonmouth,24,2005-04-01
"Evie Stehr",walker.mariam@example.org,Okunevamouth,53,1987-06-14
"Dr. Charley Ruecker",stewart57@example.net,"North Israel",60,1985-05-14
"Raven Becker",paula.aufderhar@example.net,Heathcoteland,35,1973-07-12
"Abbey Bayer",dpollich@example.org,"East Finn",28,2003-05-03
"Gerardo Schumm",daugherty.robert@example.org,"West Christelleview",52,2015-01-07
"Toney Klein",scottie51@example.com,Marcellashire,38,2007-10-22
"Liza Okuneva",rreichel@example.net,"West Troytown",39,1996-05-21
"Carmella Von",dwalsh@example.org,"West Abagail",72,1993-12-11
"Nina Koss Jr.",ffay@example.com,Orinview,58,2015-01-26
"Annabelle Hermann DDS",streich.skye@example.org,Gideonview,83,1995-08-25
"Danny Kessler",leuschke.nicholas@example.com,"Port Tanya",81,1984-07-28
"Prof. Marvin O'Conner",sbogisich@example.com,Schuppemouth,36,1979-08-22
"Daron Fay II",rudy.hintz@example.net,"New Lucioland",58,2002-07-27
"Peyton Murazik",chowell@example.com,Rickeyton,63,1991-09-17
"Oleta Kihn",rcrona@example.net,"New Myah",51,2012-02-09
"Darien Kulas",lakin.elissa@example.org,"Port Carolyneland",50,1991-06-27
"Lonie Gutkowski",zulauf.izaiah@example.net,Beertown,35,2023-05-26
"Ms. Britney Balistreri",pagac.amely@example.com,Kadeville,30,1999-05-17
"Jamal Hickle",ryan.jettie@example.com,"East Sigridberg",31,2013-08-18
"Ms. Elza Dickens",duncan60@example.com,"Lake Marjolainebury",21,2020-08-23
"Mr. Eliseo Larkin DVM",hayley15@example.com,Sauerville,26,2024-09-12
"Katrine Pollich I",lmoore@example.net,"South Fredyfurt",39,1999-11-24
"Ms. Pasquale Little",kristy.dare@example.net,Thompsonton,52,1993-07-02
"Daphnee Abbott",aaliyah.mclaughlin@example.org,Schimmelland,53,1973-12-31
"Bernadine Wilderman PhD",ftorphy@example.com,"Lake Keelyton",68,2003-11-05
"Rosario Breitenberg",gregory.mann@example.net,"East Berylburgh",25,1978-05-21
"Prof. Nayeli Kuhn Sr.",shields.trent@example.com,"West Isidro",69,2024-12-19
"Prof. Elliot Windler",gerardo99@example.com,Violetview,71,1997-10-27
"Nona Becker PhD",achamplin@example.com,Aureliefort,18,2012-08-31
"Mrs. Elsie Sauer",elise.leuschke@example.com,"West Dwight",44,2023-12-17
"Dante DuBuque",qmoen@example.org,Faymouth,80,1973-02-20
"Violette Powlowski",stewart65@example.org,Juliannefurt,21,2008-12-16
"Serenity Parker",vcollins@example.org,"East Camron",22,2004-12-25
"Mrs. Carmen Kertzmann DVM",torp.verda@example.com,Treutelfort,72,2009-05-27
"Jaunita Rowe",ookeefe@example.org,Pagacchester,84,2001-09-01
"Luther Moen PhD",cecil.stark@example.org,"Lake Phyllis",79,1989-08-05
"Ms. Britney Trantow V",runolfsson.lyla@example.org,Smithshire,58,2024-01-03
"Leila Labadie MD",lind.carolyn@example.org,"East Cedrick",23,1989-04-18
"Carson Jacobs",tyreek29@example.net,Kunzemouth,20,1995-10-20
"Arturo Hansen",summer.schaden@example.net,"East Dannyside",32,1988-01-06
"Mrs. Edyth Ryan MD",nicklaus.sporer@example.org,Pacochaview,67,1987-05-27
"Theodore Ratke",bell.king@example.net,"South Bryana",73,1979-11-07
"Mrs. Tania Quigley",fbins@example.com,"East Malliemouth",61,1994-09-14
"Miss Makenzie Lockman PhD",frami.norwood@example.org,Whitneyfort,83,1979-09-24
"Jimmy Buckridge",warren85@example.com,Klockofurt,59,2002-01-27
"Glenna Pollich",usteuber@example.net,"West Willow",74,1980-05-24
"Kaela O'Keefe MD",qnienow@example.com,"Port Annamarie",37,1997-02-21
"Brooks Osinski",bogisich.lora@example.net,Carlieborough,60,2003-10-27
"Obie Hansen",elizabeth29@example.com,Yostmouth,40,2003-02-01
"Dedrick Gorczany",cgerlach@example.com,Ferrybury,51,1987-03-14
"Raoul Durgan Jr.",nschmidt@example.net,Christinafurt,37,1989-05-31
"Hillard Abbott",kuvalis.hermina@example.org,Abernathyfort,38,2022-10-07
"Prof. Noah Reichel",dmraz@example.org,"South Gerhardton",24,1991-11-09
"Claudie Stroman",camden.murray@example.net,"Lake Myrtie",64,2019-09-09
"Fernando Cole",clair42@example.com,Predovicbury,57,1988-06-21
"Dr. Alize Hauck MD",hudson.judah@example.net,"East Brooke",48,1991-05-20
"Monica Mueller",ziemann.leola@example.net,Jonesmouth,50,2015-06-21
"Alphonso Wiza",nvon@example.com,Thielhaven,40,2014-09-06
"Darrion Schaden",maggie91@example.net,"West Mateofort",27,2024-09-02
"Bettie Prosacco",mberge@example.org,"Port Madisonburgh",61,1971-03-28
"Lula Dicki",alowe@example.org,Emieborough,29,1998-05-01
"Marcella Bednar",shawna27@example.org,Friesenmouth,52,2006-07-21
"Okey Price",connelly.janae@example.org,"New Alberta",27,1990-05-30
"Marianna Kilback",kaelyn15@example.net,Feestport,80,1974-02-10
"Tate Stoltenberg",gfay@example.net,"Port Bertstad",57,2010-05-21
"Alena Haag",cconn@example.com,Raumouth,45,2014-11-21
"Emmy Howe",rose25@example.com,Lemketown,21,2004-07-27
"Mable Hickle",lakin.clara@example.net,"East Verner",63,1975-10-25
"Dominic Hamill",sadie.hartmann@example.org,"South Albertoton",44,2002-04-21
"Addie McKenzie",gusikowski.julia@example.com,Ashleyhaven,84,2011-01-14
"Miss Mabelle DuBuque PhD",lesch.breanna@example.com,Kiehnchester,62,2020-01-12
"Prof. Doug Hettinger Sr.",nikita.kohler@example.net,"North Terrillstad",75,1987-09-14
"Orville Price",lucio77@example.net,"West Danialland",20,2020-03-19
"Prof. Murphy Jenkins PhD",oconnell.lina@example.com,Vadafurt,27,1992-09-09
"Bettie Jakubowski I",luna.bernhard@example.net,Schroederfurt,23,1998-08-22
"Prof. Eulalia Kuphal",leta.lehner@example.org,Laviniaberg,20,2016-03-05
"Bennett Dooley",darrick.hintz@example.net,"East Marioberg",34,1982-12-22
"Larissa Feil",kamren.olson@example.org,"New Alexandreaville",34,1993-06-10
"Kristian Mayert",richie.bode@example.org,Giuseppetown,51,1977-04-06
"Anne Rohan MD",nkonopelski@example.net,Rathmouth,26,1972-07-16
"Dr. Jameson Ernser I",corbin58@example.net,Filomenaport,71,1973-11-10
"Prof. Lisandro Huel DVM",elsa.fritsch@example.org,"South Simeon",75,1970-10-11
"Miss Alexane Hamill",vconsidine@example.net,Heidenreichstad,74,1988-09-28
"Liliana Lowe I",raphaelle.ziemann@example.org,"New Hailee",32,1991-07-06
"Leatha Terry",vbraun@example.org,"New Eusebio",75,2017-02-24
"Ms. Lelah Beier II",bonita.mayer@example.net,"North Alba",41,2013-06-18
"Dr. Pansy Mohr II",fmueller@example.org,Brooksberg,39,1981-02-22
"Brandy Hartmann",reichel.matt@example.net,"South Dorthy",39,1975-06-03
"Aliyah Mayer",jared18@example.net,"East Jazlynville",56,1974-08-03
"Prof. Delaney Schaefer IV",carlo80@example.net,Albafort,67,2004-02-12
"Ms. Madge Sporer II",dkoepp@example.com,Mannville,67,2015-01-23
"Zora Leuschke",runolfsdottir.tiana@example.net,Walshstad,65,2020-12-10
"Kevon Crona",gaufderhar@example.net,"North Delia",76,2018-03-15
"Raegan Pollich",elizabeth02@example.net,"South Kevinberg",65,1973-06-12
"Bailey Johnston V",grimes.laurie@example.org,Abshiretown,45,1998-10-08
"Milford Feeney",tsauer@example.org,Eldredport,19,1998-05-27
"Prof. Obie Pagac",lemke.murray@example.org,"South Carmine",84,2002-11-18
"Prof. Granville Bernier",gibson.ulices@example.org,"West Dolores",57,2008-04-02
"Kara Cormier",nschiller@example.org,"East Katelinport",58,2010-05-01
"Prof. Rollin Swift II",finn.bauch@example.org,Amaliaport,60,2011-06-22
"Emmett Hoeger DDS",lgreenholt@example.com,Katelinville,18,1989-04-24
"Collin Hickle DVM",demond.rogahn@example.org,Runolfsdottirville,52,2022-03-24
"Virginia Robel",maye87@example.net,"South Elyssaland",85,1983-10-15
"Orpha Graham",ellen.kunze@example.com,Bergechester,36,2008-04-09
"Jonatan McLaughlin V",tamara80@example.org,"South Brittany",57,2021-10-09
"Franz Gerlach Jr.",fkerluke@example.net,Dooleyland,38,2019-01-26
"Maximillia Davis",mdickinson@example.org,Sandrineshire,52,2016-11-05
"Jevon Gorczany",zechariah.balistreri@example.org,"East Shaniaberg",38,1975-01-19
"Kira Jacobs",ova.vonrueden@example.org,"Lake Elfriedaside",41,2012-06-02
"Maegan Collins",george.gleason@example.net,"East Blancabury",62,2007-03-18
"Clifton Langosh",towne.esperanza@example.net,"Port Winfield",45,1987-02-16
"Mr. Jennings Bechtelar Jr.",monica.stoltenberg@example.com,"East Aurelio",69,2018-02-02
"Mr. Baylee Wilkinson III",zora.kling@example.net,Collinsfurt,55,1986-08-17
"Prof. Adah Douglas III",keaton01@example.net,Margiemouth,68,1996-05-27
"Noemy Corwin",xcronin@example.org,Hallestad,53,1987-01-23
"Prof. Gage Stehr V",pdavis@example.com,"North Elsie",38,1972-10-02
"Ms. Kirsten Steuber",vergie.stracke@example.net,Hildegardbury,37,1995-07-15
"Ubaldo Schaefer V",perry03@example.org,"New Gabestad",52,2009-01-30
"Catherine Prosacco III",orville.cruickshank@example.org,Elmiraville,64,2021-10-05
"Kaylah Rippin",ariel.daugherty@example.org,"South Saulport",65,1994-09-20
"Ms. Stacy Mills V",grath@example.org,Murphyborough,50,1987-06-03
"Eryn Keeling",adell.tromp@example.net,Haneberg,21,2008-11-15
"Dr. Dorothea Hudson",wunsch.diamond@example.net,"South Lizzie",67,1989-08-18
"Baron Hahn",legros.kari@example.com,Smithamview,36,2011-11-12
"Olin Medhurst",tatum.deckow@example.net,Josiahstad,27,2000-04-29
"Annabelle Kautzer",sophia38@example.net,Hyattborough,83,1997-02-20
"Velva Tromp",hilton06@example.com,Eudorahaven,77,1998-06-23
"Stone Schuppe",aurelio.mann@example.net,"South Issacton",49,2011-08-26
"Prof. Ferne Padberg",lazaro67@example.com,"New Jerrellmouth",69,1990-04-03
"Talia Dooley",qgislason@example.org,"Port Arianemouth",70,2003-03-22
"Austen Bartell V",oblanda@example.org,Daughertyton,85,1979-03-19
"Gerry Abshire",hilpert.madie@example.net,Nitzscheport,45,1978-04-10
"Dovie Kerluke",pasquale.blick@example.net,Ryderville,23,1986-04-14
"Christiana Corkery",skuhic@example.org,"North Grantton",40,1989-03-10
"Valerie Dare Sr.",dbotsford@example.net,"Port Alejandrashire",54,1992-07-19
"Rosalee Wolf MD",ulynch@example.com,"Port Jessicaville",27,2018-05-02
"Ms. Cortney Veum",feeney.declan@example.net,Willburgh,68,1972-11-09
"Liam Hammes",emely16@example.net,"Lake Anibal",75,1983-09-11
"Prof. Ewell Heaney",yost.breanne@example.com,O'Harabury,85,2004-08-05
"Ryleigh Yost",micaela49@example.org,"South Yasmeenstad",38,1993-02-28
"Aliyah Renner",tatyana96@example.net,Einoborough,27,1994-05-23
"Ronaldo Prosacco",vonrueden.trystan@example.net,Yesseniamouth,62,1987-11-15
"Tianna Lehner",zwalker@example.net,"South Ressie",66,2002-07-22
"Thaddeus Conn",mya68@example.com,Samanthaport,73,1987-04-29
"Vinnie Spinka",bauch.estevan@example.com,"South Kathryne",22,2023-05-05
"Arvel Johns",jast.beverly@example.com,"Port Adamborough",35,2017-05-28
"Hilario Crooks",uwalter@example.org,Treutelton,62,1972-01-01
"Prof. Cristopher Stanton I",rau.conrad@example.com,"North Nicolafurt",71,1976-01-30
"Darrick Quigley",gaylord32@example.com,"New Chelsey",50,1999-04-13
"Edmund Purdy",mohammad24@example.net,Littelborough,35,1999-01-19
"Dr. Kade Bruen",whayes@example.org,Maryburgh,72,1972-03-24
"Elinor Terry",kendall59@example.org,"East Urielfort",41,1994-03-26
"Shakira Kautzer DVM",daniella94@example.com,Cheyennestad,21,2004-10-01
"Fritz Aufderhar",huels.aimee@example.com,Gislasonberg,27,1991-02-15
"Jude Erdman",winfield87@example.net,"Lake Shaniya",44,2010-06-22
"Jodie McLaughlin",anabelle67@example.net,Annabelleshire,36,2010-03-31
"Kurtis Kertzmann V",wuckert.jevon@example.org,"North Mertie",82,1990-06-24
"Mr. Rickie Lesch II",collier.vesta@example.org,Carolynside,59,2020-11-18
"Esta Leffler PhD",zrowe@example.org,"Port Royburgh",37,1986-06-14
"Jorge Klocko",walton.rempel@example.net,"South Caterinaburgh",34,1989-08-21
"Dr. Alexandra Shields",justyn.mann@example.com,"Lake Raulville",44,1999-01-15
"Mrs. Yessenia Little DVM",nona.hintz@example.org,"East Pinkiemouth",65,1976-08-15
"Stephania Schroeder",dock.berge@example.net,"South Oniebury",81,2005-11-17
"Duane Vandervort DVM",renner.jedidiah@example.net,Bergnaumtown,56,1991-08-22
"Antonina Mann",velma51@example.net,"New Trycia",76,1970-04-21
"Roy Parisian",conner.bogan@example.org,"North Elmer",85,1993-08-04
"Prof. Lisandro Hudson",hkoch@example.org,Pamelahaven,32,1992-10-22
"Bianka Connelly",cdeckow@example.org,"New Jonas",68,1991-09-03
"Jena Collins",michele.daniel@example.org,Hegmannville,61,2019-11-05
"Francesco Altenwerth",tierra83@example.org,Gwenstad,67,2005-06-07
"Jeanette Ratke",dolores51@example.com,"South Sylvanstad",37,1977-09-19
"Brisa Connelly",jaden17@example.org,Mannhaven,51,2024-05-10
"Michel Kreiger",deckow.cecil@example.net,Collierchester,76,1993-04-25
"Margie Thompson",marcos.rippin@example.net,"South Kasandra",69,1999-10-04
"Minnie Hettinger",bartoletti.chandler@example.org,Evalynhaven,57,2021-09-21
"Joyce VonRueden PhD",alvera73@example.com,Ewaldside,37,2018-02-09
"Helga Runte",ggrady@example.com,Eulahmouth,61,2009-04-22
"Marquise Moen",gdach@example.net,Millerview,57,1986-06-20
"Dr. Abby Dibbert PhD",welch.alexa@example.net,"Lake Ursula",21,1980-12-28
"Immanuel Stark",zoila11@example.com,Pagacburgh,47,1996-03-16
"Mr. Chauncey Kling DVM",tanya.hodkiewicz@example.com,Jannieborough,40,1990-06-02
"Wilburn Beatty Jr.",ybartell@example.net,Cronatown,62,2019-09-08
"Amparo Breitenberg",pdoyle@example.com,Burniceberg,33,1987-09-28
"Prof. Curt Toy",lauretta29@example.com,Fadelhaven,31,1972-10-19
"Anastacio Runolfsson",oryan@example.com,"North Magdalen",42,2022-09-22
"Elenora Hodkiewicz",maximilian95@example.org,Lelaberg,26,2009-12-12
"Marjory Krajcik",lesch.name@example.net,"South Lailafurt",42,2023-05-08
"Spencer Zemlak",angelita.reichel@example.net,Blancaton,67,2008-06-29
"Joanie Kessler",janice15@example.org,"East Rebamouth",48,1998-10-10
"Colby Stamm",daron22@example.org,Connland,39,2018-07-16
"Nathen Blick",hannah.murazik@example.org,McCulloughborough,76,1999-09-20
"Lydia Macejkovic",dawson89@example.org,Estelchester,46,1985-03-11
"Hudson Erdman",dschuster@example.com,Raulstad,34,1986-01-11
"Mr. Victor Schiller I",leuschke.rachel@example.org,Corinestad,44,2024-10-29
"Mrs. Jewell Ziemann",marian.hegmann@example.org,"Port Camrynshire",27,2014-02-05
"Nona Abbott DDS",leonard.osinski@example.com,Bradtkeburgh,32,2010-03-14
"Kitty Conroy",blanda.bret@example.com,"West Eulaliastad",74,2020-09-30
"Kennedi Murazik",purdy.earnestine@example.net,"West Carolanne",26,1993-11-03
"Mrs. Zoila Okuneva V",pacocha.treva@example.org,Justineburgh,32,1980-09-01
"Berneice Jakubowski",mayert.name@example.net,"Lake Thereseborough",82,1985-05-07
"Bette Christiansen MD",von.otto@example.org,Hegmannshire,64,2002-01-06
"Ian Kutch",afahey@example.com,"Port Bettie",45,1979-11-02
"Brennon Watsica",carter.jaime@example.org,"Lake Parker",73,1987-04-13
"Alek Ankunding I",dusty03@example.org,"Port Shirley",35,1973-02-01
"Sophia Connelly",daren.armstrong@example.net,"North Cortneymouth",82,2009-08-21
"Dr. Colleen Anderson",vickie53@example.com,"New Lera",29,1991-12-06
"Miss Darlene D'Amore",dgusikowski@example.com,"New Margietown",26,1998-01-25
"Camron O'Conner",cornell87@example.net,"North Saraiton",71,2020-12-02
"Kiarra Funk",efranecki@example.com,"South Omariburgh",37,2002-07-05
"Michele Barrows",pattie.schmidt@example.org,"Port Aleneberg",19,2001-01-22
"Dr. Terrence O'Connell MD",winnifred19@example.com,Bradtkeborough,19,1994-12-10
"Gisselle Lang",hanna47@example.net,Jabaristad,72,1983-06-14
"Laurine Bogan DVM",koss.abner@example.org,"Port Greta",51,2009-11-20
"Libby Bruen",rath.ernesto@example.net,"New Salmachester",43,1987-08-22
"Magnus Hessel",kaitlyn.windler@example.net,"Port Andreannechester",25,1995-02-08
"Mariam Kshlerin",uorn@example.org,"West Mohammedmouth",29,1987-03-19
"Gustave Rowe",jeromy03@example.com,Kunzetown,51,2018-04-16
"Mohammad Hegmann",nitzsche.rupert@example.com,"Port Yasmin",48,1995-08-11
"Jacinthe Von",wschultz@example.org,"Lake Kasandra",60,1977-02-04
"Lorine O'Keefe",lewis11@example.net,Cathrineburgh,37,2014-03-02
"Dr. Garnett Crist MD",lilyan.schneider@example.org,"Port Marcelina",64,1970-02-17
"Hermann Collins PhD",watsica.ferne@example.com,Bogisichside,38,2003-12-20
"Leonor D'Amore",fae.leuschke@example.com,Pfefferburgh,80,2015-07-14
"Prof. Lane Collier",krajcik.maggie@example.com,Orinstad,40,2007-06-10
"Porter Schiller",libbie24@example.net,"Lake Jaidaburgh",35,1997-01-11
"Lennie Rath",veum.max@example.com,Marksshire,42,2020-06-18
"Ms. Jodie O'Conner I",beier.gregoria@example.com,Nicklausberg,75,1974-09-17
"Edgardo Barrows Sr.",helene58@example.net,Aaliyahport,77,1973-01-03
"Vernie Medhurst",zwilderman@example.net,Pearlbury,75,2011-10-01
"Prof. Marilie Hoppe",qschmidt@example.net,"Port Nicholaus",34,1976-11-28
"Dr. Verdie Crona I",marks.mack@example.org,"Lake Tyresemouth",39,2004-04-09
"Leonie Walsh",morissette.mustafa@example.com,"North Jasen",36,1988-07-08
"Uriel Schowalter I",koby.donnelly@example.net,"West Alenastad",66,2021-08-06
"Beulah Runolfsdottir",rae.wehner@example.org,Romanbury,65,2019-02-27
"Hailey Raynor",cfritsch@example.net,Berniceborough,69,1996-07-04
"Makenna Kub I",reece84@example.org,Deckowbury,37,1976-09-09
"Shanna Ruecker MD",murphy.darren@example.net,"New Daishastad",36,1976-11-26
"Miss Kariane Shanahan II",renner.lauren@example.com,"New Maximilianfurt",68,2003-08-08
"Adah Runolfsdottir",davis.hilton@example.com,Aliyaberg,56,1984-08-16
"Prof. Cornell Lubowitz I",hermann.jaquan@example.com,"South Waldo",46,1974-08-25
"Prof. Cloyd Nicolas",wcrona@example.org,"Lake May",49,2011-10-07
"Cleo Schuppe",viola.farrell@example.com,"West Friedachester",61,2024-06-06
"Kiana Oberbrunner",schaden.chadrick@example.org,"West Desiree",79,2010-10-22
"Eulah Rutherford",lulu48@example.net,Pourosmouth,42,1970-06-11
"Gerardo Okuneva DDS",mmuller@example.net,"East Darrick",78,2023-11-19
"Jay Stracke",kenya26@example.net,Thielmouth,43,2006-12-20
"Jean Schumm",bgleichner@example.org,Nickolasburgh,19,1971-04-21
"Pearlie Keebler IV",fbeatty@example.org,Maggioview,82,1980-06-21
"Coty McKenzie Sr.",vohara@example.net,Keeblerport,52,2011-10-26
"Carolyne Hayes PhD",bprice@example.org,Weissnatton,68,1972-12-15
"Lisa West V",kadams@example.com,Jonesland,25,1987-05-10
"Leo Johnston Sr.",waters.sylvan@example.org,"Lake Dandre",49,1998-10-17
"Dr. Easter Ward",langosh.selina@example.com,Howechester,45,2021-02-12
"Dewayne O'Keefe I",kyler23@example.com,"New Ona",49,1971-04-18
"Herminio Breitenberg",francisco95@example.org,"New Jaleelside",53,2020-05-29
"Angelo Watsica",vcummerata@example.com,Fionaton,40,1990-03-08
"Mr. Floy Wiza",stanton.nolan@example.net,Wilhelmineview,59,1986-02-01
"Janice Ortiz",ebahringer@example.org,"East Helenaberg",75,2023-04-14
"Aleen Gerlach",daugherty.angeline@example.org,Eltonshire,23,2019-01-14
"Herbert Heaney",bernice08@example.org,"New Britney",58,2013-11-24
"Laurine Watsica",angelo.carter@example.org,Rodriguezshire,83,2022-03-09
"Jaleel Koepp",stefanie07@example.net,Johnsfort,63,1985-12-03
"Burnice Christiansen",junior36@example.net,Ryannberg,68,2018-04-18
"Malachi Ward",enid.shields@example.org,"North Natalieview",36,1984-05-27
"Mrs. Lura Steuber MD",vdicki@example.com,Kutchmouth,45,2009-08-24
"Melyna Ruecker",kimberly61@example.com,"West Rhiannaville",80,2021-05-31
"Uriel Jakubowski",stroman.barrett@example.org,"South Devyn",56,2008-12-11
"Melyna Tremblay",crona.hannah@example.com,"Lake Crawfordchester",75,1996-08-06
"Selmer Ryan",margret60@example.com,Percivalhaven,42,1988-01-04
"Nichole Rosenbaum",iberge@example.com,"South Hulda",83,1992-12-08
"Prof. Pete Bechtelar II",iohara@example.net,Emardfurt,30,1987-09-30
"Ms. Araceli Upton",jacobi.jess@example.com,Weissnatchester,40,2014-07-27
"Emely Morar",jklein@example.org,"Lake Monty",60,1973-08-30
"Dr. Cassandre Raynor",adan.abernathy@example.net,"Lake Darianaside",55,1981-10-30
"Daron Crist",glover.cullen@example.org,Kshlerinmouth,26,1989-07-21
"Dr. Sylvester Kozey",colby.adams@example.com,"East Trinity",75,1979-03-19
"Prof. Velda Quigley MD",hoppe.brielle@example.com,Isommouth,36,2016-06-03
"Prof. Katelynn Willms IV",wbeatty@example.com,Schaeferville,29,1979-11-23
"Izabella Raynor",eda89@example.net,"North Robertaview",49,1984-11-02
"Tomas Casper",zwhite@example.net,"Port Raquel",24,1971-07-19
"Glen Harris",hilpert.garett@example.org,Osinskiview,65,2014-02-15
"Celine Blanda Jr.",zkihn@example.net,Prohaskamouth,75,1983-06-20
"Abner Connelly DVM",adooley@example.org,Cronaville,69,1982-10-03
"Prof. Faustino Stiedemann MD",brendon84@example.net,"West Athena",40,2008-02-22
"Prof. Madisen Kuhlman MD",jack.stark@example.com,Heidenreichborough,69,1991-11-16
"Gracie Rempel",qschowalter@example.net,Strosinfort,45,2022-08-28
"Ignacio Fadel PhD",glover.marlee@example.net,"East Margarette",23,2000-04-22
"Mr. Lennie Lemke Sr.",rico82@example.com,Toyville,81,2019-03-11
"Ruben Barton",nader.karson@example.net,Breitenberghaven,34,2011-04-09
"Kale Stracke",chester87@example.net,"Lake Allan",54,1979-04-26
"Wanda Bayer MD",tressa23@example.org,"Lake Wainomouth",74,2011-12-04
"Cielo Schowalter",adonnelly@example.org,Sauerside,49,1989-09-22
"Hassie Rau V",olabadie@example.net,Delbertshire,37,2018-08-03
"Jodie Zboncak",polly.gleichner@example.net,Edwinchester,73,1999-02-09
"Fannie Hills",jast.keagan@example.com,"North Genevieve",57,1978-08-26
"Lester Bernhard",kling.stanford@example.org,Cierramouth,18,1977-07-03
"Mr. Waylon Johnston IV",elza58@example.org,"Lake Neal",80,2013-08-12
"Nyah Mills",kmccullough@example.net,"East Karley",48,2003-07-13
"Dahlia Leuschke",quigley.rosalia@example.org,"East Emeliatown",25,1971-02-23
"Noel Kihn",ohamill@example.net,"East Ola",81,2013-10-12
"Damaris Bechtelar",block.gabrielle@example.org,Larkintown,31,2012-04-09
"Jarrett Nienow",dibbert.dawn@example.net,"North Lestermouth",20,2012-09-29
"Stephanie Bosco III",martine.borer@example.net,Caroleton,43,1975-12-24
"Humberto Abshire",rigoberto.rippin@example.com,"East Wendellville",44,1998-03-28
"Al Grimes",larson.destin@example.net,Leolabury,34,1980-09-11
"Elfrieda Gutkowski",jaren.buckridge@example.org,Saraiborough,75,2004-02-17
"Ahmed Gusikowski",johns.laisha@example.net,"New Gianni",51,1989-02-13
"Miss Izabella Schumm II",alexandro83@example.org,Lewtown,44,2008-11-18
"Miss Genevieve Bergnaum Sr.",corkery.eleanore@example.com,"East Rhiannonfurt",75,1982-07-11
"Kellie Hagenes",iarmstrong@example.com,Constancetown,18,1987-12-26
"Alford Grant DVM",erika20@example.com,Kleinview,18,1993-11-01
"Prof. Selmer Dicki II",kdenesik@example.com,"East Delfina",19,1982-01-20
"Kara Emard",hzulauf@example.com,Barrowston,58,1997-04-24
"Prudence Hand",manuel22@example.net,Weimannfort,40,1979-01-17
"Nathen Kub",art63@example.org,"South Juliet",76,2007-01-15
"Finn Bergnaum",klarson@example.net,"West Janie",71,1997-01-25
"Icie Yost III",kari63@example.net,Littelchester,62,2015-02-25
"Jameson Goldner",ecummerata@example.com,Traceyburgh,65,1980-07-22
"Dakota Beier",ullrich.lisa@example.org,"New Aniyaburgh",38,2007-08-30
"Marques Wisozk",oreichel@example.com,Janessamouth,45,1999-09-12
"Mrs. Audrey Carroll",abatz@example.org,Asaland,56,1974-05-08
"Nikki Denesik",ziemann.marcella@example.org,Beattystad,70,1996-08-16
"Major Haley I",mcdermott.ramon@example.org,"East Patience",71,2016-11-25
"Ms. Jody Homenick Sr.",dubuque.eldora@example.net,"New Clara",79,2010-04-08
"Dr. Tracey Klein",mkris@example.com,Kozeyshire,31,2011-06-03
"Rita Bernier",marlene.ullrich@example.net,Hagenesfurt,39,1976-09-01
"Lindsey Walter",xlemke@example.org,"West Amya",40,1982-07-03
"Ilene Bradtke",aidan.cruickshank@example.org,"West Earnestinestad",19,1982-03-26
"Dovie Kohler",jody.rice@example.com,Jaydamouth,20,1978-08-16
"Dr. Peter Rau DVM",nikki.reilly@example.net,Heidenreichborough,83,2014-08-21
"Miss Mia Okuneva",berdman@example.org,Tommieview,78,2013-08-05
"Prof. Mitchell Hauck",velma00@example.net,Germanland,82,1977-07-24
"Mrs. Candida Nikolaus IV",dorian96@example.org,Cristobalmouth,78,1995-09-02
"Miss Sarah Marks DVM",murphy.wisozk@example.org,Carolynetown,79,2022-11-10
"Dr. Ofelia Steuber",aurelio.doyle@example.org,"Lake Blaise",61,1998-10-17
"Winston Schamberger DVM",bdeckow@example.com,"Port Adolfohaven",42,1978-12-23
"Dasia Halvorson Jr.",green.tyree@example.net,"Lake Norenemouth",35,2013-02-10
"Prof. Antonio Ankunding DVM",jessica.dicki@example.org,Ewaldborough,33,1985-06-05
"Rosalinda Moen",grady.langworth@example.org,"Lake Naomieview",30,1988-03-15
"Jadyn Hirthe",taya.hill@example.com,"South Keaton",34,2020-07-07
"Tad Schumm",nlueilwitz@example.com,"South Morton",69,1983-03-23
"Brent Dickens Sr.",uframi@example.net,Kingbury,80,2022-03-26
"Miss Belle Ledner",stokes.henriette@example.org,Lorenzaport,53,1976-05-16
"Prof. Edgardo Kulas",macy16@example.com,Marquardtport,42,1995-02-06
"Prof. Meghan Langworth Sr.",garfield96@example.org,"Port Daveburgh",83,2004-03-08
"Prof. Russ Gusikowski",yrippin@example.org,"South Jedidiahmouth",20,1980-09-15
"Kenny Feil",ferry.eula@example.net,"New Jazmyn",42,1976-06-08
"Jacky Hammes",tito.nolan@example.net,"South Alizeview",63,2019-05-26
"Dr. Naomie Langworth",nils.skiles@example.org,Enricoberg,63,1975-04-12
"Dr. Percy Little",ncarter@example.net,Ernserbury,23,1988-06-25
"Frankie Beahan",kstamm@example.net,"South Frankie",67,2020-07-05
"Kayli Jakubowski",mlynch@example.com,Kiarraberg,68,2021-03-06
"Fred Christiansen",dangelo23@example.net,"Lake Benedictmouth",31,2024-01-10
"Hilda VonRueden",dina94@example.org,Gagestad,35,1983-03-26
"Miss Ilene Runolfsson",bennie24@example.net,"New Austenton",59,2002-09-22
"Ward Runolfsson Sr.",rfeest@example.net,"New Kiarra",24,1992-04-27
"Lucy Nicolas Jr.",kziemann@example.net,Parisianberg,33,2004-01-12
"Daphne Goyette V",nokeefe@example.net,Zulaufport,75,1993-05-31
"Mr. Loy Stokes",ritchie.malvina@example.net,Mertzhaven,43,1978-01-04
"Devonte Mante",german.bruen@example.org,"East Albinaville",45,2019-04-23
"Dr. Darian Wisoky",jarod.kub@example.com,McKenziefort,46,1979-02-12
"Prof. Faye Larkin",noble.howe@example.net,"West Olgaport",37,2000-10-18
"Adrain Bernier",dubuque.nikita@example.net,"Lake Muhammadton",50,2017-08-18
"Louisa Blanda",qhalvorson@example.com,"New Juleston",19,2014-07-28
"Dr. Merl Marks",ozella22@example.com,"Port Cesarmouth",75,1975-01-16
"Jamison Zboncak",geo24@example.org,Sibylview,48,1993-10-02
"Dr. Roman Pacocha V",vida68@example.com,"South Luciusside",63,2012-12-30
"Vernie Schultz II",cwuckert@example.com,"North Astridfort",31,1984-06-12
"Prof. Maurice Kreiger IV",patricia79@example.org,Strosinland,61,2024-08-01
"Ms. Shannon Leffler",brandon.dooley@example.com,"North Casper",45,2022-05-20
"Deron Jaskolski",matteo89@example.com,"Port Audreymouth",45,1996-08-08
"Dr. Joe Schumm DVM",clang@example.com,"East Sageville",72,1980-06-13
"Prof. Seth Hand",kellen.toy@example.org,"West Aric",27,1992-04-02
"Hobart Bergnaum",montana.oberbrunner@example.net,Schowalterport,26,1985-06-03
"Jackeline Lubowitz",grimes.mathew@example.org,Cartershire,63,1971-08-22
"Rey Rosenbaum",olson.heaven@example.com,"South Helenefort",46,2001-05-24
"Kim Hand",patsy.roob@example.net,Shemarmouth,31,2012-10-16
"Aisha Brown",kristoffer.bosco@example.net,"South Karlieborough",77,1974-03-06
"Milan Schulist",muller.jayden@example.com,Lionelhaven,43,2009-07-12
"Eduardo Morar",alexis.west@example.org,"New Myrnafurt",75,1994-03-03
"Prof. Niko Krajcik MD",barton.kovacek@example.org,Weldonberg,72,2011-11-18
"Mr. Alfonso Mitchell",leann.luettgen@example.net,Deckowberg,53,1984-10-31
"Daphney Klein",onie.kohler@example.com,Goldaberg,44,1984-03-01
"Miss Katelynn Paucek II",flatley.reta@example.net,Schmidtmouth,49,2008-04-18
"Prof. Zion Pagac Sr.",weber.melba@example.com,Kariannebury,83,1980-10-17
"Fabian Beer",tad96@example.org,Ziemannland,60,2008-01-12
"Edgardo Erdman",emertz@example.net,"New Kaelynside",43,1978-03-14
"Dr. Ellsworth Trantow DDS",candida.monahan@example.com,Bergstromport,56,1995-08-01
"Shaun Bradtke",kling.marvin@example.org,"South Merritt",33,2010-09-05
"Benjamin Lemke",era05@example.net,"South Shemarborough",50,2011-12-11
"Sonia Hahn",leffler.kendall@example.com,Tinashire,61,2017-03-21
"Crystal Bechtelar",bins.mertie@example.net,"West Citlalli",70,1981-08-01
"Prof. Jedediah Grimes",toberbrunner@example.org,Stiedemannshire,21,1986-07-21
"Alessia Olson",cturcotte@example.org,Vivienneshire,82,2000-12-09
"Bradley Rosenbaum",elvera.durgan@example.org,"New Vergiebury",70,2004-03-20
"Marjory White",jaden.flatley@example.net,"North Quinn",67,2009-10-23
"Ms. Henriette Kunde PhD",iokon@example.com,"Port Gracielashire",55,2021-03-17
"Regan DuBuque",pbrakus@example.com,"Port Harrison",28,2023-12-05
"Verdie Reichert",urowe@example.net,"South Ora",84,1992-04-11
"Zoe Robel",cortney64@example.org,"New Earlfurt",38,1987-01-05
"Michelle Kuvalis",leichmann@example.net,"Port Bria",63,2007-01-24
"Prof. Jesus Larson IV",elza.little@example.net,Parkerside,51,2014-05-28
"Kiley Schroeder",bartoletti.danielle@example.org,Balistreriburgh,63,1979-04-19
"Jonathon Metz",mmurray@example.org,Violachester,56,1971-04-01
"Therese Christiansen",berenice.kerluke@example.com,Parisianside,21,1997-03-13
"Krista Borer PhD",cdare@example.org,Erdmantown,37,2019-02-01
"Kaylin Fritsch Jr.",khand@example.org,"New Janeborough",32,1994-09-27
"Delmer Gottlieb",brakus.nelson@example.net,Joaquinberg,69,1980-02-07
"Mrs. Mariela Gibson",von.may@example.net,Pricebury,32,2000-03-05
"Adeline White MD",pollich.freeda@example.net,Karianeside,41,2014-08-26
"Abner Mueller II",alena.tremblay@example.org,"West Eusebioborough",20,1982-09-15
"Aiyana Reynolds III",antwan71@example.net,"North Lazaro",35,2022-07-08
"Claudia McGlynn",shaley@example.org,"East Kalebberg",68,1974-06-22
"Kenny Auer",sylvan.terry@example.org,Harrisonborough,75,1986-01-25
"Mr. Clifford Considine",khalid.williamson@example.com,"West Samirside",52,2019-03-17
"Jacinto Rempel",nya.bogisich@example.org,"Port Efrenville",55,1990-01-01
"Norene Grimes III",sdurgan@example.net,"West Rodtown",26,1990-11-15
"Isaiah Feeney",unolan@example.org,Clinttown,45,2017-06-09
"Joelle Kessler",parisian.dejon@example.net,Norenehaven,77,2021-01-19
"Prof. Demarcus Adams PhD",raphael.murphy@example.com,"North Britneyberg",46,1974-08-25
"Prof. Sabrina Quigley",zelda09@example.net,"Port Demond",32,1986-06-16
"Lukas Jacobson",lysanne08@example.net,"Lake Tevin",84,1982-08-28
"Kyla Rolfson",abdiel35@example.net,"Port Jacyntheberg",21,1998-01-18
"Carey Will",weimann.lisandro@example.org,Ebbahaven,31,1980-09-23
"Miss Geraldine Cole I",kendall.mcdermott@example.com,"New Jed",72,2009-05-11
"Norbert Wisozk",mayra.hegmann@example.com,Jayland,31,1977-02-08
"Amy Stracke IV",katherine11@example.com,"East Adityachester",67,2014-09-14
"Mrs. Virginie Langosh PhD",champlin.cory@example.net,Ofeliaborough,43,2013-02-12
"Scottie Dietrich",nicolas.cheyanne@example.com,Maggiostad,20,2006-09-04
"Prof. Gus Terry III",hollis.okon@example.net,Kaitlinburgh,53,2022-12-22
"Prof. Sidney Mohr",keira.mosciski@example.org,"West Kristy",25,1992-09-23
"Jules Rolfson",lbahringer@example.net,Minervatown,71,2020-05-21
"Norbert Cruickshank PhD",kayleigh.stamm@example.com,Declanstad,48,2015-09-20
"Cedrick Prosacco DVM",obuckridge@example.org,"West Flavio",51,1972-06-19
"Dennis Hegmann",emiliano.terry@example.net,Bashirianborough,60,1983-08-02
"Dr. Hermina Breitenberg",kristian.hauck@example.org,"East Julie",40,1972-03-23
"Dr. Marguerite Bruen I",ckeeling@example.net,Cierrashire,46,2008-03-14
"Ben Welch I",savannah05@example.com,Janisland,73,1992-03-16
"Kris Jacobs Sr.",stehr.skyla@example.net,Janisfurt,29,2011-08-15
"Sammy Strosin",abigayle.keeling@example.com,Pierrefurt,63,2006-06-11
"Name Langworth",floyd.hahn@example.org,Nolafort,50,2021-11-11
"Adan Prohaska IV",ruecker.koby@example.net,Drewchester,42,1983-12-31
"Javonte Bahringer",veum.marcelino@example.com,"East Ryannhaven",49,1976-12-03
"Grace Wilkinson II",domenic.kilback@example.net,Jacquelynview,37,1998-04-17
"Mr. Ernesto Price DVM",dframi@example.net,Rubiebury,55,2017-11-23
"Victoria Feil",mafalda.green@example.net,"West Geovanny",84,1998-05-19
"Aubrey Morissette",janie.cormier@example.org,Parisianburgh,20,2008-10-30
"Prof. Omer Thiel II",effie60@example.net,Klingside,76,1990-01-20
"Dr. Wilbert Kuhic Jr.",shirley.wunsch@example.net,Leannehaven,47,1975-09-20
"Arden Farrell",wolff.russell@example.net,Ziemannview,74,1988-09-28
"Mattie Bradtke",bode.johathan@example.net,"South Gloriabury",83,1978-02-19
"Albina Skiles",fcorwin@example.com,"Lake Laurynfurt",18,1983-10-16
"Eryn Schamberger",kiel.larkin@example.net,Louveniafurt,43,1985-01-16
"Dorian Feest",agustina09@example.net,Roobbury,66,2023-06-15
"Sally Gusikowski",cartwright.may@example.org,Brigittefort,28,2020-12-24
"Chasity Dare Sr.",eichmann.karolann@example.net,"North Louisa",50,2020-07-16
"Mr. Dee Cruickshank V",darryl12@example.net,Romatown,35,1970-10-05
"Mrs. Rebecca Considine",karley33@example.org,Loisville,61,2006-03-26
"Nola King V",amonahan@example.net,Kleinshire,57,2019-06-20
"Drake DuBuque",mraz.nigel@example.org,"North Tiafurt",36,1980-02-03
"Terrence Schneider",hmitchell@example.com,Dollyhaven,30,1997-06-15
"Geovanni Smith",pfeffer.jabari@example.com,Jolieport,71,2007-12-13
"Ms. Lorine Waters",bsteuber@example.net,Brycehaven,52,2002-10-08
"Sean Hayes",dixie.jacobs@example.net,"East Kira",72,1970-05-04
"Jamel Waters",marcelino.bahringer@example.org,"South Loyal",67,1977-12-07
"Christophe Fadel",fschulist@example.net,"South Alessandra",69,1977-02-06
"Hazel Klocko",uupton@example.org,Lolaburgh,25,1976-06-11
"Rogelio Jakubowski DVM",veda20@example.org,Rutherfordchester,41,1980-02-22
"Landen Hills",bruce.dubuque@example.org,"North Jerroldmouth",78,1972-10-25
"Felipa Orn",brekke.norma@example.net,"New Camrontown",23,1999-11-17
"Carmela Stehr",crona.harry@example.net,"West Garret",44,1992-12-13
"Hiram Luettgen Sr.",doyle.nellie@example.net,"South Jamel",45,1985-10-29
"Stephan Reynolds V",scotty.roberts@example.com,"Lake Yvette",47,2016-02-09
"Verdie Blick",gillian13@example.org,Hintzmouth,66,1975-03-07
"Prof. Alexis Bayer IV",mhammes@example.net,"South Toy",81,1978-08-20
"Aisha Hagenes",bartoletti.marisol@example.net,Mullerport,21,1976-12-18
"Jaylan West",brakus.ethyl@example.org,Trishamouth,79,1982-05-03
"Nico Rogahn",arobel@example.org,"West Leta",69,2004-05-26
"Prof. Dino Daniel III",german52@example.org,Winnifredbury,57,1991-11-26
"Mrs. Hailee Torp",ihudson@example.com,Beahanfort,21,2004-08-30
"Marley Hartmann",brook74@example.com,"Port Priscilla",71,1998-11-24
"Mr. Florian Ortiz IV",carolina.kulas@example.org,Shanahanview,58,1989-05-25
"Letitia Paucek",veum.abner@example.net,"Port Elmoreton",49,2019-04-22
"Juston Bruen",tyrique.effertz@example.com,"New Tobin",47,1995-03-20
"Melvina Cremin DDS",ed22@example.com,Champlinbury,66,1977-11-18
"Brandi Gusikowski",kunze.jo@example.com,"North Delores",32,1997-02-15
"Bryon Prosacco",shields.jaqueline@example.com,Goldnerfurt,82,1974-12-14
"Graciela Stark II",ferne92@example.net,Ellashire,72,2019-02-27
"Rudy Harvey",ernestine.batz@example.com,"North Meaghan",34,2020-03-13
"Mrs. Ashtyn Schroeder",javier.dubuque@example.net,"Port Reece",79,1986-10-07
"Dr. Colin Ortiz PhD",zackary.langworth@example.com,"Port Giovani",20,2005-06-07
"Kelton Wuckert",gulgowski.lyda@example.org,"West Quentinview",57,1995-06-26
"Jacquelyn Beatty",sebert@example.com,"North Gerhard",74,2019-10-17
"Miss Alia Bartoletti",rlarkin@example.org,"New Vincefort",45,1994-05-29
"Dr. Jordon Farrell DDS",awelch@example.com,Nikolaustown,52,2024-06-20
"Dr. Adam Parisian Jr.",frederik45@example.net,"South Jena",73,1970-11-16
"Arvid Nikolaus",kreiger.maci@example.net,"Port Koby",25,1971-04-23
"Berneice Ferry",jfranecki@example.org,Lysanneville,26,1998-09-08
"Dr. Joy Lang",reichert.einar@example.net,Sawaynville,41,1970-12-20
"Candelario Thiel",jabari19@example.com,Lucyland,38,1974-03-03
"Willa Gerhold Jr.",breitenberg.eulah@example.net,Michelmouth,27,1978-11-27
"Nellie Reichert",considine.charlie@example.org,"West Zoeyside",34,1982-10-16
"Prof. Clementina Grimes",ibruen@example.net,"New Alejandra",31,1990-08-08
"Retha Denesik",tristian.mosciski@example.org,Francescomouth,19,1980-08-20
"Madelynn Conn",renner.hipolito@example.org,"West Kristinside",83,1976-02-01
"Bethel Olson",hbeier@example.net,"East Sarah",20,2015-04-04
"Adella Bernier",boehm.mollie@example.net,"Port Josianechester",81,1988-02-28
"Alvis Nicolas",rick.nikolaus@example.net,"Port Bennie",85,1985-04-20
"Dr. Lucas Jakubowski",kassandra18@example.net,"Port Brycenside",40,1976-11-25
"Olin Zemlak V",kendra.mckenzie@example.org,Agnesside,49,1974-09-21
"Tracey Ankunding",mayert.ransom@example.com,"West Jesse",56,1970-04-06
"Cordell Keeling",flegros@example.org,"East Mozelleport",50,2016-12-03
"Clifton Doyle",rempel.jalyn@example.org,"North Clarissaport",55,2011-05-08
"Stephania Strosin MD",georgette.keeling@example.net,"Lake Ron",71,1992-05-08
"Dr. Jayde Jones II",araceli.schiller@example.com,Connside,68,2019-05-28
"Adalberto Raynor Sr.",leonardo.bins@example.net,"Port Angelitaborough",22,2023-04-30
"Clementina Wolff Sr.",vivianne.swaniawski@example.com,"North Israelport",57,1988-04-09
"Katelyn Nolan",cara48@example.net,Greenfelderland,73,2010-01-17
"Ines Conn",rebecca96@example.net,VonRuedenville,64,2010-10-03
"Elouise Bradtke",schamberger.elisa@example.net,"Lake Amalia",31,1973-04-08
"Dolly Koepp",brendan.mcglynn@example.org,"North Justina",64,1985-10-03
"Dr. Giovanni Kuhlman DVM",walker.bartoletti@example.net,Collinsview,46,2001-05-14
"Ms. Florence Grady",elisabeth04@example.com,"West Marianefort",68,2022-10-13
"Stacey Blick",margaretta.stroman@example.com,Kesslertown,35,1970-02-15
"Joaquin Hackett",lturcotte@example.net,Laronmouth,63,1977-03-19
"Logan Larson",gaylord40@example.net,"East Kenyattafort",45,2015-08-22
"Deonte Kemmer",emilie.bergstrom@example.org,Schinnerstad,49,1979-07-26
"Holly Muller",trent96@example.com,"South Willa",66,2016-11-30
"Kiarra Goyette",ncorwin@example.com,Santinamouth,72,2005-04-26
"Abbie Monahan",ywalsh@example.net,"East Daniellabury",22,2000-06-17
"Vallie Predovic",nona.lind@example.com,Guyshire,82,1976-12-13
"Ara Ryan",alek29@example.net,Romagueramouth,38,1981-03-11
"Madisen Swaniawski",ldonnelly@example.org,"Port Hiramland",42,2021-06-24
"Stella Stracke",carroll.demetrius@example.org,Morarstad,77,1999-09-25
"Andrew Lebsack IV",janice67@example.org,"South Amayabury",43,2011-05-06
"Reina Botsford",richmond.raynor@example.net,"South Verniechester",39,1995-10-04
"Brandt Rolfson",cartwright.rowena@example.com,"East Ronaldoland",23,1993-10-06
"Prof. Morton Kuhic",bheller@example.com,"North Opheliaville",68,2015-02-03
"Lorine Boyer DVM",cormier.elias@example.org,"New Madelyn",85,1990-09-18
"Felton Hane DVM",rosalind23@example.com,Reicherthaven,63,1986-08-24
"Mrs. Nellie Aufderhar",jaydon87@example.net,"East Biankaberg",61,1998-11-11
"Josiah Eichmann I",sarina81@example.org,Weimannbury,19,2016-01-16
"Dr. Brady Kerluke PhD",loraine.gerhold@example.com,Reynoldstown,18,2005-12-06
"Maybelle Cassin",lindgren.julia@example.org,"Lake Freeda",57,2007-04-02
"Merl Lakin",jada25@example.org,Lonzoshire,84,1979-10-24
"Prof. Efrain Gusikowski",branson.keebler@example.net,Armstrongstad,34,2013-05-22
"Mr. Deshawn Littel",lonnie.renner@example.org,Johannaside,31,1981-01-03
"Mr. Hugh Kulas",akutch@example.net,"South Ninaview",82,2000-10-05
"Michele Beer",hazel60@example.org,"West Annette",33,1979-07-16
"Chet Runolfsdottir",lockman.pearl@example.com,Maximilliatown,25,1975-07-13
"Name Parker",yundt.jaclyn@example.com,"East Phoebeton",54,1984-09-03
"Leilani Beier IV",orin11@example.org,"Port Vincenza",81,1991-01-17
"Helene Moore Jr.",melisa.gibson@example.org,"Lake Abe",71,1970-08-16
"Ms. Belle Labadie",ljohnston@example.org,"New Mollychester",53,1970-11-29
"Juliana Ferry",vito.bergstrom@example.net,Littelberg,42,1993-07-13
"Corbin Strosin",dibbert.lue@example.net,"New Hayden",24,1987-01-13
"Miss Aniyah Wolf MD",goodwin.frederick@example.net,"North Ursula",66,1970-11-22
"Otilia Hammes DDS",delphine91@example.net,"East Daishaview",64,1976-05-13
"Ms. Mozelle Funk",oswald20@example.com,Halvorsonberg,29,1994-08-31
"Vern Schiller",sanford.helmer@example.com,"East Carmella",46,1979-08-08
"Elmo Bruen",runte.henry@example.com,Ornview,80,1999-12-22
"Natasha Emmerich",johns.elva@example.com,Chaddchester,44,1989-07-03
"Lina Dibbert",providenci11@example.net,"Lake Mabellehaven",36,1988-04-17
"Dr. Sibyl Olson IV",brittany83@example.com,Angelinaburgh,49,2019-11-14
"Rhiannon Skiles",fmitchell@example.net,"West Christine",54,1977-10-09
"Paris Leuschke",qmitchell@example.com,Nevastad,56,2006-12-09
"Oliver Schultz",hilpert.wallace@example.net,Robelville,85,2024-04-06
"Miss Gina Hudson",shaun43@example.net,"South Brayanshire",59,1992-01-23
"Arden Robel",snolan@example.com,Hansenview,47,2019-11-11
"Georgette Hartmann",lenore.kuhic@example.org,"New Ursulaborough",42,1973-07-04
"Bridget Schoen",nicholaus.lubowitz@example.com,Noeliaburgh,35,2017-11-15
"Ms. Ciara Bogan",gibson.forrest@example.org,Vonland,58,1973-03-23
"Bryon Wilderman",tmann@example.net,"East Rickieborough",52,1972-02-18
"Alayna Emard",xwehner@example.com,Uptonton,41,1976-02-02
"Peyton Breitenberg",margarett46@example.org,Cletatown,57,1978-12-05
"Roman Conroy",johns.alejandra@example.com,"West Margarete",69,2007-11-16
"Prof. Kirk Lockman Jr.",hrobel@example.com,"East Abrahamfurt",20,1997-04-28
"Mr. Rylan Donnelly",twitting@example.net,"South Alanborough",29,1989-08-15
"Daryl Kemmer",utowne@example.com,Shyanneborough,35,1989-09-26
"Kylee Little V",iherzog@example.net,"New Kamron",78,1977-05-11
"Mr. Robb Kshlerin",sydnee.king@example.com,Hackettton,30,1973-02-25
"Kaylee Hamill",ulittle@example.net,Bahringerbury,40,1971-09-14
"Mona Jacobs DVM",annie64@example.net,Rueckerchester,44,2012-06-26
"Prof. Junius Bogan II",magnolia67@example.org,"South Estell",85,2013-06-26
"Tanya Funk",terrell.stokes@example.net,"Port Chanellefurt",54,2020-03-26
"Ahmad Connelly",bfarrell@example.org,"North Shayneshire",22,1996-09-05
"Kirsten Trantow",econn@example.com,Eratown,31,2022-07-20
"Grayce Lynch III",dhudson@example.org,"West Irving",66,2019-09-08
"Madelynn Nader",percy81@example.org,"West Dorian",50,2012-05-25
"Miss Sabryna Russel PhD",edwina.dubuque@example.com,Cassinton,33,1991-02-09
"Prof. Mark Heaney DVM",dayana56@example.com,Wisozktown,78,1985-02-26
"Bart Ratke",anastacio.jast@example.com,Eladiohaven,21,1987-11-29
"Destin Sporer PhD",shaun76@example.com,Runolfssonborough,39,1995-04-01
"Mr. Hardy Purdy Jr.",homenick.ubaldo@example.com,Clementineborough,82,2022-04-08
"Uriel Rogahn",orlando38@example.org,"East Kellieview",48,2018-08-24
"Mr. Carmel Altenwerth III",murray85@example.net,"Lake Joey",68,2009-11-05
"Dr. Lue Koch DVM",delfina.kunze@example.net,Adelberthaven,55,2005-04-21
"Hilario Grady",heathcote.caterina@example.net,"West Cicero",74,1995-11-14
"Prof. Arlo Orn",verner.kerluke@example.net,"South Julien",39,2003-11-24
"Prof. Peyton Hintz Jr.",casey36@example.org,Malikaville,35,1972-08-13
"Mrs. Ardith Ullrich II",aziemann@example.net,"Port Mayaborough",62,2016-04-28
"Aniya Ratke",eric.bartell@example.com,"Port Jude",38,1997-12-21
"Gretchen Oberbrunner III",toy.hellen@example.net,Jaidenfort,84,1994-05-03
"Brandyn Bauch",everette.kerluke@example.org,Jadeville,60,2018-03-15
"Tara Hackett PhD",wdicki@example.org,Jerrodbury,83,2024-09-20
"Manley Schneider",ovandervort@example.com,"Port Monroe",72,2019-02-13
"Mr. Keyshawn Ferry V",nokeefe@example.com,"New Emely",67,2005-12-02
"Lessie Nikolaus DDS",kutch.layne@example.com,"New Luisa",52,1990-05-17
"Nathen Abbott",kaitlin.tromp@example.com,Handport,69,1975-12-06
"Jenifer Ferry",newell.mayer@example.com,Gorczanyfort,30,2007-01-27
"Prof. Merlin Beahan",edd48@example.com,Khalidchester,40,1979-02-09
"Mr. Benny Bechtelar Jr.",twiegand@example.com,"New Madalynview",46,2014-05-18
"Cornelius Koepp",qblanda@example.com,"Lake Estell",75,2015-11-01
"Dr. Odell Schuppe",qwalsh@example.com,"New Lolita",23,1970-04-16
"Mr. Domenick Miller V",mohamed44@example.com,Darrickbury,53,1971-04-11
"Miss Barbara Reichert III",osimonis@example.net,"North Laila",63,2015-11-29
"Prof. Aletha Russel MD",rowe.abigail@example.net,"West Elsa",24,1994-01-09
"Rex Dare",olang@example.net,Dayanaview,26,1980-10-08
"Mr. Braxton Kunde Sr.",lakin.karson@example.net,"South Elmo",69,2015-07-26
"Vladimir Spinka",olson.jayme@example.net,Eloisefurt,32,1976-03-07
"Ms. Shanel Hammes III",rippin.xzavier@example.org,"Port Richardtown",40,2021-10-12
"Paris Gislason Sr.",kbaumbach@example.net,Nicolasstad,74,1995-08-01
"Lea Satterfield",wisoky.mireille@example.com,Floridatown,24,2020-09-30
"Yasmin Schoen",alek88@example.com,Loweville,36,1999-07-14
"Dr. Thea Greenholt IV",lpagac@example.com,"New Sylvanbury",22,1988-10-28
"Guillermo Osinski",yswift@example.com,Magnoliafurt,66,2010-06-27
"Shemar Berge",lemke.devonte@example.net,"North Estherchester",48,1988-08-31
"Miss Augustine Schaefer",sidney51@example.net,"West Norris",60,1986-06-06
"Mr. Randal Ullrich",hegmann.vern@example.org,Crystelburgh,38,1970-12-09
"Etha Ritchie",lynch.gabe@example.org,Alisonshire,71,2005-09-12
"Prof. Alisha Rutherford",shawn13@example.net,Hermannview,32,2006-09-26
"Dante Yundt",jovany94@example.net,"West Mallory",52,2000-10-08
"Prof. Earnestine Wisozk",mbergstrom@example.net,Marvinhaven,43,2013-07-24
"Juston Shields",bconn@example.org,"South Makenziefurt",24,2020-11-09
"Jaydon Bechtelar II",zoila88@example.net,Hegmannshire,54,1983-08-20
"Nicklaus Fisher",norris.lind@example.net,"New Sierra",35,2022-11-09
"Nikolas Wolff",dave.murray@example.org,Isabelleland,44,1995-01-01
"Tressie Blick",olga.wisozk@example.org,Alexandreafurt,38,2005-04-22
"Prof. Terence Kilback PhD",durgan.elmira@example.net,"West Clyde",82,1995-08-29
"Chris Gleichner",lora20@example.org,"Lake Okeyfurt",43,2002-01-15
"Mrs. Willa Kirlin",tobin46@example.net,Kohlerhaven,63,1994-10-30
"Danika O'Connell",randal40@example.org,Medhurstfurt,78,2012-01-17
"Pinkie Nienow",marlen48@example.com,"Lake Shania",57,1989-11-24
"Kianna Jacobs",eula.crona@example.org,"West Tremaine",31,1977-09-20
"Murl Dicki",dustin10@example.org,Tysonfort,67,1971-07-16
"Miss Candice Reichert IV",okuneva.amber@example.com,Benjaminton,18,2024-10-05
"Mikel Simonis",ferne.lynch@example.net,Jadastad,80,2002-01-12
"Marguerite Ankunding II",uoberbrunner@example.com,"East Kiaramouth",63,2004-09-21
"Mozelle McLaughlin PhD",xrussel@example.com,"South Alanis",64,2003-06-03
"Jonas Daugherty",ima.blanda@example.net,Chesleyburgh,25,1985-11-17
"Neoma Russel",lambert.shanahan@example.com,"North Cordelia",80,2010-02-01
"Mrs. Liana Lindgren Jr.",xfeil@example.net,Angelview,25,2016-05-08
"Jeremy Shields",conner.goldner@example.net,Kuhlmanshire,23,1989-01-04
"Jeanie Legros",abdiel.gulgowski@example.com,"East Michelle",70,1970-07-23
"Kiara Sipes",jean03@example.net,Helenemouth,55,1992-09-18
"Shad Olson",orin21@example.com,"North Doris",18,1990-06-09
"Harvey Hills",ines.fahey@example.net,Brownbury,68,1986-01-12
"Concepcion Stamm",carmella10@example.net,"South Monicamouth",72,1976-08-30
"Dr. Zoila Daugherty DDS",yferry@example.org,"Lake Leslie",34,1992-08-01
"Alena Ankunding DDS",adam85@example.net,"New Allenville",49,1977-09-22
"Prof. Sedrick Goldner Jr.",jordane36@example.org,"New Wilbertshire",70,1988-02-26
"Friedrich Cremin DDS",eleanora.erdman@example.org,"West Simone",54,1991-05-08
"Ole Runolfsson",turcotte.cortney@example.com,"East Sage",22,1989-12-11
"Angelica Hoeger",kiehn.edison@example.net,Brekketon,42,2002-08-18
"Mrs. Burdette McLaughlin",devan66@example.com,"East Hanna",33,1978-03-15
"Mina McClure Jr.",schiller.loma@example.org,Bridgetton,43,1984-02-19
"Faustino Stiedemann",jewel.powlowski@example.net,"Lake Lottie",21,1993-11-15
"Meta Hintz",mason57@example.org,Borermouth,41,1996-07-28
"Kallie McDermott",knikolaus@example.com,Hudsonstad,71,2021-05-13
"Arianna Braun",nick.rosenbaum@example.com,Bergstrombury,77,1996-09-22
"Ms. Kaya Considine",pbeer@example.org,Baronhaven,31,1971-09-11
"Prof. Rhiannon Padberg",hagenes.alejandra@example.com,Ezraborough,20,1974-12-24
"Colby Thiel",alyson25@example.org,"South Fleta",31,2018-02-10
"Eduardo Little MD",sam82@example.com,Watersville,43,1980-05-24
"Josephine Nienow MD",jamaal21@example.com,"Lake Marvinhaven",63,1975-02-26
"Darrick Hagenes",greenfelder.madonna@example.com,"South Rebeka",60,1990-10-05
"Forrest Steuber",ycassin@example.net,"New Merleside",73,1995-10-23
"Joany Herzog",oaltenwerth@example.com,Nathanport,58,1994-09-01
"Pascale Hyatt",ernser.cathrine@example.net,Myrabury,65,2018-08-19
"Nya Goodwin Jr.",agnes23@example.com,Hegmannview,25,2007-01-06
"Dimitri Bauch MD",jessica14@example.org,"South Violaview",60,1973-10-18
"Sammy White",lemke.ricardo@example.net,"Port Margaretemouth",39,2020-02-15
"Johanna Kihn",feeney.juana@example.com,"West Skylarfort",83,1985-05-08
"Letha Mante",qharber@example.com,"Port Petra",80,2004-12-17
"Sadye Green",ocie.hartmann@example.com,"West Ephraim",70,1999-09-26
"Jaylin Maggio",vladimir.treutel@example.com,Feestport,68,1990-12-06
"Ms. Alvina Hessel Jr.",okuneva.catalina@example.org,Ryanmouth,50,2007-03-23
"Tina Simonis",judy.volkman@example.com,Jacobihaven,52,1990-02-10
"Rudolph Keeling",kaya.rosenbaum@example.com,"Port Meaghanton",33,1996-05-17
"Ms. Makenzie Deckow",hamill.jamar@example.net,Heathcoteville,19,1980-03-14
"Eloise Monahan",mkuvalis@example.org,"Port Wilmer",30,2013-02-12
"Kaleb Ruecker",kelli09@example.net,"East General",42,2015-02-02
"Donny Hermiston",gutkowski.eudora@example.net,"Lake Hudson",55,2013-02-17
"Astrid McCullough",alvena93@example.net,"South Skyla",66,1983-09-08
"Andreanne Weissnat Jr.",ayden58@example.org,"South Marcelofurt",64,1977-11-06
"Louvenia Runolfsdottir V",rdenesik@example.com,"New Shainatown",29,2014-02-14
"Florian Dicki",frederique.anderson@example.net,"Lake Keventown",85,1989-12-28
"Lucie Hahn",corine79@example.net,"West Parkerville",28,2015-08-01
"Sage Herman",murphy.douglas@example.com,"West Lucyport",85,2022-06-30
"Dr. Erna Toy PhD",considine.glennie@example.net,"South Darrin",52,1997-10-04
"Alex Lowe",hthiel@example.com,Simonisview,80,2007-12-16
"Lyda Roob",tbernier@example.net,Krishaven,68,1989-12-23
"Augustus Leffler DDS",emil58@example.org,Vonburgh,80,1986-06-12
"Leann Baumbach",hagenes.john@example.net,Prohaskabury,62,1977-05-03
"Emory Leffler",archibald.herman@example.net,Hammesmouth,82,2002-02-10
"Vergie Larson",marietta.rice@example.org,"Port Shanelbury",81,1986-06-21
"Ms. Vida Koss Sr.",pouros.dawson@example.com,Cummingschester,43,1988-11-21
"Glennie Tillman",mikayla.stoltenberg@example.com,Reillyfurt,40,2012-12-01
"Ms. Eloise Rutherford",fwhite@example.com,"North Julianneburgh",30,1978-05-27
"Prof. Karen Gutkowski",leo.stamm@example.com,Rodolfoborough,68,1991-11-20
"Judah Huel",ngoodwin@example.org,"South Jerrold",39,1993-08-05
"Lauriane Ebert PhD",leannon.hugh@example.net,"Lake Wilfredoburgh",83,1971-02-18
"Cara Kuhlman",kosinski@example.com,Keeblerport,26,2012-07-07
"Dr. Obie Kirlin IV",iritchie@example.com,Gibsonmouth,52,2011-07-11
"Angie VonRueden",jean28@example.org,Deannastad,34,1977-02-01
"Mr. Waylon O'Reilly DDS",leda.rau@example.net,Demetriusview,22,1983-07-12
"Mr. Jovany Daugherty II",augustus04@example.com,"East Soledad",25,2018-06-13
"Percy Kilback",herman.fabiola@example.com,"West Schuyler",83,1990-12-10
"Demetris Harber",dicki.raymond@example.net,"West Agustina",20,2002-03-10
"Dr. Anibal Harber",bbeier@example.com,Smithton,51,1986-08-27
"Marie Dare",darien.ruecker@example.net,"East Robynstad",23,2009-09-25
"Curt Ruecker PhD",hettinger.sister@example.com,"North Shemar",32,1978-02-09
"Lennie O'Keefe",ila51@example.com,Colinborough,79,1987-04-13
"Zachery Gibson",johns.deja@example.com,Armstrongbury,79,1999-09-25
"Tyshawn Runte",kassandra51@example.com,"East Kirstin",61,2009-02-01
"Prof. Velva Feeney",meredith.hahn@example.net,"South Mckayla",48,2004-11-25
"Chance Marvin",jamar.rutherford@example.net,Baumbachshire,45,1986-06-07
"Elda Gaylord",caterina.stoltenberg@example.net,"East Elyssa",81,2000-07-08
"Jesus Ward",robin.von@example.org,"West Kassandra",32,1984-01-17
"Dudley Hane",rath.daniela@example.org,Domenicport,48,1976-05-06
"Grayson Welch",kali69@example.com,"West Addiefort",65,1991-08-15
"Delphine Rau",mikayla.koss@example.net,Isacport,20,1999-05-20
"Katheryn Littel",audra.lindgren@example.com,Rogersberg,77,1991-05-20
"Franco Blick",evans.kutch@example.org,Braxtonside,31,1997-12-23
"Vella Sipes",runolfsdottir.emile@example.com,Donnellystad,80,1985-11-06
"Ettie Smitham",stokes.katelynn@example.net,"North Mariettaberg",61,2001-12-23
"Tracy Grant",raymond.steuber@example.org,"East Corneliusshire",77,1985-10-27
"Mrs. Eryn Douglas",gaetano87@example.org,"East Harryhaven",37,1988-01-10
"Maybelle Beer",alexie.dicki@example.net,Dwightton,19,1997-01-07
"Mrs. Zita Miller",dickens.amy@example.net,Gerlachburgh,24,1998-01-02
"Julio West",oharris@example.org,Jarvishaven,50,1995-02-04
"Mckenzie Brakus",lempi91@example.org,"North Grayce",57,2012-01-14
"Bailey McKenzie",joany61@example.com,Lucieburgh,63,2010-05-27
"Ernest Homenick",murray.eleanora@example.com,Marleestad,76,1978-03-05
"Prof. Lue Schaefer I",alexandro.cormier@example.net,"New Rico",67,2018-02-07
"Raegan Paucek IV",eldora31@example.com,"Port Manuelachester",57,2017-08-12
"Aracely DuBuque",lurline81@example.net,"West Jerelchester",64,2010-04-06
"Ephraim Torp",borer.tierra@example.org,"West Carley",35,2023-01-27
"Adeline Strosin Sr.",vledner@example.org,"North Lanceberg",76,1972-07-02
"Peggie Johnston",billie.schaefer@example.org,Alethaton,40,2009-06-01
"Joey Thompson",bertha43@example.com,Josianehaven,47,1983-07-28
"Prof. Rubye Labadie V",bednar.jeff@example.org,"West Mckenna",83,2024-04-29
"Jedediah Farrell",domingo93@example.net,Mannbury,80,1979-05-11
"Prof. Nathan Smitham II",drake.batz@example.net,"West Ettieton",30,2012-07-16
"Mrs. Alexandria Rempel IV",kupton@example.net,"Port Adelinebury",62,1984-02-24
"Brody Runolfsson",kling.birdie@example.net,Altheafort,78,1990-03-02
"River Becker",leonard59@example.org,Isaiahchester,78,1987-07-31
"Lavern Ebert",oberbrunner.yoshiko@example.net,Luluport,79,2011-11-15
"Avis Kassulke III",milo.rodriguez@example.net,"New Eryn",22,1991-08-20
"Joel Dietrich",nmayer@example.org,Gabrielfort,61,2003-05-02
"Cara Franecki",robel.jovanny@example.org,Barneyfurt,30,2017-11-26
"Lois Mosciski",nelson34@example.net,"New Mandy",61,1970-05-29
"Gabe Haley",calista89@example.com,"New Lacy",35,2005-10-11
"Vicenta Gusikowski",heloise66@example.com,Jacebury,25,2007-09-04
"Dr. Martin Balistreri",obosco@example.net,Morissetteside,20,1971-11-06
"Ignatius Baumbach",griffin32@example.com,"North Estherborough",21,2019-06-21
"Hubert Hoppe",tevin10@example.org,Schulisthaven,77,1973-05-08
"Lorenz Kuhlman",alessandra.goldner@example.org,"South Gunner",83,1982-11-01
"Dr. Art Quitzon II",michale87@example.com,"New Javon",34,1987-01-07
"Mrs. Kaitlyn West PhD",gloria.schoen@example.com,Wardport,48,1979-05-20
"Miss Gia Yost II",eliane05@example.org,"South Deangeloborough",72,1971-05-14
"Moshe Kassulke",garry.lowe@example.net,"East Kearaton",71,2023-02-08
"Oleta Tromp",lubowitz.danyka@example.net,"Port Amanda",63,1972-01-22
"Heloise Ortiz",steuber.carolanne@example.net,Lednerfurt,21,2002-10-20
"Tania Padberg",xernser@example.org,Thelmafort,58,1984-09-05
"Mariah Koelpin DDS",shaylee33@example.com,"South Kari",73,1982-12-26
"Dr. May Kuhic V",xgislason@example.org,"East Rasheedborough",55,2005-06-07
"Gina Wuckert",zrippin@example.org,"West Delaneystad",33,1989-09-29
"Dr. Fausto Emmerich",anabelle36@example.net,Blancheshire,67,2015-09-08
"Dina Satterfield",lonny.stanton@example.org,"East Gaylord",40,1990-10-05
"Payton Fadel",dhintz@example.org,Brodybury,68,2005-01-22
"Ms. Layla Boehm",qframi@example.net,"North Cloydfurt",52,1994-05-04
"Kellen Hyatt",elias84@example.com,"East Berneice",26,1970-10-01
"Kallie Carroll",skyla64@example.com,"New Richmond",84,2024-04-03
"Johann Metz",afton.kovacek@example.com,Olgamouth,22,2000-05-19
"Prof. Marianna Hahn",stacy.towne@example.org,Hartmannmouth,82,1970-06-30
"Peyton Williamson",tiara37@example.com,Wardton,83,1970-12-16
"Jalyn Roob",eblanda@example.net,"Lake Garrickville",20,1978-10-01
"Corene Keeling",legros.kali@example.com,"South Jayce",71,2005-10-18
"Grayce Kohler MD",toy15@example.org,Isabellaberg,76,2006-03-15
"Henry Crona",sanford.jude@example.com,Botsfordport,54,1985-09-15
"Olin Klocko",hoeger.madonna@example.com,Bauchside,81,1994-12-21
"Prof. Darwin Rice",mariana55@example.org,Bradtkeport,70,1998-07-28
"Prof. Amanda Cummings",vswaniawski@example.com,"East Shyannbury",46,1983-03-19
"Brycen Johns",victoria92@example.net,"North Kallieside",57,1993-08-18
"Skylar Cronin DVM",davis.shemar@example.com,Luisafort,37,1972-10-28
"Casimer Aufderhar DVM",verla10@example.org,"Lake Thurman",27,2005-04-14
"Romaine Boyer",nkuphal@example.net,"West Angelitaside",69,1986-10-23
"Margret Gleason",desmond60@example.net,Lacybury,50,1993-03-03
"Mr. Amani Durgan",murphy.corene@example.net,Gusikowskichester,76,2007-10-10
"Teagan Beatty",richie.durgan@example.com,"New Amara",41,2010-03-03
"Mr. Samson Purdy III",sophia.runolfsdottir@example.org,Reynoldsland,62,2005-06-24
"Ms. Reva Goodwin V",aharber@example.net,"New Lilliehaven",36,1998-03-04
"Holly Torphy",tatum.wintheiser@example.org,Welchburgh,18,1984-02-03
"Dante Carroll",rbrown@example.com,Duanehaven,36,2024-10-17
"Madelynn Buckridge",syble59@example.org,"New Orlo",28,1992-05-22
"Jany Kemmer",zlowe@example.org,"New Janaemouth",46,1972-04-27
"Susana Hodkiewicz",glenda96@example.net,"New Christiana",63,2022-07-11
"Cordie Murphy",orn.evan@example.org,Kassandrafurt,33,2007-03-05
"Alexander Cormier",klocko.harrison@example.net,"West Osvaldofort",60,1985-11-26
"Mr. Melvina Reichel",ibrekke@example.org,"Lake Ashleybury",43,1978-04-04
"Leatha Crist IV",zschmitt@example.org,"Lake Blaze",63,2013-01-06
"Athena Cartwright MD",amoore@example.net,Reichelfort,76,1994-11-10
"Zack Johns",keebler.vilma@example.com,"New Omarihaven",30,1997-07-16
"Savion Connelly",mccullough.ellsworth@example.org,"North Jailynport",78,2006-10-14
"Lela Mosciski",oswaldo16@example.net,Kallieburgh,28,1986-04-08
"Kaleigh Hansen",bobbie08@example.com,Martinahaven,73,1989-11-05
"Blaise Jenkins",santino45@example.net,"West Mckaylafort",62,2017-12-12
"Kamryn Klein",waelchi.ursula@example.net,Kutchberg,50,1972-04-12
"Remington Champlin DDS",emann@example.net,"South Kenyatta",60,2021-10-10
"Marcelino Purdy",utoy@example.com,Bergechester,72,1995-02-20
"Delia Jakubowski",dayton41@example.net,Jenniferside,44,1995-08-23
"Timmothy Considine",rcummings@example.org,"Lake Cornellborough",44,1978-04-19
"Mrs. Maybelle Keeling",hallie.koss@example.net,"North Burleyberg",72,1970-08-24
"Melyssa Runolfsdottir",weimann.golda@example.com,Schummburgh,70,1984-10-19
"Derek Grady",kurt02@example.org,"East Kurt",32,1984-01-09
"Estefania Weber",koss.rod@example.net,"West Jalenfort",76,2008-10-24
"Prof. Shany Ratke IV",catharine00@example.com,Augustahaven,61,2000-04-20
"Una Nitzsche I",sibyl49@example.net,Callieborough,56,1994-11-15
"Prof. Estevan Mueller",iweber@example.com,Gleasonland,64,1971-03-30
"Jacky Hessel",lonny.goodwin@example.com,"North Jacques",73,1989-04-30
"Ms. Emily Marquardt",bergstrom.zetta@example.com,"South Nelsonport",82,2017-06-20
"Dr. Jasper Rolfson IV",emohr@example.net,"East Anne",82,1994-11-16
"Vincenza Goldner",toby.carroll@example.net,"Lake Richardfort",32,2005-05-13
"Prof. Michel Kreiger",casper.javon@example.net,"Lake Altheashire",56,1981-11-04
"Dr. Eliseo Bayer IV",caleb32@example.net,"New Sashashire",52,2014-08-31
"Mr. Lennie Balistreri",lon.spinka@example.com,Elodyland,75,1974-10-22
"Emma Tremblay",collins.devonte@example.com,"Port Samanta",59,1998-11-29
"Issac Rutherford",lina.mccullough@example.com,"East Luis",39,1977-12-22
"Henderson Leffler",wwaters@example.org,"West Elnorahaven",51,1982-07-18
"Mrs. Jannie Fay PhD",marshall61@example.com,Frederickbury,43,2014-10-07
"Miles Eichmann",nbogan@example.net,Considineton,73,1977-07-12
"Miss Alva Welch",balistreri.pascale@example.net,"New Sylvanfort",26,2001-10-18
"Jermey Lowe",jody74@example.com,"North Krystelfort",37,1973-08-29
"Marilou Gutmann",gutkowski.dedrick@example.org,Myrtisport,24,1993-10-17
"Stevie Hermiston",sipes.timothy@example.com,Moenside,23,2014-05-01
"Nettie Wilderman Sr.",blaze52@example.com,Blickburgh,48,1987-12-28
"Adrianna Dach",reichel.madyson@example.com,Caterinahaven,82,2023-07-12
"Dr. Ashlynn Beier III",raegan.rippin@example.org,Lavonneland,24,2000-06-04
"Marilie Pfannerstill",anibal.gutkowski@example.net,Weberburgh,39,2012-01-08
"Elias Mann",mconroy@example.org,"East Angelaborough",27,1983-04-27
"Miss Jessyca Sawayn",pamela89@example.com,"Lake Clairtown",40,2005-09-23
"Carson Wisoky PhD",vkling@example.net,"North Shayne",46,2002-11-09
"Bette Connelly",xosinski@example.org,Rexshire,20,1997-07-14
"Mr. Edgardo Hills V",durward01@example.com,"North Jazminland",63,2003-11-29
"Sallie Hane V",carlotta09@example.com,"Lake Durward",23,1994-02-05
"Hermina Halvorson",dock12@example.org,Lefflerbury,44,1983-06-07
"Dr. Sheila Rosenbaum",lboyer@example.net,"East Jennifer",32,1988-01-20
"Mr. Lamar Reichert V",dianna.huels@example.net,Borerbury,70,1973-11-25
"Benjamin Davis",brent.barton@example.org,"East Camrenmouth",82,1994-12-15
"Margaretta Carter PhD",phyllis99@example.com,"Port Nicole",38,1981-11-13
"Dr. Laron Dach DVM",dschiller@example.org,"East Petra",60,2016-05-16
"Darian Brown Jr.",timothy.anderson@example.org,"Lake Titus",78,1981-07-08
"Mrs. Abigale Cummerata IV",jannie24@example.net,"New Amaya",31,2003-08-27
"Mabel Larkin",metz.abbey@example.org,Princessland,44,2002-12-30
"Queen Johnson",bernice49@example.org,"Lake Madie",77,2006-09-14
"Joyce Carroll",ewald.nitzsche@example.net,"New Golda",60,1990-06-22
